wavelength_nm,aperture_flux,aperture_error,pabeta_continuum,pabeta_continuum_subtracted,pabeta_model,pabeta_residual,pagamma_continuum,pagamma_continuum_subtracted,pagamma_model,pagamma_residual
970.3180286160205,296.8035501241684,9.839139224880993,600.9483745961938,-304.14482447202545,0.0,-304.14482447202545,558.0134766707404,-261.209926546572,0.0,-261.209926546572
970.9540286276024,287.6049749851227,5.480524858983202,600.5239114353268,-312.9189364502041,0.0,-312.9189364502041,556.9213907316894,-269.3164157465667,0.0,-269.3164157465667
971.5900286391843,264.66578310728073,4.879245690500725,600.0994482744597,-335.433665167179,0.0,-335.433665167179,555.8293047926386,-291.16352168535786,0.0,-291.16352168535786
972.2260286507662,276.23150968551636,5.151450612111554,599.6749851135927,-323.44347542807634,0.0,-323.44347542807634,554.7372188535876,-278.50570916807123,0.0,-278.50570916807123
972.8620286623482,266.7814733982086,5.136221351038696,599.2505219527256,-332.46904855451703,0.0,-332.46904855451703,553.6451329145366,-286.86365951632797,0.0,-286.86365951632797
973.4980286739301,265.76673412323,6.260902137450203,598.8260587918586,-333.0593246686286,0.0,-333.0593246686286,552.5530469754856,-286.7863128522556,0.0,-286.7863128522556
974.134028685512,295.1833984851837,6.0038971360897015,598.4015956309916,-303.21819714580784,0.0,-303.21819714580784,551.4609610364348,-256.2775625512511,0.0,-256.2775625512511
974.770028697094,287.43314492702484,5.634488649214834,597.9771324701245,-310.54398754309966,0.0,-310.54398754309966,550.3688750973838,-262.93573017035897,0.0,-262.93573017035897
975.4060287086759,280.88336086273193,5.706341495512226,597.5526693092575,-316.6693084465255,0.0,-316.6693084465255,549.2767891583328,-268.39342829560087,0.0,-268.39342829560087
976.0420287202578,276.9270305633545,5.408231243085349,597.1282061483904,-320.2011755850359,0.0,-320.2011755850359,548.184703219282,-271.25767265592754,0.0,-271.25767265592754
976.6780287318397,295.723197221756,5.292015477273293,596.7037429875234,-300.9805457657674,0.0,-300.9805457657674,547.092617280231,-251.36942005847504,0.0,-251.36942005847504
977.3140287434217,275.2948155403137,5.577252720762166,596.2792798266563,-320.9844642863426,0.0,-320.9844642863426,546.00053134118,-270.7057158008663,0.0,-270.7057158008663
977.9500287550036,293.94584411382675,5.55916385915235,595.8548166657893,-301.9089725519625,0.0,-301.9089725519625,544.908445402129,-250.96260128830227,0.0,-250.96260128830227
978.5860287665855,315.9467577934265,6.397767875966353,595.4303535049222,-279.4835957114957,0.0,-279.4835957114957,543.8163594630782,-227.86960166965173,0.0,-227.86960166965173
979.2220287781674,285.28446865081787,5.251722350944321,595.0058903440552,-309.7214216932373,0.0,-309.7214216932373,542.7242735240272,-257.43980487320937,0.0,-257.43980487320937
979.8580287897494,285.55663311481476,5.367771312979303,594.5814271831881,-309.02479406837335,0.0,-309.02479406837335,541.6321875849762,-256.0755544701615,0.0,-256.0755544701615
980.4940288013313,305.1391839981079,5.317342275943448,594.1569640223211,-289.01778002421315,0.0,-289.01778002421315,540.5401016459255,-235.40091764781755,0.0,-235.40091764781755
981.1300288129132,413.47827219963074,15.469073577274255,593.732500861454,-180.25422866182328,0.0,-180.25422866182328,539.4480157068745,-125.96974350724372,0.0,-125.96974350724372
981.7660288244952,315.30657052993774,5.116016888431274,593.308037700587,-278.0014671706492,0.0,-278.0014671706492,538.3559297678235,-223.0493592378857,0.0,-223.0493592378857
982.4020288360771,293.6395721435547,5.194740713472855,592.8835745397199,-299.24400239616523,0.0,-299.24400239616523,537.2638438287727,-243.624271685218,0.0,-243.624271685218
983.038028847659,309.7370653152466,4.898361983497608,592.4591113788529,-282.7220460636063,0.0,-282.7220460636063,536.1717578897217,-226.4346925744751,0.0,-226.4346925744751
983.6740288592409,294.93153738975525,4.664969097388837,592.0346482179858,-297.10311082823057,0.0,-297.10311082823057,535.0796719506707,-240.14813456091542,0.0,-240.14813456091542
984.3100288708229,300.517870426178,4.777848190888302,591.6101850571188,-291.0923146309408,0.0,-291.0923146309408,533.9875860116197,-233.4697155854417,0.0,-233.4697155854417
984.9460288824048,315.6744120121002,4.450804354638076,591.1857218962517,-275.5113098841515,0.0,-275.5113098841515,532.8955000725689,-217.22108806046867,0.0,-217.22108806046867
985.5820288939867,304.6377155780792,4.5546358435441885,590.7612587353847,-286.12354315730545,0.0,-286.12354315730545,531.8034141335179,-227.16569855543867,0.0,-227.16569855543867
986.2180289055686,350.1562614440918,4.709425746927374,590.3367955745176,-240.18053413042583,0.0,-240.18053413042583,530.7113281944669,-180.5550667503751,0.0,-180.5550667503751
986.8540289171506,342.60064578056335,4.389782051543813,589.9123324136506,-247.31168663308722,0.0,-247.31168663308722,529.6192422554161,-187.01859647485276,0.0,-187.01859647485276
987.4900289287325,322.00873613357544,4.265333862844938,589.4878692527835,-267.4791331192081,0.0,-267.4791331192081,528.5271563163651,-206.51842018278967,0.0,-206.51842018278967
988.1260289403144,309.20395398139954,4.3392710457869255,589.0634060919165,-279.85945211051694,0.0,-279.85945211051694,527.4350703773141,-218.23111639591457,0.0,-218.23111639591457
988.7620289518964,288.8167507648468,4.104277916888222,588.6389429310494,-299.8221921662026,0.0,-299.8221921662026,526.3429844382631,-237.5262336734163,0.0,-237.5262336734163
989.3980289634783,299.2852957248688,4.1457311901138025,588.2144797701824,-288.9291840453136,0.0,-288.9291840453136,525.2508984992123,-225.96560277434355,0.0,-225.96560277434355
990.0340289750602,297.15685844421387,4.1056490574485975,587.7900166093153,-290.63315816510146,0.0,-290.63315816510146,524.1588125601613,-227.00195411594746,0.0,-227.00195411594746
990.6700289866421,302.6548705101013,4.014467831091976,587.3655534484483,-284.71068293834696,0.0,-284.71068293834696,523.0667266211103,-220.411856111009,0.0,-220.411856111009
991.3060289982241,286.6201739311218,4.000998870673908,586.9410902875813,-300.3209163564595,0.0,-300.3209163564595,521.9746406820595,-235.35446675093772,0.0,-235.35446675093772
991.942029009806,303.5948247909546,4.0354897483490095,586.5166271267143,-282.9218023357597,0.0,-282.9218023357597,520.8825547430085,-217.28772995205395,0.0,-217.28772995205395
992.5780290213879,282.41105031967163,4.054876722377961,586.0921639658472,-303.6811136461756,0.0,-303.6811136461756,519.7904688039575,-237.3794184842859,0.0,-237.3794184842859
993.2140290329698,273.07316184043884,4.086437683658085,585.6677008049802,-312.59453896454136,0.0,-312.59453896454136,518.6983828649068,-245.62522102446792,0.0,-245.62522102446792
993.8500290445518,276.92697834968567,4.170988203726494,585.2432376441132,-308.3162592944275,0.0,-308.3162592944275,517.6062969258558,-240.6793185761701,0.0,-240.6793185761701
994.4860290561337,282.2444498538971,4.227345590014264,584.8187744832461,-302.574324629349,0.0,-302.574324629349,516.5142109868048,-234.26976113290766,0.0,-234.26976113290766
995.1220290677156,280.603563785553,4.273351490943543,584.394311322379,-303.7907475368261,0.0,-303.7907475368261,515.4221250477538,-234.81856126220077,0.0,-234.81856126220077
995.7580290792976,287.55840039253235,4.011079998017918,583.969848161512,-296.41144776897966,0.0,-296.41144776897966,514.330039108703,-226.77163871617063,0.0,-226.77163871617063
996.3940290908795,303.30063796043396,3.9524542226001893,583.545385000645,-280.244747040211,0.0,-280.244747040211,513.237953169652,-209.937315209218,0.0,-209.937315209218
997.0300291024614,294.2533050775528,3.986923815766196,583.1209218397779,-288.8676167622251,0.0,-288.8676167622251,512.145867230601,-217.89256215304817,0.0,-217.89256215304817
997.6660291140433,294.07832193374634,3.85831477618798,582.6964586789109,-288.6181367451645,0.0,-288.6181367451645,511.0537812915502,-216.97545935780386,0.0,-216.97545935780386
998.3020291256253,301.4898328781128,3.866144557910281,582.2719955180438,-280.782162639931,0.0,-280.782162639931,509.9616953524992,-208.4718624743864,0.0,-208.4718624743864
998.9380291372072,292.3587727546692,4.099541388945714,581.8475323571768,-289.48875960250757,0.0,-289.48875960250757,508.8696094134482,-216.510836658779,0.0,-216.510836658779
999.5740291487891,308.70540499687195,4.079925713805819,581.4230691963097,-272.71766419943776,0.0,-272.71766419943776,507.7775234743972,-199.07211847752524,0.0,-199.07211847752524
1000.210029160371,317.4582530260086,4.186535000325961,580.9986060354427,-263.54035300943406,0.0,-263.54035300943406,506.6854375353464,-189.2271845093378,0.0,-189.2271845093378
1000.846029171953,303.90319561958313,4.099858741492179,580.5741428745756,-276.6709472549925,0.0,-276.6709472549925,505.5933515962954,-201.69015597671228,0.0,-201.69015597671228
1001.4820291835349,302.5085823535919,4.250917206233922,580.1496797137086,-277.64109736011665,0.0,-277.64109736011665,504.5012656572444,-201.99268330365248,0.0,-201.99268330365248
1002.1180291951168,287.01259422302246,4.173890337694804,579.7252165528415,-292.71262232981906,0.0,-292.71262232981906,503.4091797181936,-216.39658549517117,0.0,-216.39658549517117
1002.7540292066988,293.64922535419464,4.087088737211977,579.3007533919745,-285.6515280377798,0.0,-285.6515280377798,502.3170937791426,-208.66786842494798,0.0,-208.66786842494798
1003.3900292182807,290.1615846157074,4.160486804314772,578.8762902311074,-288.7147056154,0.0,-288.7147056154,501.2250078400916,-211.06342322438422,0.0,-211.06342322438422
1004.0260292298626,302.3494863510132,4.0814561967270615,578.4518270702404,-276.1023407192272,0.0,-276.1023407192272,500.1329219010406,-197.78343555002743,0.0,-197.78343555002743
1004.6620292414445,302.5114812850952,4.335215191983502,578.0273639093733,-275.5158826242781,0.0,-275.5158826242781,499.04083596198984,-196.52935467689463,0.0,-196.52935467689463
1005.2980292530265,306.1500768661499,4.054163207336749,577.6029007485063,-271.45282388235637,0.0,-271.45282388235637,497.94875002293884,-191.79867315678894,0.0,-191.79867315678894
1005.9340292646084,355.1098167896271,4.046338414571273,577.1784375876392,-222.06862079801215,0.0,-222.06862079801215,496.85666408388784,-141.74684729426076,0.0,-141.74684729426076
1006.5700292761903,479.6447660923004,4.299464571339694,576.7539744267722,-97.10920833447176,0.0,-97.10920833447176,495.76457814483706,-16.119812052536645,0.0,-16.119812052536645
1007.2060292877723,448.4905757904053,4.197526248418913,576.3295112659051,-127.83893547549985,0.0,-127.83893547549985,494.67249220578606,-46.18191641538078,0.0,-46.18191641538078
1007.8420292993542,318.9298195838928,3.9089633238662134,575.9050481050381,-256.97522852114525,0.0,-256.97522852114525,493.58040626673505,-174.65058668284223,0.0,-174.65058668284223
1008.4780293109361,303.0488154888153,4.082756683092961,575.480584944171,-272.4317694553557,0.0,-272.4317694553557,492.4883203276843,-189.43950483886897,0.0,-189.43950483886897
1009.114029322518,286.0392030477524,4.444549158250119,575.056121783304,-289.0169187355516,0.0,-289.0169187355516,491.3962343886333,-205.3570313408809,0.0,-205.3570313408809
1009.7500293341,282.91180634498596,4.271973385205862,574.6316586224369,-291.71985227745097,0.0,-291.71985227745097,490.30414844958227,-207.3923421045963,0.0,-207.3923421045963
1010.3860293456819,295.6597992181778,4.328291456290334,574.2071954615699,-278.5473962433921,0.0,-278.5473962433921,489.21206251053127,-193.55226329235347,0.0,-193.55226329235347
1011.0220293572638,306.7895755767822,4.258682822362161,573.7827323007028,-266.9931567239206,0.0,-266.9931567239206,488.1199765714805,-181.33040099469827,0.0,-181.33040099469827
1011.6580293688457,321.1374638080597,4.244485953632065,573.3582691398358,-252.2208053317761,0.0,-252.2208053317761,487.0278906324295,-165.8904268243698,0.0,-165.8904268243698
1012.2940293804277,318.5894134044647,4.190729974100762,572.9338059789687,-254.344392574504,0.0,-254.344392574504,485.9358046933785,-167.34639128891376,0.0,-167.34639128891376
1012.9300293920096,326.11613726615906,4.0303470091505424,572.5093428181017,-246.39320555194263,0.0,-246.39320555194263,484.8437187543277,-158.72758148816865,0.0,-158.72758148816865
1013.5660294035915,324.64665961265564,4.147262107805755,572.0848796572346,-247.438220044579,0.0,-247.438220044579,483.7516328152767,-159.10497320262107,0.0,-159.10497320262107
1014.2020294151735,318.34579849243164,4.1047555573557934,571.6604164963676,-253.31461800393595,0.0,-253.31461800393595,482.6595468762257,-164.31374838379406,0.0,-164.31374838379406
1014.8380294267554,317.3556544780731,4.252456064586959,571.2359533355005,-253.88029885742742,0.0,-253.88029885742742,481.5674609371747,-164.21180645910158,0.0,-164.21180645910158
1015.4740294383373,308.29668831825256,4.128829258852923,570.8114901746335,-262.5148018563809,0.0,-262.5148018563809,480.4753749981239,-172.17868667987136,0.0,-172.17868667987136
1016.1100294499192,323.04603934288025,3.872563412071252,570.3870270137664,-247.3409876708862,0.0,-247.3409876708862,479.3832890590729,-156.33724971619267,0.0,-156.33724971619267
1016.7460294615012,326.0547354221344,3.7399421548643677,569.9625638528994,-243.907828430765,0.0,-243.907828430765,478.2912031200219,-152.23646769788752,0.0,-152.23646769788752
1017.3820294730831,300.95020055770874,3.7996628485588047,569.5381006920323,-268.5879001343236,0.0,-268.5879001343236,477.19911718097114,-176.2489166232624,0.0,-176.2489166232624
1018.018029484665,311.3887128829956,3.842572294964458,569.1136375311653,-257.7249246481697,0.0,-257.7249246481697,476.10703124192014,-164.71831835892453,0.0,-164.71831835892453
1018.654029496247,330.0348312854767,3.752664444272778,568.6891743702982,-238.65434308482156,0.0,-238.65434308482156,475.01494530286914,-144.98011401739245,0.0,-144.98011401739245
1019.2900295078289,322.49397683143616,3.9393659310843097,568.2647112094312,-245.77073437799504,0.0,-245.77073437799504,473.92285936381836,-151.4288825323822,0.0,-151.4288825323822
1019.9260295194108,321.6906542778015,3.797364373512033,567.8402480485641,-246.14959377076264,0.0,-246.14959377076264,472.83077342476736,-151.14011914696584,0.0,-151.14011914696584
1020.5620295309927,319.4125487804413,3.5992270585733586,567.4157848876971,-248.00323610725582,0.0,-248.00323610725582,471.73868748571635,-152.32613870527507,0.0,-152.32613870527507
1021.1980295425747,315.88567304611206,3.774813646234352,566.99132172683,-251.105648680718,0.0,-251.105648680718,470.64660154666535,-154.7609285005533,0.0,-154.7609285005533
1021.8340295541566,313.8455767631531,3.5980501742101914,566.566858565963,-252.72128180280993,0.0,-252.72128180280993,469.5545156076146,-155.7089388444615,0.0,-155.7089388444615
1022.4700295657385,327.75611186027527,3.6240679763545827,566.142395405096,-238.38628354482069,0.0,-238.38628354482069,468.4624296685636,-140.7063178082883,0.0,-140.7063178082883
1023.1060295773204,320.27886176109314,3.8778329341665394,565.7179322442289,-245.43907048313577,0.0,-245.43907048313577,467.37034372951257,-147.09148196841943,0.0,-147.09148196841943
1023.7420295889024,313.00427985191345,3.908964926767936,565.2934690833619,-252.2891892314484,0.0,-252.2891892314484,466.2782577904618,-153.27397793854834,0.0,-153.27397793854834
1024.3780296004843,323.25630164146423,3.6864549306146603,564.8690059224948,-241.61270428103057,0.0,-241.61270428103057,465.1861718514108,-141.92987020994656,0.0,-141.92987020994656
1025.0140296120662,317.9036159515381,3.6447316415318154,564.4445427616278,-246.54092681008967,0.0,-246.54092681008967,464.0940859123598,-146.1904699608217,0.0,-146.1904699608217
1025.6500296236482,316.7428307533264,3.7246740194085595,564.0200796007607,-247.2772488474343,0.0,-247.2772488474343,463.0019999733088,-146.25916921998237,0.0,-146.25916921998237
1026.28602963523,312.37643241882324,3.865119632873638,563.5956164398937,-251.21918402107042,0.0,-251.21918402107042,461.909914034258,-149.53348161543477,0.0,-149.53348161543477
1026.922029646812,313.40924286842346,3.9348707351632863,563.1711532790266,-249.76191041060315,0.0,-249.76191041060315,460.817828095207,-147.40858522678354,0.0,-147.40858522678354
1027.558029658394,317.60185647010803,3.85338466436703,562.7466901181597,-245.14483364805164,0.0,-245.14483364805164,459.725742156156,-142.12388568604797,0.0,-142.12388568604797
1028.1940296699759,312.4082758426666,3.710836685843703,562.3222269572926,-249.913951114626,0.0,-249.913951114626,458.6336562171052,-146.2253803744386,0.0,-146.2253803744386
1028.8300296815578,314.499703168869,3.6392807059409913,561.8977637964256,-247.39806062755656,0.0,-247.39806062755656,457.5415702780542,-143.0418671091852,0.0,-143.0418671091852
1029.4660296931397,323.54661297798157,3.6688995357982517,561.4733006355585,-237.92668765757696,0.0,-237.92668765757696,456.4494843390032,-132.90287136102165,0.0,-132.90287136102165
1030.1020297047216,312.18662571907043,3.642232530057011,561.0488374746915,-248.86221175562105,0.0,-248.86221175562105,455.35739839995244,-143.170772680882,0.0,-143.170772680882
1030.7380297163036,324.1616897583008,3.7490768586478445,560.6243743138244,-236.46268455552365,0.0,-236.46268455552365,454.26531246090144,-130.10362270260066,0.0,-130.10362270260066
1031.3740297278855,311.3590452671051,3.783800321046723,560.1999111529574,-248.84086588585228,0.0,-248.84086588585228,453.17322652185044,-141.81418125474534,0.0,-141.81418125474534
1032.0100297394674,312.5169577598572,3.7774112049276103,559.7754479920903,-247.25849023223316,0.0,-247.25849023223316,452.08114058279943,-139.56418282294226,0.0,-139.56418282294226
1032.6460297510494,305.41668939590454,3.7585084594206557,559.3509848312233,-253.93429543531875,0.0,-253.93429543531875,450.98905464374866,-145.57236524784412,0.0,-145.57236524784412
1033.2820297626313,314.3019874095917,3.8761930377778913,558.9265216703562,-244.62453426076456,0.0,-244.62453426076456,449.89696870469766,-135.59498129510598,0.0,-135.59498129510598
1033.9180297742132,316.0533940792084,3.9387822396979044,558.5020585094892,-242.44866443028081,0.0,-242.44866443028081,448.80488276564665,-132.75148868643828,0.0,-132.75148868643828
1034.5540297857951,305.18262910842896,4.012671894043519,558.0775953486221,-252.89496624019318,0.0,-252.89496624019318,447.7127968265959,-142.53016771816692,0.0,-142.53016771816692
1035.190029797377,293.5782356262207,3.6844429226155375,557.6531321877551,-264.0748965615344,0.0,-264.0748965615344,446.6207108875449,-153.04247526132417,0.0,-153.04247526132417
1035.826029808959,285.24434304237366,3.657822548278441,557.228669026888,-271.9843259845144,0.0,-271.9843259845144,445.52862494849387,-160.2842819061202,0.0,-160.2842819061202
1036.462029820541,298.46996212005615,3.611608076624611,556.804205866021,-258.33424374596484,0.0,-258.33424374596484,444.43653900944287,-145.96657688938672,0.0,-145.96657688938672
1037.0980298321228,297.7114186286926,3.6828277043333975,556.379742705154,-258.6683240764613,0.0,-258.6683240764613,443.3444530703921,-145.63303444169946,0.0,-145.63303444169946
1037.7340298437048,305.7998716831207,3.724679866992571,555.9552795442869,-250.15540786116617,0.0,-250.15540786116617,442.2523671313411,-136.45249544822036,0.0,-136.45249544822036
1038.3700298552867,313.98654079437256,3.6504596458723,555.5308163834198,-241.5442755890473,0.0,-241.5442755890473,441.1602811922901,-127.17374039791753,0.0,-127.17374039791753
1039.0060298668686,298.0878164768219,3.8155359630686734,555.1063532225528,-257.0185367457309,0.0,-257.0185367457309,440.0681952532393,-141.9803787764174,0.0,-141.9803787764174
1039.6420298784506,293.15215277671814,3.8691720334909165,554.6818900616857,-261.5297372849676,0.0,-261.5297372849676,438.9761093141883,-145.82395653747017,0.0,-145.82395653747017
1040.2780298900325,293.36404943466187,3.7374077914318797,554.2574269008187,-260.89337746615683,0.0,-260.89337746615683,437.8840233751373,-144.51997394047544,0.0,-144.51997394047544
1040.9140299016144,305.26387119293213,3.6454552986329363,553.8329637399517,-248.56909254701952,0.0,-248.56909254701952,436.7919374360865,-131.5280662431544,0.0,-131.5280662431544
1041.5500299131963,307.7450394630432,3.5750195491765613,553.4085005790846,-245.6634611160414,0.0,-245.6634611160414,435.6998514970355,-127.95481203399231,0.0,-127.95481203399231
1042.1860299247783,328.77879190444946,3.7431777761107567,552.9840374182176,-224.2052455137681,0.0,-224.2052455137681,434.6077655579845,-105.82897365353506,0.0,-105.82897365353506
1042.8220299363602,314.2788369655609,3.548113998906329,552.5595742573505,-238.2807372917896,0.0,-238.2807372917896,433.5156796189335,-119.2368426533726,0.0,-119.2368426533726
1043.4580299479421,327.74798464775085,3.5638782861659575,552.1351110964835,-224.3871264487326,0.0,-224.3871264487326,432.42359367988274,-104.67560903213189,0.0,-104.67560903213189
1044.094029959524,326.46555638313293,3.6597706647407104,551.7106479356164,-225.24509155248347,0.0,-225.24509155248347,431.33150774083174,-104.8659513576988,0.0,-104.8659513576988
1044.730029971106,307.5639342069626,3.6924587050863495,551.2861847747494,-243.72225056778677,0.0,-243.72225056778677,430.23942180178074,-122.67548759481815,0.0,-122.67548759481815
1045.366029982688,320.43131375312805,3.6534174649554374,550.8617216138823,-230.43040786075426,0.0,-230.43040786075426,429.14733586272996,-108.71602210960191,0.0,-108.71602210960191
1046.0020299942698,330.42235589027405,3.747701589502091,550.4372584530153,-220.0149025627412,0.0,-220.0149025627412,428.05524992367896,-97.63289403340491,0.0,-97.63289403340491
1046.6380300058518,326.5190041065216,3.5487506845226755,550.0127952921482,-223.4937911856266,0.0,-223.4937911856266,426.96316398462795,-100.44415987810635,0.0,-100.44415987810635
1047.2740300174337,305.40667939186096,3.692627971711192,549.5883321312812,-244.1816527394202,0.0,-244.1816527394202,425.87107804557695,-120.46439865371599,0.0,-120.46439865371599
1047.9100300290156,307.70819783210754,3.89185809879353,549.1638689704141,-241.45567113830657,0.0,-241.45567113830657,424.7789921065262,-117.07079427441863,0.0,-117.07079427441863
1048.5460300405975,320.15893018245697,3.5215157984639576,548.7394058095471,-228.5804756270901,0.0,-228.5804756270901,423.6869061674752,-103.5279759850182,0.0,-103.5279759850182
1049.1820300521795,325.13054633140564,3.636230324829736,548.31494264868,-223.18439631727438,0.0,-223.18439631727438,422.59482022842417,-97.46427389701853,0.0,-97.46427389701853
1049.8180300637614,323.67343044281006,3.6161750484691035,547.890479487813,-224.2170490450029,0.0,-224.2170490450029,421.5027342893734,-97.82930384656333,0.0,-97.82930384656333
1050.4540300753433,317.1959035396576,3.746563270349155,547.4660163269459,-230.27011278728833,0.0,-230.27011278728833,420.4106483503224,-103.2147448106648,0.0,-103.2147448106648
1051.0900300869253,317.34451603889465,3.716212716475718,547.0415531660789,-229.69703712718422,0.0,-229.69703712718422,419.3185624112714,-101.97404637237673,0.0,-101.97404637237673
1051.7260300985072,331.6633503437042,3.608296401427739,546.6170900052118,-214.9537396615076,0.0,-214.9537396615076,418.2264764722206,-86.56312612851639,0.0,-86.56312612851639
1052.362030110089,325.8259084224701,3.5283677900453374,546.1926268443448,-220.36671842187468,0.0,-220.36671842187468,417.1343905331696,-91.30848211069952,0.0,-91.30848211069952
1052.998030121671,319.5261437892914,3.5961705102329455,545.7681636834777,-226.24201989418634,0.0,-226.24201989418634,416.0423045941186,-96.51616080482722,0.0,-96.51616080482722
1053.634030133253,326.68196749687195,3.570206538411867,545.3437005226107,-218.66173302573873,0.0,-218.66173302573873,414.9502186550676,-88.26825115819565,0.0,-88.26825115819565
1054.270030144835,316.3766951560974,3.830108760395281,544.9192373617436,-228.5425422056462,0.0,-228.5425422056462,413.8581327160168,-97.48143755991941,0.0,-97.48143755991941
1054.9060301564168,349.80162739753723,11.422398248009022,544.4947742008766,-194.69314680333935,0.0,-194.69314680333935,412.7660467769658,-62.96441937942859,0.0,-62.96441937942859
1055.5420301679987,311.6281385421753,3.619237514950863,544.0703110400095,-232.44217249783424,0.0,-232.44217249783424,411.6739608379148,-100.04582229573953,0.0,-100.04582229573953
1056.1780301795807,315.9509834051132,3.539039052754484,543.6458478791425,-227.69486447402926,0.0,-227.69486447402926,410.58187489886404,-94.63089149375082,0.0,-94.63089149375082
1056.8140301911626,317.91330432891846,3.501141655217459,543.2213847182754,-225.30808038935697,0.0,-225.30808038935697,409.48978895981304,-91.57648463089458,0.0,-91.57648463089458
1057.4500302027445,320.6611137390137,3.491919973519718,542.7969215574084,-222.1358078183947,0.0,-222.1358078183947,408.39770302076204,-87.73658928174837,0.0,-87.73658928174837
1058.0860302143265,302.60794854164124,3.5516484136821846,542.3724583965413,-239.7645098549001,0.0,-239.7645098549001,407.30561708171103,-104.6976685400698,0.0,-104.6976685400698
1058.7220302259084,310.2205834388733,3.526715198282792,541.9479952356743,-231.727411796801,0.0,-231.727411796801,406.21353114266026,-95.99294770378697,0.0,-95.99294770378697
1059.3580302374903,319.38150572776794,3.659669629849323,541.5235320748072,-222.1420263470393,0.0,-222.1420263470393,405.12144520360926,-85.73993947584131,0.0,-85.73993947584131
1059.9940302490722,313.6349587440491,3.6050999682318405,541.0990689139402,-227.46411016989111,0.0,-227.46411016989111,404.02935926455825,-90.39440052050918,0.0,-90.39440052050918
1060.6300302606542,306.7408752441406,3.681754112850626,540.6746057530731,-233.9337305089325,0.0,-233.9337305089325,402.9372733255075,-96.19639808136685,0.0,-96.19639808136685
1061.266030272236,316.98861932754517,3.5782118920633907,540.2501425922061,-223.26152326466092,0.0,-223.26152326466092,401.8451873864565,-84.85656805891131,0.0,-84.85656805891131
1061.902030283818,310.20129323005676,3.6332788094916713,539.825679431339,-229.62438620128228,0.0,-229.62438620128228,400.75310144740547,-90.55180821734871,0.0,-90.55180821734871
1062.5380302954,294.28487825393677,3.40561418990319,539.401216270472,-245.11633801653522,0.0,-245.11633801653522,399.6610155083547,-105.37613725441793,0.0,-105.37613725441793
1063.1740303069819,302.34849870204926,3.5529068118859826,538.976753109605,-236.6282544075558,0.0,-236.6282544075558,398.5689295693037,-96.22043086725444,0.0,-96.22043086725444
1063.8100303185638,300.17116022109985,3.6117004101427033,538.552289948738,-238.38112972763815,0.0,-238.38112972763815,397.4768436302527,-97.30568340915283,0.0,-97.30568340915283
1064.4460303301457,319.20103669166565,3.945853832394024,538.127826787871,-218.9267900962053,0.0,-218.9267900962053,396.3847576912017,-77.18372099953604,0.0,-77.18372099953604
1065.0820303417277,314.31919515132904,3.6732179729854715,537.7033636270039,-223.38416847567487,0.0,-223.38416847567487,395.2926717521509,-80.97347660082187,0.0,-80.97347660082187
1065.7180303533096,316.972895860672,3.685747619580781,537.2789004661369,-220.30600460546486,0.0,-220.30600460546486,394.2005858130999,-77.22768995242791,0.0,-77.22768995242791
1066.3540303648915,316.8801009654999,4.427786923179098,536.8544373052698,-219.97433633976993,0.0,-219.97433633976993,393.1084998740489,-76.22839890854902,0.0,-76.22839890854902
1066.9900303764734,308.2512996196747,3.5627151092900546,536.4299741444028,-228.17867452472808,0.0,-228.17867452472808,392.0164139349981,-83.76511431532344,0.0,-83.76511431532344
1067.6260303880554,291.2035961151123,3.5711666563195648,536.0055109835357,-244.8019148684234,0.0,-244.8019148684234,390.9243279959471,-99.72073188083482,0.0,-99.72073188083482
1068.2620303996373,292.6322445869446,3.5971375245804067,535.5810478226687,-242.94880323572409,0.0,-242.94880323572409,389.8322420568961,-97.19999746995154,0.0,-97.19999746995154
1068.8980304112192,309.8896280527115,3.7148006437630134,535.1565846618016,-225.26695660909013,0.0,-225.26695660909013,388.7401561178451,-78.85052806513363,0.0,-78.85052806513363
1069.5340304228012,319.96725249290466,3.7941911292889268,534.7321215009346,-214.7648690080299,0.0,-214.7648690080299,387.64807017879434,-67.68081768588968,0.0,-67.68081768588968
1070.170030434383,292.5344355106354,3.663890017460463,534.3076583400675,-241.77322282943214,0.0,-241.77322282943214,386.55598423974334,-94.02154872910796,0.0,-94.02154872910796
1070.806030445965,304.3245356082916,3.753627492314412,533.8831951792005,-229.55865957090884,0.0,-229.55865957090884,385.46389830069234,-81.13936269240071,0.0,-81.13936269240071
1071.442030457547,310.19448161125183,3.7321024444544886,533.4587320183334,-223.2642504070816,0.0,-223.2642504070816,384.37181236164156,-74.17733075038973,0.0,-74.17733075038973
1072.0780304691289,294.37928009033203,5.092983111820445,533.0342688574664,-238.65498876713434,0.0,-238.65498876713434,383.27972642259056,-88.90044633225853,0.0,-88.90044633225853
1072.7140304807108,306.6684846878052,3.685404078475803,532.6098056965993,-225.94132100879415,0.0,-225.94132100879415,382.18764048353955,-75.51915579573438,0.0,-75.51915579573438
1073.3500304922927,321.16289806365967,3.691703500334566,532.1853425357323,-211.0224444720726,0.0,-211.0224444720726,381.0955545444888,-59.93265648082911,0.0,-59.93265648082911
1073.9860305038746,313.573029756546,3.772175795356354,531.7608793748652,-218.1878496183192,0.0,-218.1878496183192,380.0034686054378,-66.43043884889175,0.0,-66.43043884889175
1074.6220305154566,328.7701563835144,4.057775520693969,531.3364162139982,-202.56625983048377,0.0,-202.56625983048377,378.91138266638677,-50.14122628287237,0.0,-50.14122628287237
1075.2580305270385,313.7520840167999,3.7470891678872382,530.9119530531311,-217.1598690363312,0.0,-217.1598690363312,377.81929672733577,-64.06721271053584,0.0,-64.06721271053584
1075.8940305386204,316.68731331825256,3.7645474283936324,530.4874898922641,-213.80017657401152,0.0,-213.80017657401152,376.727210788285,-60.03989747003243,0.0,-60.03989747003243
1076.5300305502024,313.62840962409973,3.727782144081958,530.063026731397,-216.4346171072973,0.0,-216.4346171072973,375.635124849234,-62.00671522513426,0.0,-62.00671522513426
1077.1660305617843,298.5172336101532,3.948775697918679,529.63856357053,-231.12132996037678,0.0,-231.12132996037678,374.543038910183,-76.02580530002979,0.0,-76.02580530002979
1077.8020305733662,306.5939769744873,3.657592650760299,529.2141004096629,-222.62012343517563,0.0,-222.62012343517563,373.4509529711322,-66.8569759966449,0.0,-66.8569759966449
1078.4380305849481,313.13967752456665,3.646669967071052,528.7896372487959,-215.64995972422923,0.0,-215.64995972422923,372.3588670320812,-59.21918950751456,0.0,-59.21918950751456
1079.07403059653,299.3842968940735,3.894583588576599,528.3651740879288,-228.98087719385535,0.0,-228.98087719385535,371.2667810930302,-71.88248419895672,0.0,-71.88248419895672
1079.710030608112,310.48395788669586,3.8442284660878108,527.9407109270618,-217.45675304036592,0.0,-217.45675304036592,370.1746951539792,-59.69073726728334,0.0,-59.69073726728334
1080.346030619694,324.85176914930344,3.921108173069755,527.5162477661947,-202.6644786168913,0.0,-202.6644786168913,369.0826092149284,-44.23084006562499,0.0,-44.23084006562499
1080.9820306312758,323.76095056533813,3.8046461251728316,527.0917846053277,-203.33083403998955,0.0,-203.33083403998955,367.9905232758774,-44.22957271053929,0.0,-44.22957271053929
1081.6180306428578,315.6005506515503,3.880842914050217,526.6673214444606,-211.06677079291035,0.0,-211.06677079291035,366.8984373368264,-51.297886685276126,0.0,-51.297886685276126
1082.2540306544397,323.2124035358429,3.990019813153737,526.2428582835936,-203.0304547477507,0.0,-203.0304547477507,365.80635139777564,-42.59394786193275,0.0,-42.59394786193275
1082.8900306660216,310.2521026134491,3.847162679554244,525.8183951227265,-215.56629250927745,0.0,-215.56629250927745,364.71426545872464,-54.46216284527554,0.0,-54.46216284527554
1083.5260306776036,329.96628427505493,3.8429059169960937,525.3939319618595,-195.42764768680456,0.0,-195.42764768680456,363.62217951967364,-33.655895244618705,0.0,-33.655895244618705
1084.1620306891855,403.98814606666565,4.046995121703174,524.9694688009924,-120.9813227343268,0.0,-120.9813227343268,362.53009358062263,41.458052486043016,0.0,41.458052486043016
1084.7980307007674,545.0087475776672,4.353719875923313,524.5450056401254,20.46374193754184,0.0,20.46374193754184,361.43800764157186,183.57073993609538,0.0,183.57073993609538
1085.4340307123493,533.0065579414368,4.407171819701722,524.1205424792583,8.88601546217842,0.0,8.88601546217842,360.34592170252085,172.6606362389159,0.0,172.6606362389159
1086.0700307239313,377.02547240257263,3.9527988409374513,523.6960793183913,-146.67060691581867,0.0,-146.67060691581867,359.25383576346985,17.77163663910278,0.0,17.77163663910278
1086.7060307355132,330.3168444633484,3.6972076679901544,523.2716161575242,-192.95477169417586,0.0,-192.95477169417586,358.1617498244191,-27.844905361070687,0.0,-27.844905361070687
1087.3420307470951,328.3339774608612,4.669084523710685,522.8471529966572,-194.513175535796,0.0,-194.513175535796,357.0696638853681,-28.735686424506866,0.0,-28.735686424506866
1087.978030758677,331.6698031425476,3.8872402540742947,522.4226898357902,-190.75288669324254,0.0,-190.75288669324254,355.97757794631707,-24.307774803769462,0.0,-24.307774803769462
1088.614030770259,309.01092767715454,3.7969706017218416,521.9982266749231,-212.98729899776856,0.0,-212.98729899776856,354.8854920072663,-45.87456433011175,0.0,-45.87456433011175
1089.250030781841,301.68075025081635,3.8760387336041644,521.573763514056,-219.8930132632397,0.0,-219.8930132632397,353.7934060682153,-52.112655817398945,1.5576330846422204e-264,-52.112655817398945
1089.8860307934228,316.98331093788147,3.795640173064575,521.149300353189,-204.16598941530754,0.0,-204.16598941530754,352.7013201291643,-35.71800919128282,5.80252085758228e-212,-35.71800919128282
1090.5220308050048,305.8321282863617,3.7751090548360513,520.724837192322,-214.89270890596026,0.0,-214.89270890596026,351.6092341901133,-45.77710590375159,3.7356973483378156e-165,-45.77710590375159
1091.1580308165867,303.86187982559204,3.8013895088767753,520.3003740314549,-216.43849420586287,0.0,-216.43849420586287,350.5171482510625,-46.65526842547047,4.156522012861185e-124,-46.65526842547047
1091.7940308281686,317.6155092716217,4.036783193317065,519.8759108705879,-202.26040159896615,0.0,-202.26040159896615,349.4250623120115,-31.8095530403898,7.992670554678898e-89,-31.8095530403898
1092.4300308397505,311.5191023349762,4.087142824183868,519.4514477097208,-207.9323453747446,0.0,-207.9323453747446,348.3329763729605,-36.813874037984306,2.6561779478798203e-59,-36.813874037984306
1093.0660308513325,323.8074440956116,3.6976266198100523,519.0269845488538,-195.2195404532422,0.0,-195.2195404532422,347.2408904339097,-23.433446338298154,1.5255478984610216e-35,-23.433446338298154
1093.7020308629144,318.82536816596985,3.6707548607714093,518.6025213879867,-199.77715322201686,0.0,-199.77715322201686,346.1488044948587,-27.323436328888874,1.5142513028500595e-17,-27.323436328888874
1094.3380308744963,312.31527745723724,4.041182484245702,518.1780582271197,-205.86278076988242,0.0,-205.86278076988242,345.0567185558077,-32.741441098570476,2.597607268544522e-05,-32.74146707464316
1094.9740308860783,420.9765000343323,3.933706068901444,517.7535950662526,-96.77709503192034,0.0,-96.77709503192034,343.9646326167567,77.01186741757556,77.01094497846337,0.0009224391121875897
1095.6100308976602,737.4927501678467,4.738066567457948,517.3291319053856,220.1636182624611,0.0,220.1636182624611,342.87254667770594,394.62020349014074,394.61462073342676,0.005582756713977233
1096.246030909242,698.1820373535156,4.85186326121727,516.9046687445185,181.2773686089971,0.0,181.2773686089971,341.78046073865494,356.4015766148607,356.3959092566686,0.00566735819211317
1096.882030920824,407.51028203964233,3.8780325384368344,516.4802055836515,-108.96992354400913,0.0,-108.96992354400913,340.68837479960393,66.8219072400384,66.82114305051567,0.0007641895227266104
1097.518030932406,320.3421918153763,14.40745304274279,516.0557424227844,-195.71355060740814,0.0,-195.71355060740814,339.59628886055316,-19.254097045176877,0.0002295499488950243,-19.25432659512577
1098.154030943988,293.5622184276581,4.2687474711099505,515.6312792619174,-222.0690608342593,0.0,-222.0690608342593,338.50420292150216,-44.941984493844075,1.4448353298873854e-14,-44.94198449384409
1098.7900309555698,310.2692047357559,4.1457109916507635,515.2068161010503,-204.9376113652944,0.0,-204.9376113652944,337.41211698245115,-27.142912246695232,1.6662392377094683e-29,-27.142912246695232
1099.4260309671517,307.0118169784546,3.806447260640089,514.7823529401834,-207.7705359617288,0.0,-207.7705359617288,336.3200310434004,-29.308214064945787,3.520742106290074e-49,-29.308214064945787
1100.0620309787337,305.4989194869995,3.6893585433049885,514.3578897793163,-208.85897029231683,0.0,-208.85897029231683,335.2279451043494,-29.729025617349862,1.3630410125019945e-73,-29.729025617349862
1100.6980309903156,293.0943036079407,3.568035024522551,513.9334266184493,-220.83912301050862,0.0,-220.83912301050862,334.13585916529837,-41.0415555573577,9.668553063807508e-103,-41.0415555573577
1101.3340310018975,315.8451159000397,3.727856770646129,513.5089634575822,-197.66384755754257,0.0,-197.66384755754257,333.04377322624737,-17.198657326207694,1.2565850805279684e-136,-17.198657326207694
1101.9700310134795,322.2260935306549,3.972206460845968,513.0845002967152,-190.85840676606028,0.0,-190.85840676606028,331.9516872871966,-9.725593756541684,2.9922657752395893e-175,-9.725593756541684
1102.6060310250614,330.0733697414398,3.744796524823105,512.6600371358481,-182.58666739440832,0.0,-182.58666739440832,330.8596013481456,-0.7862316067057691,1.3055282799887469e-218,-0.7862316067057691
1103.2420310366433,315.76171708106995,3.7338791651364773,512.2355739749811,-196.47385689391115,0.0,-196.47385689391115,329.7675154090946,-14.005798328024639,1.0436388912631822e-266,-14.005798328024639
1103.8780310482252,310.5169460773468,3.5647867773539295,511.81111081411404,-201.29416473676724,0.0,-201.29416473676724,328.6754294700438,-18.158483392697008,0.0,-18.158483392697008
1104.5140310598072,324.81717467308044,3.718968195228664,511.386647653247,-186.56947298016655,0.0,-186.56947298016655,327.5833435309928,-2.766168857912362,0.0,-2.766168857912362
1105.150031071389,323.311417222023,3.8665913512104204,510.96218449237995,-187.65076727035694,0.0,-187.65076727035694,326.4912575919418,-3.179840369918793,0.0,-3.179840369918793
1105.786031082971,310.64891135692596,3.7379895810611887,510.5377213315129,-199.88880997458693,0.0,-199.88880997458693,325.3991716528908,-14.750260295964836,0.0,-14.750260295964836
1106.422031094553,310.61583185195923,3.6307278387010555,510.11325817064585,-199.49742631868662,0.0,-199.49742631868662,324.30708571384,-13.691253861880796,0.0,-13.691253861880796
1107.0580311061349,332.7976701259613,3.727032736477902,509.6887950097788,-176.8911248838175,0.0,-176.8911248838175,323.214999774789,9.582670351172283,0.0,9.582670351172283
1107.6940311177168,323.6877727508545,3.742872864844851,509.26433184891175,-185.57655909805726,0.0,-185.57655909805726,322.122913835738,1.5648589151164742,0.0,1.5648589151164742
1108.3300311292987,329.7096438407898,3.7325703550944387,508.8398686880447,-179.1302248472549,0.0,-179.1302248472549,321.03082789668724,8.678815944102553,0.0,8.678815944102553
1108.9660311408807,321.1667437553406,3.6797233477431788,508.41540552717765,-187.24866177183708,0.0,-187.24866177183708,319.93874195763624,1.2280017977043372,0.0,1.2280017977043372
1109.6020311524626,328.68141651153564,3.676709659117428,507.9909423663106,-179.30952585477496,0.0,-179.30952585477496,318.84665601858524,9.834760492950409,0.0,9.834760492950409
1110.2380311640445,325.35399293899536,3.649426570172893,507.56647920544356,-182.2124862664482,0.0,-182.2124862664482,317.75457007953446,7.599422859460901,0.0,7.599422859460901
1110.8740311756264,339.91915345191956,3.7977317602390404,507.1420160445765,-167.22286259265695,0.0,-167.22286259265695,316.66248414048346,23.2566693114361,0.0,23.2566693114361
1111.5100311872084,341.96810507774353,3.6996480386883985,506.71755288370946,-164.74944780596593,0.0,-164.74944780596593,315.57039820143245,26.397706876311076,0.0,26.397706876311076
1112.1460311987903,348.25456953048706,3.53382846236387,506.2930897228424,-158.03852019235535,0.0,-158.03852019235535,314.47831226238145,33.77625726810561,0.0,33.77625726810561
1112.7820312103722,336.01963353157043,3.4901808203169447,505.86862656197536,-169.84899303040493,0.0,-169.84899303040493,313.3862263233307,22.63340720823976,0.0,22.63340720823976
1113.4180312219542,328.54338550567627,3.5875699992645154,505.4441634011083,-176.90077789543204,0.0,-176.90077789543204,312.2941403842797,16.249245121396598,0.0,16.249245121396598
1114.054031233536,345.07363533973694,3.733833191855598,505.01970024024126,-159.94606490050433,0.0,-159.94606490050433,311.20205444522867,33.87158089450827,0.0,33.87158089450827
1114.690031245118,345.8596980571747,3.8669272965048873,504.5952370793742,-158.73553902219953,0.0,-158.73553902219953,310.1099685061779,35.74972955099679,0.0,35.74972955099679
1115.3260312567,336.53128600120544,3.5104425524464076,504.17077391850717,-167.63948791730172,0.0,-167.63948791730172,309.0178825671269,27.513403434078555,0.0,27.513403434078555
1115.9620312682819,310.91702485084534,3.5437882848245503,503.7463107576401,-192.82928590679478,0.0,-192.82928590679478,307.9257966280759,2.9912282227694504,0.0,2.9912282227694504
1116.5980312798638,330.62438559532166,3.624579671559183,503.32184759677307,-172.6974620014514,0.0,-172.6974620014514,306.8337106890249,23.790674906296772,0.0,23.790674906296772
1117.2340312914455,320.83400297164917,3.667637079378382,502.89738443590613,-182.06338146425696,0.0,-182.06338146425696,305.74162474997433,15.092378221674835,0.0,15.092378221674835
1117.8700313030274,329.44167137145996,3.7522262440624883,502.4729212750391,-173.03124990357912,0.0,-173.03124990357912,304.64953881092356,24.792132560536402,0.0,24.792132560536402
1118.5060313146093,345.26194047927856,3.659324269302141,502.04845811417204,-156.78651763489347,0.0,-156.78651763489347,303.55745287187256,41.70448760740601,0.0,41.70448760740601
1119.1420313261913,344.9435381889343,3.601950257520944,501.623994953305,-156.68045676437066,0.0,-156.68045676437066,302.46536693282155,42.47817125611277,0.0,42.47817125611277
1119.7780313377732,335.89361023902893,3.5246864048121367,501.19953179243794,-165.305921553409,0.0,-165.305921553409,301.3732809937708,34.520329245258154,0.0,34.520329245258154
1120.4140313493551,333.9659945964813,3.6077761011500566,500.7750686315709,-166.80907403508957,0.0,-166.80907403508957,300.2811950547198,33.68479954176155,0.0,33.68479954176155
1121.050031360937,340.51225113868713,3.9084876518117877,500.35060547070384,-159.8383543320167,0.0,-159.8383543320167,299.18910911566877,41.32314202301836,0.0,41.32314202301836
1121.686031372519,325.468225479126,3.5308724783974155,499.9261423098368,-174.45791683071081,0.0,-174.45791683071081,298.097023176618,27.37120230250798,0.0,27.37120230250798
1122.322031384101,324.93278551101685,3.5493628590440887,499.50167914896974,-174.5688936379529,0.0,-174.5688936379529,297.004937237567,27.927848273449854,0.0,27.927848273449854
1122.9580313956828,330.6633048057556,3.564438813764984,499.0772159881027,-168.41391118234708,0.0,-168.41391118234708,295.912851298516,34.75045350723963,0.0,34.75045350723963
1123.5940314072648,335.88535022735596,3.4071753768356716,498.65275282723576,-162.7674025998798,0.0,-162.7674025998798,294.820765359465,41.06458486789097,0.0,41.06458486789097
1124.2300314188467,327.68927025794983,3.416133462707675,498.2282896663687,-170.53901940841888,0.0,-170.53901940841888,293.7286794204142,33.96059083753562,0.0,33.96059083753562
1124.8660314304286,322.80474162101746,3.66214530943494,497.80382650550166,-174.9990848844842,0.0,-174.9990848844842,292.6365934813632,30.16814813965425,0.0,30.16814813965425
1125.5020314420105,319.7845723628998,3.5301179531505644,497.3793633446346,-177.59479098173483,0.0,-177.59479098173483,291.5445075423122,28.240064820587577,0.0,28.240064820587577
1126.1380314535925,317.9600262641907,3.472007556153472,496.95490018376756,-178.9948739195769,0.0,-178.9948739195769,290.4524216032614,27.507604660929246,0.0,27.507604660929246
1126.7740314651744,319.33664202690125,3.5549586424706594,496.5304370229005,-177.19379499599927,0.0,-177.19379499599927,289.3603356642104,29.97630636269082,0.0,29.97630636269082
1127.4100314767563,304.15812945365906,3.377382236371206,496.10597386203347,-191.9478444083744,0.0,-191.9478444083744,288.2682497251594,15.889879728499636,0.0,15.889879728499636
1128.0460314883383,319.1783549785614,3.8117329012899575,495.6815107011664,-176.50315572260502,0.0,-176.50315572260502,287.1761637861084,32.00219119245298,0.0,32.00219119245298
1128.6820314999202,315.3471074104309,3.4128971886564856,495.25704754029937,-179.90994012986846,0.0,-179.90994012986846,286.08407784705764,29.263029563373266,0.0,29.263029563373266
1129.318031511502,327.94324350357056,3.5748093146184003,494.8325843794323,-166.88934087586176,0.0,-166.88934087586176,284.99199190800664,42.95125159556392,0.0,42.95125159556392
1129.954031523084,333.6725010871887,3.5002992635288255,494.40812121856527,-160.73562013137655,0.0,-160.73562013137655,283.89990596895564,49.772595118233085,0.0,49.772595118233085
1130.590031534666,341.32103204727173,3.5255200522633503,493.9836580576982,-152.6626260104265,0.0,-152.6626260104265,282.80782002990486,58.51321201736687,0.0,58.51321201736687
1131.226031546248,329.36701214313507,3.4191804510276746,493.5591948968312,-164.1921827536961,0.0,-164.1921827536961,281.71573409085386,47.651278052281214,0.0,47.651278052281214
1131.8620315578298,333.31899785995483,3.362187607778557,493.1347317359641,-159.8157338760093,0.0,-159.8157338760093,280.62364815180285,52.69534970815198,0.0,52.69534970815198
1132.4980315694118,328.3562264442444,3.3260936688168177,492.7102685750971,-164.3540421308527,0.0,-164.3540421308527,279.5315622127521,48.82466423149231,0.0,48.82466423149231
1133.1340315809937,326.64728689193726,3.262953016219679,492.28580541423,-165.63851852229277,0.0,-165.63851852229277,278.4394762737011,48.20781061823618,0.0,48.20781061823618
1133.7700315925756,329.0528745651245,3.31224567882547,491.861342253363,-162.80846768823847,0.0,-162.80846768823847,277.3473903346501,51.70548423047444,0.0,51.70548423047444
1134.4060316041575,327.3358106613159,3.5244465532818707,491.43687909249593,-164.10106843118,0.0,-164.10106843118,276.25530439559907,51.08050626571685,0.0,51.08050626571685
1135.0420316157395,321.4976305961609,3.3817144548839098,491.0124159316289,-169.514785335468,0.0,-169.514785335468,275.1632184565483,46.334412139612596,0.0,46.334412139612596
1135.6780316273214,337.6967353820801,3.332186036469964,490.58795277076183,-152.89121738868175,0.0,-152.89121738868175,274.0711325174973,63.62560286458279,0.0,63.62560286458279
1136.3140316389033,333.2400426864624,3.245611728507485,490.1634896098948,-156.92344692343238,0.0,-156.92344692343238,272.9790465784463,60.260996108016116,0.0,60.260996108016116
1136.9500316504852,329.1063778400421,3.3213915365824302,489.73902644902773,-160.63264860898562,0.0,-160.63264860898562,271.8869606393955,57.2194172006466,0.0,57.2194172006466
1137.5860316620672,326.5469226837158,3.6525241545197904,489.3145632881607,-162.76764060444486,0.0,-162.76764060444486,270.7948747003445,55.75204798337131,0.0,55.75204798337131
1138.222031673649,351.46905183792114,3.911701557570986,488.89010012729364,-137.4210482893725,0.0,-137.4210482893725,269.7027887612935,81.76626307662764,0.0,81.76626307662764
1138.858031685231,353.4893260002136,3.623320055790537,488.4656369664266,-134.97631096621296,0.0,-134.97631096621296,268.6107028222425,84.87862317797112,0.0,84.87862317797112
1139.494031696813,351.23034930229187,3.3952739544432387,488.04117380555954,-136.81082450326767,0.0,-136.81082450326767,267.5186168831917,83.71173241910014,0.0,83.71173241910014
1140.1300317083949,340.84363055229187,3.270765017825904,487.6167106446925,-146.77308009240062,0.0,-146.77308009240062,266.4265309441407,74.41709960815115,0.0,74.41709960815115
1140.7660317199768,338.7867121696472,3.14876840579427,487.19224748382544,-148.40553531417822,0.0,-148.40553531417822,265.3344450050897,73.4522671645575,0.0,73.4522671645575
1141.4020317315587,328.44389605522156,3.234355862708587,486.7677843229584,-158.32388826773683,0.0,-158.32388826773683,264.24235906603894,64.20153698918261,0.0,64.20153698918261
1142.0380317431407,333.26146388053894,3.311791419693655,486.34332116209134,-153.0818572815524,0.0,-153.0818572815524,263.15027312698794,70.111190753551,0.0,70.111190753551
1142.6740317547226,326.4473488330841,3.3287124295919823,485.9188580012243,-159.4715091681402,0.0,-159.4715091681402,262.05818718793694,64.38916164514717,0.0,64.38916164514717
1143.3100317663045,330.2414519786835,4.150905170880758,485.49439484035724,-155.25294286167377,0.0,-155.25294286167377,260.96610124888616,69.27535072979731,0.0,69.27535072979731
1143.9460317778864,344.51908826828003,4.997193168813854,485.0699316794902,-140.55084341121017,0.0,-140.55084341121017,259.87401530983516,84.64507295844487,0.0,84.64507295844487
1144.5820317894684,341.48920798301697,5.034122548724907,484.64546851862315,-143.15626053560618,0.0,-143.15626053560618,258.78192937078416,82.70727861223281,0.0,82.70727861223281
1145.2180318010503,336.75424242019653,4.283699407335751,484.2210053577561,-147.46676293755957,0.0,-147.46676293755957,257.68984343173315,79.06439898846338,0.0,79.06439898846338
1145.8540318126322,343.066917181015,3.3445759234585006,483.79654219688905,-140.72962501587403,0.0,-140.72962501587403,256.5977574926824,86.46915968833264,0.0,86.46915968833264
1146.4900318242142,337.2817277908325,3.287981405786134,483.372079036022,-146.09035124518948,0.0,-146.09035124518948,255.50567155363137,81.77605623720115,0.0,81.77605623720115
1147.126031835796,358.7821717262268,3.310329797028142,482.94761587515495,-124.16544414892815,0.0,-124.16544414892815,254.41358561458037,104.36858611164644,0.0,104.36858611164644
1147.762031847378,349.5581259727478,3.3390674174018433,482.5231527142879,-132.9650267415401,0.0,-132.9650267415401,253.3214996755296,96.23662629721821,0.0,96.23662629721821
1148.39803185896,358.03679752349854,3.268736093404008,482.09868955342085,-124.06189202992232,0.0,-124.06189202992232,252.2294137364786,105.80738378701994,0.0,105.80738378701994
1149.0340318705419,366.32563400268555,3.2579518069675215,481.6742263925538,-115.34859238986826,0.0,-115.34859238986826,251.1373277974276,115.18830620525796,0.0,115.18830620525796
1149.6700318821238,351.8592760562897,3.2347414074153558,481.24976323168676,-129.39048717539708,0.0,-129.39048717539708,250.04524185837658,101.81403419791309,0.0,101.81403419791309
1150.3060318937057,343.3608877658844,3.1528222782169815,480.8253000708197,-137.4644123049353,0.0,-137.4644123049353,248.9531559193258,94.40773184655859,0.0,94.40773184655859
1150.9420319052876,347.80305528640747,3.2696984613055133,480.40083690995266,-132.5977816235452,0.0,-132.5977816235452,247.8610699802748,99.94198530613266,0.0,99.94198530613266
1151.5780319168696,343.05033254623413,3.2483288248103865,479.9763737490856,-136.92604120285148,0.0,-136.92604120285148,246.7689840412238,96.28134850501033,0.0,96.28134850501033
1152.2140319284515,341.042028427124,3.23559353168164,479.55191058821856,-138.50988216109454,0.0,-138.50988216109454,245.67689810217303,95.365130324951,0.0,95.365130324951
1152.8500319400334,354.19965958595276,3.2309145960250203,479.1274474273515,-124.92778784139875,0.0,-124.92778784139875,244.58481216312202,109.61484742283074,0.0,109.61484742283074
1153.4860319516154,363.4928951263428,3.359419850686132,478.70298426648446,-115.21008914014169,0.0,-115.21008914014169,243.49272622407102,120.00016890227175,0.0,120.00016890227175
1154.1220319631973,366.2002637386322,3.162907112793406,478.2785211056174,-112.07825736698521,0.0,-112.07825736698521,242.40064028502024,123.79962345361196,0.0,123.79962345361196
1154.7580319747792,357.2309937477112,3.183822380340734,477.85405794475037,-120.62306419703918,0.0,-120.62306419703918,241.30855434596924,115.92243940174194,0.0,115.92243940174194
1155.3940319863611,345.10087990760803,3.1138723269118063,477.4295947838833,-132.32871487627528,0.0,-132.32871487627528,240.21646840691824,104.8844115006898,0.0,104.8844115006898
1156.030031997943,346.80128931999207,3.179105324804384,477.00513162301627,-130.2038423030242,0.0,-130.2038423030242,239.12438246786724,107.67690685212483,0.0,107.67690685212483
1156.666032009525,361.64766669273376,3.1918082712297218,476.5806684621492,-114.93300176941545,0.0,-114.93300176941545,238.03229652881646,123.6153701639173,0.0,123.6153701639173
1157.302032021107,356.4441239833832,3.1646394027038447,476.15620530128217,-119.71208131789899,0.0,-119.71208131789899,236.94021058976546,119.50391339361772,0.0,119.50391339361772
1157.9380320326889,352.6093373298645,3.181421310777412,475.7317421404151,-123.12240481055062,0.0,-123.12240481055062,235.84812465071445,116.76121267915005,0.0,116.76121267915005
1158.5740320442708,371.575323343277,3.256980481849769,475.3072789795481,-103.7319556362711,0.0,-103.7319556362711,234.75603871166368,136.8192846316133,0.0,136.8192846316133
1159.2100320558527,371.7810482978821,3.3542806141247206,474.88281581868114,-103.10176752079906,0.0,-103.10176752079906,233.66395277261267,138.1170955252694,0.0,138.1170955252694
1159.8460320674346,358.28146719932556,3.2252542746615864,474.4583526578141,-116.17688545848853,0.0,-116.17688545848853,232.57186683356167,125.70960036576389,0.0,125.70960036576389
1160.4820320790166,363.69480776786804,3.1808046880908503,474.03388949694704,-110.339081729079,0.0,-110.339081729079,231.47978089451067,132.21502687335737,0.0,132.21502687335737
1161.1180320905985,351.1583800315857,3.293472534740264,473.60942633608,-122.4510463044943,0.0,-122.4510463044943,230.3876949554599,120.7706850761258,0.0,120.7706850761258
1161.7540321021804,342.3299751281738,3.1856733401998123,473.18496317521294,-130.85498804703911,0.0,-130.85498804703911,229.2956090164089,113.03436611176494,0.0,113.03436611176494
1162.3900321137623,346.465528011322,3.1893665362129333,472.7605000143459,-126.29497200302387,0.0,-126.29497200302387,228.2035230773579,118.26200493396414,0.0,118.26200493396414
1163.0260321253443,345.7254648208618,3.197662933907762,472.33603685347884,-126.61057203261703,0.0,-126.61057203261703,227.1114371383071,118.6140276825547,0.0,118.6140276825547
1163.6620321369262,371.0701904296875,3.348219589230194,471.9115736926118,-100.8413832629243,0.0,-100.8413832629243,226.0193511992561,145.0508392304314,0.0,145.0508392304314
1164.2980321485081,388.5612943172455,3.476973626599251,471.48711053174475,-82.92581621449926,0.0,-82.92581621449926,224.9272652602051,163.63402905704038,0.0,163.63402905704038
1164.93403216009,370.63247752189636,3.200518027528401,471.0626473708777,-100.43016984898134,0.0,-100.43016984898134,223.83517932115433,146.79729820074203,0.0,146.79729820074203
1165.570032171672,359.08248138427734,3.239517705212186,470.63818421001065,-111.5557028257333,0.0,-111.5557028257333,222.74309338210332,136.33938800217402,0.0,136.33938800217402
1166.206032183254,361.49955129623413,3.294688525197943,470.2137210491436,-108.71416975290947,0.0,-108.71416975290947,221.65100744305232,139.8485438531818,0.0,139.8485438531818
1166.8420321948358,355.72351479530334,3.277659063402196,469.78925788827655,-114.06574309297321,0.0,-114.06574309297321,220.55892150400132,135.16459329130203,0.0,135.16459329130203
1167.4780322064178,355.3068654537201,3.2850232518674902,469.3647947274095,-114.05792927368941,0.0,-114.05792927368941,219.46683556495054,135.84002988876955,0.0,135.84002988876955
1168.1140322179997,343.8675057888031,3.292380638651722,468.94033156654245,-125.07282577773935,0.0,-125.07282577773935,218.37474962589954,125.49275616290356,0.0,125.49275616290356
1168.7500322295816,350.90067052841187,3.342140974050942,468.5158684056754,-117.61519787726354,0.0,-117.61519787726354,217.28266368684854,133.61800684156333,0.0,133.61800684156333
1169.3860322411635,347.78195905685425,3.3487974995448764,468.09140524480836,-120.30944618795411,0.0,-120.30944618795411,216.19057774779776,131.5913813090565,0.0,131.5913813090565
1170.0220322527455,350.4706027507782,3.3957455346331082,467.6669420839413,-117.19633933316311,0.0,-117.19633933316311,215.09849180874676,135.37211094203144,0.0,135.37211094203144
1170.6580322643274,350.77344393730164,3.2857690126287813,467.24247892307426,-116.46903498577262,0.0,-116.46903498577262,214.00640586969575,136.76703806760588,0.0,136.76703806760588
1171.2940322759093,340.7554016113281,3.4610285159685747,466.8180157622072,-126.06261415087909,0.0,-126.06261415087909,212.91431993064475,127.84108168068337,0.0,127.84108168068337
1171.9300322874913,354.0314121246338,3.2564379761489226,466.39355260134016,-112.36214047670637,0.0,-112.36214047670637,211.82223399159398,142.2091781330398,0.0,142.2091781330398
1172.5660322990732,354.58332347869873,3.384976293097335,465.9690894404731,-111.38576596177438,0.0,-111.38576596177438,210.73014805254297,143.85317542615576,0.0,143.85317542615576
1173.202032310655,362.60321164131165,3.6998919033231,465.54462627960606,-102.94141463829442,0.0,-102.94141463829442,209.63806211349197,152.96514952781968,0.0,152.96514952781968
1173.838032322237,363.16253995895386,3.3638117745510048,465.120163118739,-101.95762315978516,0.0,-101.95762315978516,208.5459761744412,154.61656378451266,0.0,154.61656378451266
1174.474032333819,340.17619228363037,3.592151502047968,464.69569995787197,-124.5195076742416,0.0,-124.5195076742416,207.4538902353902,132.72230204824018,0.0,132.72230204824018
1175.110032345401,338.2130129337311,3.470340167719074,464.2712367970049,-126.05822386327384,0.0,-126.05822386327384,206.3618042963392,131.8512086373919,0.0,131.8512086373919
1175.7460323569828,352.7994456291199,3.3192095452099544,463.84677363613787,-111.047328007018,0.0,-111.047328007018,205.2697183572884,147.52972727183146,0.0,147.52972727183146
1176.3820323685648,350.92094469070435,3.3592706675724147,463.4223104752708,-112.50136578456647,0.0,-112.50136578456647,204.1776324182374,146.74331227246694,0.0,146.74331227246694
1177.0180323801467,361.93459367752075,3.4750688985441793,462.99784731440377,-101.06325363688302,0.0,-101.06325363688302,203.0855464791864,158.84904719833435,0.0,158.84904719833435
1177.6540323917286,354.05108308792114,3.2793838409335914,462.5733841535367,-108.52230106561558,0.0,-108.52230106561558,201.9934605401354,152.05762254778574,0.0,152.05762254778574
1178.2900324033105,341.14305663108826,3.2450983878375776,462.1489209926697,-121.00586436158142,0.0,-121.00586436158142,200.90137460108463,140.24168203000363,0.0,140.24168203000363
1178.9260324148925,343.9264681339264,3.3340918396550263,461.7244578318026,-117.79798969787623,0.0,-117.79798969787623,199.80928866203362,144.11717947189277,0.0,144.11717947189277
1179.5620324264744,342.96639013290405,3.4374955640771936,461.2999946709356,-118.33360453803152,0.0,-118.33360453803152,198.71720272298262,144.24918740992143,0.0,144.24918740992143
1180.1980324380563,336.3191177845001,3.402477665343682,460.8755315100685,-124.5564137255684,0.0,-124.5564137255684,197.62511678393184,138.69400100056828,0.0,138.69400100056828
1180.8340324496382,344.40713477134705,3.6890513735854555,460.4510683492015,-116.04393357785443,0.0,-116.04393357785443,196.53303084488084,147.8741039264662,0.0,147.8741039264662
1181.4700324612202,327.3773355484009,3.2734889694573446,460.02660518833443,-132.64926963993355,0.0,-132.64926963993355,195.44094490582984,131.93639064257104,0.0,131.93639064257104
1182.106032472802,338.222190618515,3.276164165003132,459.6021420274674,-121.37995140895237,0.0,-121.37995140895237,194.34885896677883,143.87333165173618,0.0,143.87333165173618
1182.742032484384,336.07860827445984,3.491670421421328,459.17767886660033,-123.09907059214049,0.0,-123.09907059214049,193.25677302772806,142.82183524673178,0.0,142.82183524673178
1183.378032495966,344.0563893318176,3.922471764304793,458.7532157057333,-114.69682637391566,0.0,-114.69682637391566,192.16468708867706,151.89170224314057,0.0,151.89170224314057
1184.0140325075479,346.3074929714203,3.3488397355722213,458.32875254486623,-112.02125957344595,0.0,-112.02125957344595,191.07260114962605,155.23489182179424,0.0,155.23489182179424
1184.6500325191298,332.4446747303009,3.530480912521397,457.9042893839992,-125.45961465369828,0.0,-125.45961465369828,189.98051521057528,142.46415951972563,0.0,142.46415951972563
1185.2860325307117,331.4522304534912,4.4025291451995034,457.47982622313214,-126.02759576964093,0.0,-126.02759576964093,188.88842927152427,142.56380118196694,0.0,142.56380118196694
1185.9220325422937,348.8219323158264,3.4404742922721074,457.0553630622651,-108.23343074643867,0.0,-108.23343074643867,187.79634333247327,161.02558898335315,0.0,161.02558898335315
1186.5580325538756,352.568274974823,3.4222984787684982,456.63089990139804,-104.06262492657504,0.0,-104.06262492657504,186.70425739342227,165.86401758140073,0.0,165.86401758140073
1187.1940325654575,356.26437067985535,3.58529677753804,456.206436740531,-99.94206606067564,0.0,-99.94206606067564,185.6121714543715,170.65219922548386,0.0,170.65219922548386
1187.8300325770394,359.9657943248749,3.4378110397309576,455.78197357966394,-95.81617925478906,0.0,-95.81617925478906,184.5200855153205,175.4457088095544,0.0,175.4457088095544
1188.4660325886214,353.62067437171936,3.4809430912812904,455.3575104187969,-101.73683604707753,0.0,-101.73683604707753,183.42799957626949,170.19267479544988,0.0,170.19267479544988
1189.1020326002033,355.3689022064209,3.3004640343392926,454.93304725792984,-99.56414505150894,0.0,-99.56414505150894,182.3359136372187,173.0329885692022,0.0,173.0329885692022
1189.7380326117852,373.7909269332886,3.4266425913253773,454.5085840970628,-80.71765716377422,0.0,-80.71765716377422,181.2438276981677,192.54709923512087,0.0,192.54709923512087
1190.3740326233672,410.05536365509033,3.5293428174970414,454.08412093619575,-44.02875728110541,0.0,-44.02875728110541,180.1517417591167,229.90362189597363,0.0,229.90362189597363
1191.010032634949,403.14222264289856,3.648436619863654,453.6596577753287,-50.51743513243014,0.0,-50.51743513243014,179.05965582006593,224.08256682283263,0.0,224.08256682283263
1191.646032646531,360.0725269317627,3.860072924402021,453.23519461446165,-93.16266768269895,0.0,-93.16266768269895,177.96756988101492,182.10495705074777,0.0,182.10495705074777
1192.282032658113,359.954740524292,3.372978649191698,452.8107314535946,-92.8559909293026,0.0,-92.8559909293026,176.87548394196392,183.07925658232807,0.0,183.07925658232807
1192.9180326696949,370.9291841983795,3.5289169663212197,452.38626829272755,-81.45708409434803,0.0,-81.45708409434803,175.78339800291315,195.14578619546637,0.0,195.14578619546637
1193.5540326812768,359.3539786338806,3.4747108648651315,451.9618051318605,-92.60782649797989,0.0,-92.60782649797989,174.69131206386191,184.6626665700187,0.0,184.6626665700187
1194.1900326928587,360.00389862060547,3.438742985136505,451.53734197099345,-91.53344335038798,0.0,-91.53344335038798,173.59922612481114,186.40467249579433,0.0,186.40467249579433
1194.8260327044406,349.4331521987915,3.488460648182015,451.1128788101264,-101.6797266113349,0.0,-101.6797266113349,172.50714018576036,176.92601201303114,0.0,176.92601201303114
1195.4620327160226,357.9326641559601,3.3660627668907765,450.68841564925947,-92.75575149329939,0.0,-92.75575149329939,171.41505424670913,186.51760990925095,0.0,186.51760990925095
1196.0980327276045,357.5547983646393,3.996475638092953,450.2639524883924,-92.70915412375314,0.0,-92.70915412375314,170.32296830765836,187.23183005698093,0.0,187.23183005698093
1196.7340327391864,361.101886510849,3.9210189597920464,449.83948932752537,-88.73760281667637,0.0,-88.73760281667637,169.23088236860758,191.87100414224142,0.0,191.87100414224142
1197.3700327507684,380.21308517456055,4.259976973175661,449.4150261666583,-69.20194099209778,0.0,-69.20194099209778,168.13879642955635,212.0742887450042,0.0,212.0742887450042
1198.0060327623503,364.16365814208984,3.621450400351866,448.9905630057913,-84.82690486370143,0.0,-84.82690486370143,167.04671049050557,197.11694765158427,0.0,197.11694765158427
1198.6420327739322,362.32879972457886,3.722193050492832,448.5660998449242,-86.23730012034537,0.0,-86.23730012034537,165.9546245514548,196.37417517312406,0.0,196.37417517312406
1199.2780327855141,357.4069781303406,3.51412133965465,448.1416366840572,-90.7346585537166,0.0,-90.7346585537166,164.86253861240357,192.544439517937,0.0,192.544439517937
1199.914032797096,365.6902611255646,3.499363625283311,447.7171735231901,-82.02691239762555,0.0,-82.02691239762555,163.7704526733528,201.91980845221178,0.0,201.91980845221178
1200.550032808678,358.4356281757355,3.698812428917238,447.2927103623231,-88.8570821865876,7.063779e-317,-88.8570821865876,162.67836673430156,195.7572614414339,0.0,195.7572614414339
1201.18603282026,360.7935802936554,3.7146212988789737,446.86824720145603,-86.07466690780063,5.91922921914e-312,-86.07466690780063,161.5862807952508,199.2072994984046,0.0,199.2072994984046
1201.8220328318419,358.7432041168213,3.6652143076196513,446.443784040589,-87.70057992376769,4.534230992708363e-307,-87.70057992376769,160.4941948562,198.24900926062128,0.0,198.24900926062128
1202.4580328434238,352.5702061653137,3.618061514741392,446.01932087972193,-93.44911471440821,3.1791035057920855e-302,-93.44911471440821,159.40210891714878,193.16809724816494,0.0,193.16809724816494
1203.0940328550057,374.92855048179626,3.520591902190676,445.5948577188549,-70.66630723705862,2.040178822262297e-297,-70.66630723705862,158.310022978098,216.61852750369826,0.0,216.61852750369826
1203.7300328665876,373.67336320877075,3.7564115854353917,445.17039455798783,-71.49703134921708,1.1983794210917183e-292,-71.49703134921708,157.21793703904723,216.45542616972352,0.0,216.45542616972352
1204.3660328781696,376.6922490596771,3.6166260897921174,444.7459313971208,-68.05368233744366,6.442923731092559e-288,-68.05368233744366,156.125851099996,220.56639795968113,0.0,220.56639795968113
1205.0020328897515,356.5604405403137,3.9973639062217132,444.32146823625374,-87.76102769594002,3.170546875251927e-283,-87.76102769594002,155.03376516094522,201.5266753793685,0.0,201.5266753793685
1205.6380329013334,347.57607340812683,3.7825375095752074,443.8970050753867,-96.32093166725986,1.4280647748464225e-278,-96.32093166725986,153.94167922189445,193.63439418623238,0.0,193.63439418623238
1206.2740329129153,357.219322681427,3.6281437350763235,443.47254191451964,-86.25321923309264,5.88740856747144e-274,-86.25321923309264,152.84959328284322,204.3697293985838,0.0,204.3697293985838
1206.9100329244973,358.35476303100586,3.7169655376640076,443.0480787536526,-84.69331572264673,2.2215852562554936e-269,-84.69331572264673,151.75750734379244,206.59725568721342,0.0,206.59725568721342
1207.5460329360792,355.55232977867126,3.551245385599483,442.62361559278554,-87.07128581411428,7.672984728494098e-265,-87.07128581411428,150.66542140474166,204.8869083739296,0.0,204.8869083739296
1208.1820329476611,349.7787072658539,3.5392842347204683,442.1991524319185,-92.42044516606461,2.4256504874538858e-260,-92.42044516606461,149.57333546569043,200.20537180016345,0.0,200.20537180016345
1208.818032959243,352.19335436820984,3.60295888144147,441.77468927105144,-89.5813349028416,7.01866725099596e-256,-89.5813349028416,148.48124952663966,203.71210484157018,0.0,203.71210484157018
1209.454032970825,385.6773729324341,3.680448744578009,441.3502261101844,-55.67285317775031,1.8588469090173353e-251,-55.67285317775031,147.38916358758888,238.2882093448452,0.0,238.2882093448452
1210.090032982407,369.91623878479004,3.5840835999495098,440.92576294931735,-71.0095241645273,4.5060409495673e-247,-71.0095241645273,146.29707764853765,223.6191611362524,0.0,223.6191611362524
1210.7260329939888,351.6251075267792,3.799758924790618,440.5012997884503,-88.87619226167112,9.997909125838602e-243,-88.87619226167112,145.20499170948688,206.4201158172923,0.0,206.4201158172923
1211.3620330055708,348.08549451828003,3.706791730796075,440.07683662758325,-91.99134210930322,2.030419502101023e-238,-91.99134210930322,144.11290577043565,203.97258874784438,0.0,203.97258874784438
1211.9980330171527,354.96301674842834,3.886420918905883,439.6523734667162,-84.68935671828785,3.7741999767307204e-234,-84.68935671828785,143.02081983138487,211.94219691704347,0.0,211.94219691704347
1212.6340330287346,365.8760623931885,3.75808575261047,439.22791030584915,-73.35184791266067,6.42135350889987e-230,-73.35184791266067,141.9287338923341,223.94732850085438,0.0,223.94732850085438
1213.2700330403165,364.9656231403351,3.727961128442344,438.8034471449821,-73.83782400464702,9.999787968088298e-226,-73.83782400464702,140.83664795328286,224.12897518705222,0.0,224.12897518705222
1213.9060330518985,368.88400864601135,3.810927955809588,438.37898398411505,-69.4949753381037,1.4253369501974142e-221,-69.4949753381037,139.7445620142321,229.13944663177926,0.0,229.13944663177926
1214.5420330634804,356.90849709510803,3.919641050561026,437.954520823248,-81.04602372813997,1.859545616757695e-217,-81.04602372813997,138.6524760751813,218.25602101992672,0.0,218.25602101992672
1215.1780330750623,358.3271222114563,5.056307463748415,437.53005766238095,-79.20293545092466,2.2205403515831686e-213,-79.20293545092466,137.56039013613008,220.76673207532622,0.0,220.76673207532622
1215.8140330866443,385.75424575805664,4.63507896404111,437.1055945015139,-51.351348743457265,2.4270182547614184e-209,-51.351348743457265,136.4683041970793,249.28594156097734,0.0,249.28594156097734
1216.4500330982262,384.3724887371063,4.629129861004809,436.68113134064686,-52.308642603540534,2.4280071230811947e-205,-52.308642603540534,135.37621825802853,248.9962704790778,0.0,248.9962704790778
1217.086033109808,361.9739463329315,3.8240655387474076,436.2566681797798,-74.28272184684829,2.223255679497045e-201,-74.28272184684829,134.2841323189773,227.68981401395422,0.0,227.68981401395422
1217.72203312139,380.3462781906128,3.8882718763319786,435.83220501891276,-55.48592682829997,1.863336986696876e-197,-55.48592682829997,133.19204637992652,247.15423181068627,0.0,247.15423181068627
1218.358033132972,381.23411536216736,3.795397837264997,435.4077418580457,-54.17362649587835,1.429407114031388e-193,-54.17362649587835,132.09996044087575,249.1341549212916,0.0,249.1341549212916
1218.994033144554,366.3536081314087,3.855054975114861,434.98327869717866,-68.62967056576997,1.0036516757798054e-189,-68.62967056576997,131.00787450182452,235.34573362958417,0.0,235.34573362958417
1219.6300331561358,367.03746914863586,3.8050075672071775,434.5588155363116,-67.52134638767575,6.450191806218308e-186,-67.52134638767575,129.91578856277374,237.12168058586212,0.0,237.12168058586212
1220.2660331677178,364.90536761283875,3.8886196300608487,434.13435237544456,-69.22898476260582,3.794239882187593e-182,-69.22898476260582,128.82370262372297,236.08166498911578,0.0,236.08166498911578
1220.9020331792997,381.0464482307434,4.101008718008895,433.7098892145775,-52.66344098383411,2.042864118815781e-178,-52.66344098383411,127.73161668467174,253.31483154607167,0.0,253.31483154607167
1221.5380331908816,376.544171333313,3.7608090984306086,433.28542605371047,-56.74125472039748,1.0067385909044312e-174,-56.74125472039748,126.63953074562096,249.90464058769203,0.0,249.90464058769203
1222.1740332024635,370.5556116104126,3.986599891444168,432.8609628928434,-62.30535128243082,4.541052187009092e-171,-62.30535128243082,125.54744480656973,245.00816680384287,0.0,245.00816680384287
1222.8100332140455,367.8546841144562,3.841430229042057,432.43649973197637,-64.58181561752019,1.8748166840366404e-167,-64.58181561752019,124.45535886751895,243.39932524693722,0.0,243.39932524693722
1223.4460332256274,365.487154006958,3.918337221789966,432.0120365711093,-66.52488256415131,7.084735918331116e-164,-66.52488256415131,123.36327292846818,242.12388107848983,0.0,242.12388107848983
1224.0820332372093,367.6685583591461,4.308997574913195,431.58757341024227,-63.91901505109615,2.4504794453138278e-160,-63.91901505109615,122.27118698941695,245.39737136972917,0.0,245.39737136972917
1224.7180332487912,375.7207467556,3.9522107633404886,431.1631102493752,-55.44236349377525,7.757843273933055e-157,-55.44236349377525,121.17910105036617,254.5416457052338,0.0,254.5416457052338
1225.3540332603732,369.277708530426,3.876767424081441,430.7386470885082,-61.46093855808215,2.2479853651068973e-153,-61.46093855808215,120.0870151113154,249.19069341911063,0.0,249.19069341911063
1225.990033271955,382.03985238075256,3.865613642135854,430.3141839276411,-48.27433154688856,5.96222687478035e-150,-48.27433154688856,118.99492917226416,263.0449232084884,0.0,263.0449232084884
1226.626033283537,385.12279510498047,4.048600746320196,429.8897207667741,-44.76692566179361,1.4473916283081452e-146,-44.76692566179361,117.90284323321339,267.2199518717671,0.0,267.2199518717671
1227.262033295119,383.7559747695923,3.912401435754742,429.465257605907,-45.70928283631474,3.2160749045302373e-143,-45.70928283631474,116.81075729416261,266.9452174754297,0.0,266.9452174754297
1227.8980333067009,385.2812328338623,3.823766528176124,429.04079444504,-43.75956161117767,6.540768742796652e-140,-43.75956161117767,115.71867135511138,269.5625614787509,0.0,269.5625614787509
1228.5340333182828,391.52138471603394,3.8804974733406876,428.61633128417293,-37.094946568138994,1.2175700980439008e-136,-37.094946568138994,114.6265854160606,276.89479929997333,0.0,276.89479929997333
1229.1700333298647,390.4430260658264,3.947927491909922,428.1918681233059,-37.748842057479465,2.0745394295653777e-133,-37.748842057479465,113.53449947700983,276.9085265888166,0.0,276.9085265888166
1229.8060333414467,374.3748128414154,3.753419506775184,427.76740496243883,-53.392592121023426,3.235280601233863e-130,-53.392592121023426,112.4424135379586,261.9323993034568,0.0,261.9323993034568
1230.4420333530286,385.64228987693787,3.771793306489953,427.3429418015718,-41.70065192463392,4.618115112999917e-127,-41.70065192463392,111.35032759890782,274.29196227803004,0.0,274.29196227803004
1231.0780333646105,380.2168519496918,3.9122041584887994,426.91847864070485,-46.701626691013075,6.033649733384399e-124,-46.701626691013075,110.25824165985705,269.9586102898347,0.0,269.9586102898347
1231.7140333761924,378.84934639930725,3.9617675914177233,426.4940154798378,-47.64466908053055,7.215359524320718e-121,-47.64466908053055,109.16615572080582,269.68319067850143,0.0,269.68319067850143
1232.3500333877744,376.39847016334534,3.8730731937339944,426.06955231897075,-49.67108215562541,7.897659346245037e-118,-49.67108215562541,108.07406978175504,268.3244003815903,0.0,268.3244003815903
1232.9860333993563,376.37214851379395,3.936209264337048,425.6450891581037,-49.272940644309756,7.912274736678051e-115,-49.272940644309756,106.98198384270381,269.39016467109013,0.0,269.39016467109013
1233.6220334109382,384.57308554649353,3.8469467770286725,425.22062599723665,-40.64754045074312,7.255491885456851e-112,-40.64754045074312,105.88989790365304,278.6831876428405,0.0,278.6831876428405
1234.2580334225202,386.8177423477173,3.7917776121519604,424.7961628363696,-37.97842048865232,6.089686043692446e-109,-37.97842048865232,104.79781196460226,282.019930383115,0.0,282.019930383115
1234.894033434102,410.962922334671,3.8886029739139514,424.37169967550255,-13.408777340831534,4.678272182629667e-106,-13.408777340831534,103.70572602555103,307.25719630912,0.0,307.25719630912
1235.530033445684,395.28070163726807,3.841792462820136,423.9472365146355,-28.66653487736744,3.289566031311369e-103,-28.66653487736744,102.61364008650025,292.6670615507678,0.0,292.6670615507678
1236.166033457266,369.9342293739319,3.91575071395641,423.52277335376846,-53.58854397983657,2.1171628830209588e-100,-53.58854397983657,101.52155414744948,268.4126752264824,0.0,268.4126752264824
1236.8020334688479,364.1506760120392,3.9710435456913435,423.0983101929014,-58.947634180862224,1.2471895836905692e-97,-58.947634180862224,100.42946820839825,263.72120780364094,0.0,263.72120780364094
1237.4380334804298,371.0069558620453,3.7947591129578306,422.67384703203436,-51.66689116998907,6.724704712155778e-95,-51.66689116998907,99.33738226934747,271.6695735926978,0.0,271.6695735926978
1238.0740334920117,371.21225786209106,3.983493831527877,422.2493838711673,-51.037126009076246,3.318765012168725e-92,-51.037126009076246,98.2452963302967,272.96696153179437,0.0,272.96696153179437
1238.7100335035936,386.7246558666229,4.509516313863436,421.82492071030026,-35.10026484367734,1.4991404666381947e-89,-35.10026484367734,97.15321039124547,289.57144547537746,0.0,289.57144547537746
1239.3460335151756,386.4606559276581,3.793998311249276,421.4004575494332,-34.93980162177513,6.198272877564173e-87,-34.93980162177513,96.06112445219469,290.3995314754634,0.0,290.3995314754634
1239.9820335267575,403.18528485298157,3.828975312940116,420.97599438856616,-17.790709535584597,2.3456412857114477e-84,-17.790709535584597,94.96903851314391,308.21624633983765,0.0,308.21624633983765
1240.6180335383394,397.2893319129944,3.7849202680356404,420.5515312276991,-23.26219931470473,8.124844210845769e-82,-23.26219931470473,93.87695257409268,303.4123793389017,0.0,303.4123793389017
1241.2540335499214,395.654500246048,3.7469253946294603,420.12706806683207,-24.472567820784093,2.5759120340165573e-79,-24.472567820784093,92.78486663504191,302.86963361100607,0.0,302.86963361100607
1241.8900335615033,375.38421154022217,3.837113593103596,419.702604905965,-44.31839336574285,7.47497172049693e-77,-44.31839336574285,91.69278069599113,283.69143084423104,0.0,283.69143084423104
1242.5260335730852,378.1745584011078,4.090382968788987,419.27814174509797,-41.10358334399018,1.985411898295221e-74,-41.10358334399018,90.6006947569399,287.5738636441679,0.0,287.5738636441679
1243.1620335846671,393.58697986602783,3.9382363670361893,418.8536785842309,-25.266698718203088,4.826743570797469e-72,-25.266698718203088,89.50860881788913,304.0783710481387,0.0,304.0783710481387
1243.798033596249,404.691029548645,3.7860391814765335,418.42921542336387,-13.738185874718852,1.0740397965670554e-69,-13.738185874718852,88.4165228788379,316.2745066698071,0.0,316.2745066698071
1244.434033607831,387.3309977054596,3.8085753484543794,418.0047522624968,-30.673754557037228,2.1875050325054572e-67,-30.673754557037228,87.32443693978712,300.0065607656725,0.0,300.0065607656725
1245.070033619413,376.3889294862747,3.6302360784288887,417.5802891016298,-41.191359615355054,4.0779348987452745e-65,-41.191359615355054,86.23235100073634,290.1565784855384,0.0,290.1565784855384
1245.7060336309949,362.87139987945557,4.051211697123714,417.1558259407627,-54.28442606130716,6.95815431463611e-63,-54.28442606130716,85.14026506168511,277.73113481777045,0.0,277.73113481777045
1246.3420336425768,376.8201072216034,3.8820977438625937,416.7313627798957,-39.91125555829228,1.0867017443822849e-60,-39.91125555829228,84.04817912263434,292.77192809896906,0.0,292.77192809896906
1246.9780336541587,370.35561752319336,4.068898189838479,416.3068996190286,-45.95128209583527,1.5534211456218511e-58,-45.95128209583527,82.95609318358356,287.3995243396098,0.0,287.3995243396098
1247.6140336657406,369.96170353889465,3.7492134533346917,415.8824364581616,-45.920732919266925,2.0325002202023256e-56,-45.920732919266925,81.86400724453233,288.0976962943623,0.0,288.0976962943623
1248.2500336773226,380.8590614795685,3.764936112365349,415.45797329729453,-34.59891181772605,2.434078220055401e-54,-34.59891181772605,80.77192130548156,300.0871401740869,0.0,300.0871401740869
1248.8860336889045,397.7950007915497,3.6342827952470436,415.0335101364275,-17.238509344877798,2.6680932226514875e-52,-17.238509344877798,79.67983536643078,318.1151654251189,0.0,318.1151654251189
1249.5220337004864,397.92634105682373,3.6283484102722654,414.60904697556043,-16.6827059187367,2.676886819427725e-50,-16.6827059187367,78.58774942737955,319.3385916294442,0.0,319.3385916294442
1250.1580337120683,386.9908354282379,3.6669744014156236,414.1845838146934,-27.193748386455468,2.4582245933256473e-48,-27.193748386455468,77.49566348832877,309.49517193990914,0.0,309.49517193990914
1250.7940337236503,384.16423654556274,3.67279331732998,413.76012065382633,-29.59588410826359,2.0662156635455653e-46,-29.59588410826359,76.403577549278,307.76065899628475,0.0,307.76065899628475
1251.4300337352322,369.5001072883606,3.8451879246015928,413.3356574929593,-43.83555020459869,1.5896162000024225e-44,-43.83555020459869,75.31149161022677,294.18861567813383,0.0,294.18861567813383
1252.0660337468141,379.1779315471649,3.757428590708004,412.91119433209224,-33.73326278492732,1.1193642978332288e-42,-33.73326278492732,74.21940567117599,304.9585258759889,0.0,304.9585258759889
1252.702033758396,377.233603477478,3.8136545807551014,412.4867311712252,-35.25312769374716,7.214615028775939e-41,-35.25312769374716,73.12731973212522,304.1062837453528,0.0,304.1062837453528
1253.338033769978,387.99304962158203,3.7023279981628656,412.06226801035814,-24.069218388776108,4.256154784158839e-39,-24.069218388776108,72.03523379307398,315.95781582850805,0.0,315.95781582850805
1253.97403378156,387.29975068569183,3.641339735530606,411.6378048494911,-24.338054163799256,2.2981808707681248e-37,-24.338054163799256,70.94314785402321,316.3566028316686,0.0,316.3566028316686
1254.6100337931418,364.543576002121,3.812605726548859,411.21334168862404,-46.66976568650307,1.1358305289818053e-35,-46.66976568650307,69.85106191497198,294.692514087149,0.0,294.692514087149
1255.2460338047238,388.0651390552521,3.7342604652344935,410.788878527757,-22.723739472504917,5.138133806784891e-34,-22.723739472504917,68.7589759759212,319.3061630793309,0.0,319.3061630793309
1255.8820338163057,393.7686502933502,3.9816214303792123,410.36441536688994,-16.595765073539724,2.1274522568122755e-32,-16.595765073539724,67.66689003687043,326.1017602564798,0.0,326.1017602564798
1256.5180338278876,384.65347027778625,3.938317234238879,409.9399522060229,-25.28648192823664,8.062630845013017e-31,-25.28648192823664,66.5748040978192,318.07866617996706,0.0,318.07866617996706
1257.1540338394695,399.33321619033813,3.9859966860192366,409.51548904515585,-10.182272854817711,2.796766886790391e-29,-10.182272854817711,65.48271815876842,333.8504980315697,0.0,333.8504980315697
1257.7900338510515,408.81442165374756,3.774742783862189,409.0910258842888,-0.2766042305412384,8.879700188962e-28,-0.2766042305412384,64.39063221971765,344.4237894340299,0.0,344.4237894340299
1258.4260338626334,508.5197024345398,3.858130594668765,408.66656272342175,99.85313971111805,2.5804941366649534e-26,99.85313971111805,63.298546280666415,445.2211561538734,0.0,445.2211561538734
1259.0620338742153,555.0596041679382,4.0231650422323515,408.2420995625547,146.81750460538353,6.863884878286125e-25,146.81750460538353,62.20646034161564,492.8531438263226,0.0,492.8531438263226
1259.6980338857973,483.18946623802185,3.783089552724043,407.81763640168765,75.3718298363342,1.6710892500353628e-23,75.3718298363342,61.11437440256486,422.075091835457,0.0,422.075091835457
1260.3340338973792,417.8706429004669,3.8535714625450863,407.3931732408206,10.477469659646317,3.7238470969108973e-22,10.477469659646317,60.02228846351363,357.8483544369533,0.0,357.8483544369533
1260.970033908961,411.53357195854187,3.7961656555598275,406.96871007995355,4.564861878588317,7.59532873689867e-21,4.564861878588317,58.93020252446286,352.603369434079,0.0,352.603369434079
1261.606033920543,377.3880093097687,3.790551436932348,406.5442469190865,-29.156237609317827,1.4179595795500282e-19,-29.156237609317827,57.83811658541208,319.5498927243566,0.0,319.5498927243566
1262.242033932125,382.7134130001068,3.58289249325545,406.11978375821946,-23.406370758112644,2.4229456186011084e-18,-23.406370758112644,56.74603064636085,325.96738235374596,0.0,325.96738235374596
1262.878033943707,398.59928369522095,3.8674120183915317,405.6953205973524,-7.096036902131459,3.789535875693699e-17,-7.096036902131459,55.653944707310075,342.9453389879109,0.0,342.9453389879109
1263.5140339552888,407.7712757587433,3.9721686737001756,405.27085743648536,2.5004183222579286,5.424889785921656e-16,2.500418322257928,54.5618587682593,353.209416990484,0.0,353.209416990484
1264.1500339668708,412.5180501937866,3.7214343836601547,404.8463942756183,7.671655918168312,7.108179004254581e-15,7.671655918168305,53.46977282920807,359.04827736457855,0.0,359.04827736457855
1264.7860339784527,413.55169320106506,3.6561353815956563,404.42193111475126,9.129762086313804,8.524881152118405e-14,9.129762086313718,52.37768689015729,361.17400631090777,0.0,361.17400631090777
1265.4220339900346,400.203330039978,3.6859376738976817,403.9974679538842,-3.7941379139061837,9.357952801499383e-13,-3.7941379139071194,51.28560095110606,348.91772908887197,0.0,348.91772908887197
1266.0580340016165,413.4587242603302,3.680195056345034,403.57300479301716,9.885719467313038,9.402339054303897e-12,9.885719467303636,50.193515012055286,363.2652092482749,0.0,363.2652092482749
1266.6940340131985,415.183301448822,3.696952426967316,403.1485416321501,12.034759816671908,8.6467620146242e-11,12.03475981658544,49.10142907300451,366.0818723758175,0.0,366.0818723758175
1267.3300340247804,399.4598479270935,3.8432230234024485,402.7240784712832,-3.2642305441896724,7.278361869791887e-10,-3.2642305449175084,48.00934313395328,351.4505047931402,0.0,351.4505047931402
1267.9660340363623,413.4409646987915,3.6272023294516424,402.29961531041613,11.141349388375374,5.607590907283989e-09,11.141349382767784,46.917257194902504,366.523707503889,0.0,366.523707503889
1268.6020340479442,390.47345638275146,3.8558626542102297,401.8751521495491,-11.401695766797616,3.9544085981089276e-08,-11.401695806341701,45.82517125585173,344.64828512689974,0.0,344.64828512689974
1269.2380340595262,381.9159586429596,3.8044930592258397,401.45068898868203,-19.534730345722437,2.5524033204737555e-07,-19.53473060096277,44.7330853168005,337.1828733261591,0.0,337.1828733261591
1269.874034071108,392.7640995979309,3.6201152989782495,401.026225827815,-8.262126229884075,1.5079245102928445e-06,-8.262127737808585,43.64099937774972,349.1231002201812,0.0,349.1231002201812
1270.51003408269,386.55155897140503,3.5448460566780247,400.60176266694793,-14.050203695542905,8.154032539861148e-06,-14.050211849575446,42.548913438698946,344.0026455327061,0.0,344.0026455327061
1271.146034094272,389.3018698692322,3.5493452968922825,400.1772995060809,-10.875429636848708,4.035783127627348e-05,-10.875469994679984,41.456827499647716,347.84504236958446,0.0,347.84504236958446
1271.7820341058539,398.0178873538971,3.752379112486613,399.75283634521384,-1.7349489913167417,0.00018282927654790322,-1.7351318205932897,40.36474156059694,357.65314579330015,0.0,357.65314579330015
1272.4180341174358,408.6579604148865,3.735829101217361,399.3283731843468,9.329587230539687,0.0007580994848053479,9.328829131054881,39.272655621546164,369.3853047933403,0.0,369.3853047933403
1273.0540341290177,407.9589123725891,3.6938910092929857,398.90391002347974,9.055002349109373,0.0028771943747677785,9.052125154734604,38.180569682494934,369.7783426900942,0.0,369.7783426900942
1273.6900341405997,401.96953654289246,3.6883569921586536,398.4794468626127,3.490089680279766,0.00999481463105372,3.4800948656487125,37.08848374344416,364.8810527994483,0.0,364.8810527994483
1274.3260341521816,421.94085144996643,3.683783312159812,398.05498370174564,23.88586774822079,0.031779190145167106,23.854088558075624,35.99639780439338,385.94445364557305,0.0,385.94445364557305
1274.9620341637635,414.5072922706604,3.648623968918739,397.6305205408786,16.876771729781808,0.0924854571293778,16.78428627265243,34.90431186534215,379.60298040531825,0.0,379.60298040531825
1275.5980341753454,400.34466910362244,3.7016146484044006,397.20605738001154,3.138611723610893,0.24635796599337137,2.892253757617522,33.812225926291376,366.53244317733106,0.0,366.53244317733106
1276.2340341869274,400.052836894989,3.6411529089645334,396.7815942191445,3.271242675844519,0.6006511492205137,2.6705915266240052,32.720139987240145,367.33269690774887,0.0,367.33269690774887
1276.8700341985093,391.41213846206665,3.5881051432500994,396.35713105827745,-4.9449925962107955,1.3404189383920735,-6.2854115346028685,31.62805404818937,359.7840844138773,0.0,359.7840844138773
1277.5060342100912,386.68348836898804,3.6807931627947768,395.9326678974104,-9.24917952842236,2.7379236829834164,-11.987103211405776,30.535968109138594,356.14752025984944,0.0,356.14752025984944
1278.1420342216732,405.0366938114166,3.789531540775028,395.50820473654335,9.528489074873278,5.11875875513007,4.409730319743208,29.443882170087363,375.59281164132926,0.0,375.59281164132926
1278.778034233255,406.2948725223541,4.100626424623897,395.0837415756763,11.211130946677827,8.759322687124891,2.4518082595529354,28.351796231036587,377.94307629131754,0.0,377.94307629131754
1279.414034244837,399.14061546325684,3.6461277198014854,394.65927841480925,4.481337048447585,13.719520401862905,-9.23818335341532,27.25971029198581,371.880905171271,0.0,371.880905171271
1280.050034256419,408.2606313228607,4.176367678946938,394.2348152539422,14.025816068918516,19.668438145836728,-5.642622076918212,26.16762435293458,382.09300696992614,0.0,382.09300696992614
1280.6860342680009,428.9493775367737,3.800979905760017,393.81035209307515,35.13902544369853,25.808540188013847,9.330485255684682,25.075538413883805,403.8738391228899,0.0,403.8738391228899
1281.3220342795828,442.0973711013794,3.645174638742065,393.3858889322081,48.71148216917129,30.999771744288598,17.711710424882693,23.98345247483303,418.11391862654636,0.0,418.11391862654636
1281.9580342911647,432.9086844921112,3.882867772888593,392.96142577134106,39.94725872077015,34.537999929952406,5.409258790817745,22.8913665357818,410.0173179563294,0.0,410.0173179563294
1282.5940343027466,421.6071774959564,3.7560294777648378,392.536962610474,29.070214885482415,56.26825999980528,-27.198045114322866,21.799280596731023,399.8078968992254,0.0,399.8078968992254
1283.2300343143286,722.5314841270447,4.110197960984059,392.11249944960696,330.4189846774377,330.6576000533243,-0.23861537588658166,20.707194657680247,701.8242894693644,0.0,701.8242894693644
1283.8660343259105,1591.4580855369568,5.634142202631161,391.6880362887399,1199.7700492482168,1192.3213877748094,7.4486614734073555,19.615108718629017,1571.8429768183278,0.0,1571.8429768183278
1284.5020343374924,1703.4554071426392,5.868659574189991,391.26357312787286,1312.1918340147663,1322.1029304589651,-9.911096444198847,18.52302277957824,1684.932384363061,0.0,1684.932384363061
1285.1380343490744,829.055061340332,4.431839185822108,390.8391099670058,438.2159513733262,430.8192411599558,7.3967102133703975,17.430936840527465,811.6241244998046,0.0,811.6241244998046
1285.7740343606563,434.52372908592224,3.6388024296063537,390.41464680613876,44.10908227978348,47.52165994499168,-3.412577665208204,16.338850901476235,418.184878184446,0.0,418.184878184446
1286.4100343722382,403.40156960487366,3.743366167631068,389.9901836452717,13.411385959601944,6.547820806803792,6.863565152798151,15.246764962425459,388.1548046424482,0.0,388.1548046424482
1287.0460343838201,411.4483642578125,3.780366707497218,389.56572048440466,21.882643773407835,3.011100650205489,18.871543123202347,14.154679023374229,397.29368523443827,0.0,397.29368523443827
1287.682034395402,411.3279514312744,3.9426862261774733,389.1412573235376,22.1866941077368,1.488757913312834,20.697936194423963,13.062593084323453,398.26535834695096,0.0,398.26535834695096
1288.318034406984,396.831346988678,3.75566090831072,388.71679416267057,8.114552826007412,0.6754035301993384,7.439149295808074,11.970507145272677,384.8608398434053,0.0,384.8608398434053
1288.954034418566,391.42539954185486,3.6254442767887185,388.2923310018035,3.1330685400513403,0.2804592889174621,2.8526092511338783,10.878421206221446,380.5469783356334,0.0,380.5469783356334
1289.5900344301479,378.661993265152,3.6326185604243006,387.86786784093647,-9.205874575784492,0.10659550161441289,-9.312470077398904,9.78633526717067,368.8756579979813,0.0,368.8756579979813
1290.2260344417298,373.12057614326477,3.6869393724685935,387.4434046800694,-14.32282853680465,0.03708262479822416,-14.359911161602874,8.694249328119895,364.4263268151449,0.0,364.4263268151449
1290.8620344533117,374.8041524887085,3.7124349801686196,387.0189415192024,-12.214789030493876,0.011807680593229442,-12.226596711087105,7.602163389068664,367.20198909963983,0.0,367.20198909963983
1291.4980344648936,379.8758089542389,3.650844602697428,386.5944783583353,-6.718669404096431,0.00344128995354656,-6.722110694049978,6.510077450017889,373.365731504221,0.0,373.365731504221
1292.1340344764756,368.52667689323425,3.642917636545607,386.1700151974683,-17.64333830423402,0.0009179953405968864,-17.644256299574618,5.417991510967113,363.10868538226714,0.0,363.10868538226714
1292.7700344880575,368.63700437545776,3.960239125741117,385.7455520366012,-17.10854766114346,0.00022414147599202528,-17.108771802619454,4.325905571915882,364.3110988035419,0.0,364.3110988035419
1293.4060344996394,374.7846510410309,4.3017392045830904,385.3210888757342,-10.536437834703293,5.0091786211190625e-05,-10.536487926489503,3.2338196328651065,371.5508314081658,0.0,371.5508314081658
1294.0420345112213,386.71937084198,4.1435412114612875,384.8966257148671,1.822745127112853,1.0246448216832525e-05,1.8227348806646362,2.1417336938143308,384.57763714816565,0.0,384.57763714816565
1294.6780345228033,404.29088973999023,3.7762697346403287,384.4721625540001,19.818727185990156,1.9184157049415194e-06,19.81872526757445,1.0496477547631002,403.24124198522713,0.0,403.24124198522713
1295.3140345343852,395.74809098243713,4.0477635823053575,384.04769939313303,11.700391589304104,3.2875671549808574e-07,11.700391260547388,-0.04243818428767554,395.7905291667248,0.0,395.7905291667248
1295.9500345459671,393.12350702285767,3.8743164041515725,383.623236232266,9.500270790591685,5.1566669759576774e-08,9.500270739025016,-1.1345241233384513,394.2580311461961,0.0,394.2580311461961
1296.586034557549,391.0985915660858,3.693942274314911,383.19877307139893,7.899818494686883,7.403312427742345e-09,7.899818487283571,-2.226610062389682,393.3252016284755,0.0,393.3252016284755
1297.222034569131,394.6308948993683,4.05443137255352,382.7743099105319,11.856584988836403,9.728493883961818e-10,11.856584987863553,-3.3186960014404576,397.94959090080874,0.0,397.94959090080874
1297.858034580713,389.0027115345001,4.027936772839734,382.34984674966483,6.6528647848352875,1.170112673599718e-10,6.652864784718276,-4.410781940491688,393.4134934749918,0.0,393.4134934749918
1298.4940345922948,397.4825632572174,4.118901072686711,381.9253835887978,15.557179668419622,1.2881673776460429e-11,15.55717966840674,-5.502867879542464,402.98543113675987,0.0,402.98543113675987
1299.1300346038768,408.27885150909424,3.9896043971489568,381.50092042793074,26.7779310811635,1.2980142200292411e-12,26.777931081162205,-6.59495381859324,414.8738053276875,0.0,414.8738053276875
1299.7660346154587,402.83517384529114,4.011457948688271,381.0764572670637,21.75871657822745,1.1971515833356043e-13,21.75871657822733,-7.68703975764447,410.5222136029356,0.0,410.5222136029356
1300.4020346270406,397.45747208595276,3.8918300474681233,380.65199410619664,16.80547797975612,1.0106048509462157e-14,16.80547797975611,-8.779125696695246,406.236597782648,0.0,406.236597782648
1301.0380346386225,402.91163182258606,3.8830498745074506,380.2275309453296,22.68410087725647,7.808653521411816e-16,22.68410087725647,-9.871211635746022,412.7828434583321,0.0,412.7828434583321
1301.6740346502045,416.2184431552887,3.935978980363799,379.80306778446254,36.415375370826155,5.5224713061738023e-17,36.415375370826155,-10.963297574797252,427.18174073008595,0.0,427.18174073008595
1302.3100346617864,405.0014171600342,3.842208674349503,379.3786046235955,25.622812536438687,3.574812955838921e-18,25.622812536438687,-12.055383513848028,417.0568006738822,0.0,417.0568006738822
1302.9460346733683,390.10854864120483,3.9434878618425944,378.95414146272856,11.154407178476276,2.1180476133679012e-19,11.154407178476276,-13.147469452898804,403.25601809410364,0.0,403.25601809410364
1303.5820346849503,397.10092210769653,3.8839805299690355,378.5296783018615,18.571243805835024,1.1486313212094548e-20,18.571243805835024,-14.239555391950034,411.34047749964657,0.0,411.34047749964657
1304.2180346965322,385.8323166370392,3.8357533916816164,378.10521514099446,7.727101496044725,5.701486898686018e-22,7.727101496044725,-15.33164133100081,401.16395796804,0.0,401.16395796804
1304.854034708114,396.25473165512085,3.989719590125987,377.6807519801274,18.57397967499344,2.5903482022064967e-23,18.57397967499344,-16.423727270051586,412.67845892517244,0.0,412.67845892517244
1305.490034719696,400.00696635246277,4.039138301063127,377.25628881926036,22.750677533202406,1.077186008843258e-24,22.750677533202406,-17.515813209102816,417.5227795615656,0.0,417.5227795615656
1306.126034731278,412.98233008384705,4.094858530638031,376.8318256583933,36.15050442545373,4.100018354701608e-26,36.15050442545373,-18.607899148153592,431.59022923200064,0.0,431.59022923200064
1306.76203474286,415.98892998695374,3.9341354940051905,376.40736249752626,39.58156748942747,1.4283789399128404e-27,39.58156748942747,-19.699985087204823,435.68891507415856,0.0,435.68891507415856
1307.3980347544418,389.2600224018097,3.9169012142752178,375.9828993366592,13.277123065150477,4.554740261831009e-29,13.277123065150477,-20.7920710262556,410.0520934280653,0.0,410.0520934280653
1308.0340347660238,398.59221625328064,3.957787125468975,375.55843617579217,23.033780077488473,1.3293714085739486e-30,23.033780077488473,-21.884156965306374,420.476373218587,0.0,420.476373218587
1308.6700347776057,415.56134605407715,4.019759207749511,375.1339730149251,40.42737303915203,3.551334596865392e-32,40.42737303915203,-22.976242904357605,438.53758895843475,0.0,438.53758895843475
1309.3060347891876,406.4892735481262,3.983984168878675,374.70950985405807,31.77976369406815,8.683591619674797e-34,31.77976369406815,-24.06832884340838,430.5576023915346,0.0,430.5576023915346
1309.9420348007695,405.6345524787903,3.903631283445346,374.285046693191,31.349505785599263,1.9434337019187716e-35,31.349505785599263,-25.160414782459156,430.79496726124944,0.0,430.79496726124944
1310.5780348123515,411.3736855983734,4.008260990125392,373.860583532324,37.51310206604944,3.9810956212819315e-37,37.51310206604944,-26.252500721510387,437.6261863198838,0.0,437.6261863198838
1311.2140348239334,410.2653954029083,4.748951041682528,373.4361203714569,36.8292750314514,7.464453698391589e-39,36.8292750314514,-27.344586660561163,437.6099820634695,0.0,437.6099820634695
1311.8500348355153,421.4547245502472,14.502816100177846,373.0116572105899,48.44306733965732,1.2810202302470121e-40,48.44306733965732,-28.43667259961194,449.89139714985913,0.0,449.89139714985913
1312.4860348470972,430.4042229652405,4.5516268537252556,372.5871940497228,57.81702891551765,2.0122247592630944e-42,57.81702891551765,-29.52875853866317,459.93298150390365,0.0,459.93298150390365
1313.1220348586792,440.9848141670227,4.055569933378687,372.1627308888558,68.82208327816693,2.893073910508705e-44,68.82208327816693,-30.620844477713945,471.60565864473665,0.0,471.60565864473665
1313.758034870261,431.7335820198059,4.218582851953704,371.7382677279887,59.99531429181718,3.807194896594752e-46,59.99531429181718,-31.71293041676472,463.44651243657063,0.0,463.44651243657063
1314.394034881843,416.5569922924042,5.3797466305531305,371.3138045671217,45.243187725282496,4.585780156428571e-48,45.243187725282496,-32.80501635581595,449.3620086482201,0.0,449.3620086482201
1315.030034893425,409.43846011161804,4.260911761511027,370.88934140625463,38.54911870536341,5.055730227669345e-50,38.54911870536341,-33.89710229486673,443.33556240648477,0.0,443.33556240648477
1315.6660349050069,429.8211283683777,5.445673077493542,370.4648782453876,59.356250122990105,5.1017255727347926e-52,59.356250122990105,-34.9891882339175,464.8103166022952,0.0,464.8103166022952
1316.3020349165888,424.1712589263916,4.28435769708987,370.04041508452053,54.13084384187107,4.7120819593419255e-54,54.13084384187107,-36.08127417296873,460.25253309936033,0.0,460.25253309936033
1316.9380349281707,402.5223264694214,4.170196235296812,369.6159519236535,32.9063745457679,3.983557754214281e-56,32.9063745457679,-37.17336011201951,439.6956865814409,0.0,439.6956865814409
1317.5740349397527,408.67631697654724,4.289102433597513,369.19148876278643,39.48482821376081,3.082420899395616e-58,39.48482821376081,-38.26544605107074,446.941763027618,0.0,446.941763027618
1318.2100349513346,424.2012050151825,4.264800692934263,368.7670256019194,55.43417941326311,2.1831084142346394e-60,55.43417941326311,-39.357531990121515,463.558737005304,0.0,463.558737005304
1318.8460349629165,432.4491448402405,4.24208029848597,368.34256244105234,64.10658239918814,1.4152110364498824e-62,64.10658239918814,-40.44961792917229,472.89876276941277,0.0,472.89876276941277
1319.4820349744984,432.6891624927521,4.339717990613729,367.9180992801853,64.77106321256679,8.397106285562627e-65,64.77106321256679,-41.54170386822352,474.2308663609756,0.0,474.2308663609756
1320.1180349860804,423.0295808315277,4.351816241670148,367.49363611931824,55.53594471220947,4.560375817903165e-67,55.53594471220947,-42.6337898072743,465.663370638802,0.0,465.663370638802
1320.7540349976623,416.1740686893463,4.372827270143284,367.0691729584512,49.10489573089512,2.2669093734186308e-69,49.10489573089512,-43.72587574632507,459.8999444356714,0.0,459.8999444356714
1321.3900350092442,407.57194089889526,4.2040956592919425,366.64470979758414,40.92723110131112,1.031407351748712e-71,40.92723110131112,-44.817961685376304,452.38990258427157,0.0,452.38990258427157
1322.0260350208262,416.04315769672394,4.551866653878,366.2202466367171,49.822911060006845,4.2952537674914944e-74,49.822911060006845,-45.91004762442708,461.953205321151,0.0,461.953205321151
1322.662035032408,454.38780426979065,4.351273608214925,365.79578347585004,88.5920207939406,1.6372310502970467e-76,88.5920207939406,-47.002133563477855,501.3899378332685,0.0,501.3899378332685
1323.29803504399,464.92717838287354,4.32484153815602,365.371320314983,99.55585806789054,5.712071800615901e-79,99.55585806789054,-48.094219502529086,513.0213978854026,0.0,513.0213978854026
1323.934035055572,429.90335988998413,4.2795678336676355,364.94685715411595,64.95650273586818,1.82406320797724e-81,64.95650273586818,-49.18630544157986,479.089665331564,0.0,479.089665331564
1324.5700350671539,412.80559754371643,4.320763353215015,364.5223939932489,48.28320355046753,5.331490620957223e-84,48.28320355046753,-50.27839138063064,463.08398892434707,0.0,463.08398892434707
1325.2060350787358,413.88128113746643,4.3719579789771075,364.09793083238185,49.78335030508458,1.4263297997262523e-86,49.78335030508458,-51.37047731968187,465.2517584571483,0.0,465.2517584571483
1325.8420350903177,417.4064486026764,4.355345992493245,363.6734676715148,53.73298093116159,3.492639830479156e-89,53.73298093116159,-52.462563258732644,469.86901186140904,0.0,469.86901186140904
1326.4780351018996,426.9932506084442,4.507714378068424,363.24900451064775,63.74424609779646,7.827988687193754e-92,63.74424609779646,-53.55464919778342,480.54789980622763,0.0,480.54789980622763
1327.1140351134816,401.9506125450134,4.389116909626292,362.8245413497807,39.126071195232726,1.6058653101014036e-94,39.126071195232726,-54.64673513683465,456.5973476818481,0.0,456.5973476818481
1327.7500351250635,392.41272044181824,4.372163614045982,362.40007818891365,30.012642252904584,3.0153003915646346e-97,30.012642252904584,-55.738821075885426,448.15154151770366,0.0,448.15154151770366
1328.3860351366454,410.7035138607025,4.33724728994747,361.9756150280466,48.72789883265591,5.182205035010466e-100,48.72789883265591,-56.830907014936656,467.53442087563917,0.0,467.53442087563917
1329.0220351482271,412.78748631477356,4.4349004178557045,361.5511518671798,51.23633444759378,8.151943107942854e-103,51.23633444759378,-57.92299295398698,470.71047926876054,0.0,470.71047926876054
1329.658035159809,395.29068517684937,4.288619130525405,361.12668870631273,34.16399647053663,1.1737354686048994e-105,34.16399647053663,-59.01507889303775,454.3057640698871,0.0,454.3057640698871
1330.294035171391,393.80862069129944,4.516193712842023,360.7022255454457,33.10639514585375,1.546827403127797e-108,33.10639514585375,-60.10716483208898,453.9157855233884,0.0,453.9157855233884
1330.930035182973,380.103972196579,4.827166632643547,360.27776238457864,19.826209812000343,1.8658469904294772e-111,19.826209812000343,-61.19925077113976,441.30322296771874,0.0,441.30322296771874
1331.5660351945548,381.13432574272156,4.896265545776558,359.8532992237116,21.28102651900997,2.060026161389635e-114,21.28102651900997,-62.291336710190535,443.4256624529121,0.0,443.4256624529121
1332.2020352061368,387.4997866153717,5.062137712464612,359.42883606284454,28.070950552527165,2.0817663556408097e-117,28.070950552527165,-63.383422649241766,450.88320926461347,0.0,450.88320926461347
1332.8380352177187,401.2302920818329,4.597206608570535,359.0043729019775,42.225919179855396,1.9255454561417947e-120,42.225919179855396,-64.47550858829254,465.7058006701254,0.0,465.7058006701254
1333.4740352293006,391.05648255348206,4.534391023029953,358.57990974111044,32.476572812371614,1.6301895532652e-123,32.476572812371614,-65.56759452734332,456.6240770808254,0.0,456.6240770808254
1334.1100352408826,392.79635310173035,4.388237068226534,358.1554465802434,34.640906521486954,1.263237403531891e-126,34.640906521486954,-66.65968046639455,459.4560335681249,0.0,459.4560335681249
1334.7460352524645,388.4225044250488,4.474330469607014,357.73098341937634,30.691521005672485,8.959718958181793e-130,30.691521005672485,-67.75176640544532,456.17427083049415,0.0,456.17427083049415
1335.3820352640464,387.62980937957764,4.773251552179789,357.3065202585093,30.323289121068342,5.816561689019575e-133,30.323289121068342,-68.84385234449655,456.4736617240742,0.0,456.4736617240742
1336.0180352756283,390.8636317253113,4.723325519351979,356.88205709764225,33.98157462766903,3.456215631084656e-136,33.98157462766903,-69.93593828354733,460.7995700088586,0.0,460.7995700088586
1336.6540352872103,407.91287875175476,4.80295280617827,356.4575939367752,51.455284814979564,1.8797403408073465e-139,51.455284814979564,-71.0280242225981,478.94090297435287,0.0,478.94090297435287
1337.2900352987922,398.312965631485,4.520117987361071,356.03313077590815,42.27983485557684,9.35744825012481e-143,42.27983485557684,-72.12011016164934,470.4330757931343,0.0,470.4330757931343
1337.9260353103741,397.1109311580658,4.714490712238902,355.6086676150411,41.502263543024696,4.263630364210495e-146,41.502263543024696,-73.21219610070011,470.3231272587659,0.0,470.3231272587659
1338.562035321956,385.94878339767456,4.5322079985039485,355.18420445417405,30.76457894350051,1.7781328247800175e-149,30.76457894350051,-74.30428203975089,460.25306543742545,0.0,460.25306543742545
1339.198035333538,374.2316460609436,4.621098409711197,354.759741293307,19.4719047676366,6.787524219909725e-153,19.4719047676366,-75.39636797880212,449.6280140397457,0.0,449.6280140397457
1339.83403534512,396.858939409256,4.538656003341535,354.33527813243995,42.52366127681603,2.371489060765253e-156,42.52366127681603,-76.4884539178529,473.3473933271089,0.0,473.3473933271089
1340.4700353567018,391.52879548072815,5.443988946085915,353.9108149715729,37.617980509155245,7.583913996749141e-160,37.617980509155245,-77.58053985690367,469.1093353376318,0.0,469.1093353376318
1341.1060353682838,391.10697078704834,4.6514205070393935,353.48635181070586,37.620618976342485,2.2198734313737766e-163,37.620618976342485,-78.6726257959549,469.77959658300324,0.0,469.77959658300324
1341.7420353798657,402.08381938934326,4.712066369361799,353.0618886498388,49.021930739504455,5.9473783512845314e-167,49.021930739504455,-79.76471173500568,481.84853112434894,0.0,481.84853112434894
1342.3780353914476,391.73940896987915,4.727747211693427,352.63742548897176,39.10198348090739,1.4584295737631088e-170,39.10198348090739,-80.85679767405645,472.5962066439356,0.0,472.5962066439356
1343.0140354030295,380.33936381340027,7.004436768066061,352.2129623281047,28.12640148529556,3.2734664728720655e-174,28.12640148529556,-81.94888361310768,462.28824742650795,0.0,462.28824742650795
1343.6500354146115,380.0202111005783,8.877514317568805,351.78849916723766,28.231711933340648,6.725009039375875e-178,28.231711933340648,-83.04096955215846,463.06118065273677,0.0,463.06118065273677
1344.2860354261934,425.13807487487793,11.330584105494127,351.3640360063706,73.77403886850732,1.2645627594239122e-181,73.77403886850732,-84.13305549120923,509.27113036608716,0.0,509.27113036608716
1344.9220354377753,423.45723056793213,4.812946673549591,350.93957284550356,72.51765772242857,2.176458766740043e-185,72.51765772242857,-85.22514143026046,508.6823719981926,0.0,508.6823719981926
1345.5580354493572,383.1493299007416,4.425552177693981,350.5151096846365,32.634220216105064,3.4286490984177343e-189,32.634220216105064,-86.31722736931124,469.4665572700528,0.0,469.4665572700528
1346.1940354609392,380.706983089447,4.585524355492573,350.09064652376946,30.616336565677557,4.94376907390382e-193,30.616336565677557,-87.40931330836247,468.1162963978095,0.0,468.1162963978095
1346.830035472521,401.26055574417114,4.512152683323122,349.6661833629024,51.59437238126873,6.524629467348115e-197,51.59437238126873,-88.50139924741325,489.7619549915844,0.0,489.7619549915844
1347.466035484103,397.74564385414124,4.50565954430513,349.24172020203537,48.50392365210587,7.881630490870679e-201,48.50392365210587,-89.59348518646402,487.33912904060526,0.0,487.33912904060526
1348.102035495685,413.56539154052734,4.828560260777827,348.8172570411683,64.74813449935903,8.714426828520233e-205,64.74813449935903,-90.68557112551525,504.2509626660426,0.0,504.2509626660426
1348.7380355072669,395.6942923069,4.59811551153488,348.39279388030127,47.301498426598755,8.819097121457287e-209,47.301498426598755,-91.77765706456603,487.47194937146605,0.0,487.47194937146605
1349.3740355188488,419.59615182876587,4.62907418895925,347.9683307194342,71.62782110933165,8.16905769549496e-213,71.62782110933165,-92.8697430036168,512.4658948323827,0.0,512.4658948323827
1350.0100355304307,411.54314398765564,5.134804385576282,347.5438675585672,63.99927642908847,6.9259976788336845e-217,63.99927642908847,-93.96182894266803,505.5049729303237,0.0,505.5049729303237
1350.6460355420127,395.2282147407532,4.662780165550593,347.1194043977001,48.10881034305305,5.374712772533843e-221,48.10881034305305,-95.05391488171881,490.282129622472,0.0,490.282129622472
1351.2820355535946,386.97235584259033,4.696702312431871,346.6949412368331,40.27741460575726,3.8176026126624523e-225,40.27741460575726,-96.14600082076959,483.1183566633599,0.0,483.1183566633599
1351.9180355651765,389.75559282302856,4.648443050247909,346.270478075966,43.48511474706254,2.4819253703224713e-229,43.48511474706254,-97.23808675982082,486.9936795828494,0.0,486.9936795828494
1352.5540355767585,398.93437695503235,4.479339498757497,345.846014915099,53.08836203993337,1.476893768225572e-233,53.08836203993337,-98.33017269887159,497.26454965390394,0.0,497.26454965390394
1353.1900355883404,384.1663317680359,4.636901977735637,345.4215517542319,38.74478001380396,8.04400511041166e-238,38.74478001380396,-99.42225863792237,483.58859040595826,0.0,483.58859040595826
1353.8260355999223,402.3750956058502,4.8434299597275015,344.9970885933649,57.37800701248534,4.010125440690049e-242,57.37800701248534,-100.5143445769736,502.8894401828238,0.0,502.8894401828238
1354.4620356115042,412.35651755332947,4.602280897330518,344.57262543249783,67.78389212083164,1.8298105129799952e-246,67.78389212083164,-101.60643051602437,513.9629480693538,0.0,513.9629480693538
1355.0980356230862,413.619469165802,6.374042044029468,344.1481622716308,69.47130689417122,7.642172197772145e-251,69.47130689417122,-102.69851645507515,516.3179856208772,0.0,516.3179856208772
1355.734035634668,404.4090476036072,5.018376343196254,343.72369911076373,60.685348492843445,2.921393511269725e-255,60.685348492843445,-103.79060239412638,508.19964999773356,0.0,508.19964999773356
1356.37003564625,418.55975437164307,4.908726402929809,343.2992359498967,75.26051842174638,1.0221763810688089e-259,75.26051842174638,-104.88268833317716,523.4424427048202,0.0,523.4424427048202
1357.006035657832,404.2658414840698,4.691965239676737,342.87477278902963,61.39106869504019,3.2735890806266075e-264,61.39106869504019,-105.97477427222839,510.2406157562982,0.0,510.2406157562982
1357.6420356694139,383.20541167259216,4.515112180354775,342.4503096281626,40.75510204442958,9.595884796721481e-269,40.75510204442958,-107.06686021127916,490.2722718838713,0.0,490.2722718838713
1358.2780356809958,403.6936128139496,4.501788154611082,342.02584646729554,61.66776634665405,2.5745920728265376e-273,61.66776634665405,-108.15894615032994,511.8525589642795,0.0,511.8525589642795
1358.9140356925777,390.240446805954,4.660443787192197,341.6013833064285,48.63906349952549,6.322580540683343e-278,48.63906349952549,-109.25103208938117,499.49147889533515,0.0,499.49147889533515
1359.5500357041597,391.73981380462646,4.832895621289518,341.17692014556144,50.562893659065026,1.4211596006078807e-282,50.562893659065026,-110.34311802843195,502.0829318330584,0.0,502.0829318330584
1360.1860357157416,415.67843317985535,4.879018431657062,340.7524569846944,74.92597619516096,2.923841839854858e-287,74.92597619516096,-111.43520396748272,527.1136371473381,0.0,527.1136371473381
1360.8220357273235,409.46160793304443,4.603683162105796,340.32799382382734,69.13361410921709,5.5058888528434315e-292,69.13361410921709,-112.52728990653395,521.9888978395784,0.0,521.9888978395784
1361.4580357389054,392.80373907089233,4.825306075967259,339.9035306629603,52.90020840793204,9.48994168910988e-297,52.90020840793204,-113.61937584558473,506.42311491647706,0.0,506.42311491647706
1362.0940357504874,391.8848805427551,4.628779813924555,339.47906750209324,52.40581304066188,1.49713922178233e-301,52.40581304066188,-114.7114617846355,506.59634232739063,0.0,506.59634232739063
1362.7300357620693,388.047589302063,5.615829054010056,339.0546043412262,48.99298496083679,2.161839125517287e-306,48.99298496083679,-115.80354772368673,503.8511370257497,0.0,503.8511370257497
1363.3660357736512,418.96802163124084,4.90926754213343,338.63014118035926,80.33788045088158,2.8572424643264e-311,80.33788045088158,-116.89563366273751,535.8636552939784,0.0,535.8636552939784
1364.0020357852331,399.1919162273407,4.546213638006258,338.2056780194922,60.98623820784849,3.4569532e-316,60.98623820784849,-117.98771960178829,517.179635829129,0.0,517.179635829129
1364.638035796815,391.88649702072144,4.673568969114683,337.78121485862516,54.10528216209627,0.0,54.10528216209627,-119.07980554083952,510.96630256156095,0.0,510.96630256156095
1365.274035808397,387.3087697029114,4.569891928799886,337.3567516977581,49.95201800515326,0.0,49.95201800515326,-120.17189147989029,507.48066118280167,0.0,507.48066118280167
1365.910035819979,402.9743413925171,4.566542458759623,336.93228853689106,66.04205285562603,0.0,66.04205285562603,-121.26397741894107,524.2383188114582,0.0,524.2383188114582
1366.5460358315609,390.5337471961975,4.5067093898838015,336.507825376024,54.025921820173494,0.0,54.025921820173494,-122.3560633579923,512.8898105541898,0.0,512.8898105541898
1367.1820358431428,406.5041902065277,4.818427327729196,336.08336221515697,70.42082799137074,0.0,70.42082799137074,-123.44814929704307,529.9523395035708,0.0,529.9523395035708
1367.8180358547247,392.92220306396484,4.540497634682238,335.6588990542899,57.263304009674926,0.0,57.263304009674926,-124.5402352360943,517.4624383000591,0.0,517.4624383000591
1368.4540358663066,421.30709171295166,4.8956093970247085,335.23443589342287,86.07265581952879,0.0,86.07265581952879,-125.63232117514508,546.9394128880967,0.0,546.9394128880967
1369.0900358778886,406.7350525856018,4.664231792628791,334.8099727325558,71.92507985304599,0.0,71.92507985304599,-126.72440711419586,533.4594596997977,0.0,533.4594596997977
1369.7260358894705,414.4184820652008,5.238461263614244,334.3855095716888,80.03297249351203,0.0,80.03297249351203,-127.81649305324709,542.2349751184479,0.0,542.2349751184479
1370.3620359010524,416.23807525634766,4.610136295626715,333.9610464108217,82.27702884552593,0.0,82.27702884552593,-128.90857899229786,545.1466542486455,0.0,545.1466542486455
1370.9980359126344,392.5664258003235,4.869465141981443,333.5365832499547,59.02984255036881,0.0,59.02984255036881,-130.00066493134864,522.5670907316721,0.0,522.5670907316721
1371.6340359242163,403.5615599155426,4.4653569759474845,333.1121200890876,70.44943982645498,0.0,70.44943982645498,-131.09275087039987,534.6543107859425,0.0,534.6543107859425
1372.2700359357982,405.810209274292,4.548840423691273,332.6876569282206,73.12255234607142,0.0,73.12255234607142,-132.18483680945064,537.9950460837426,0.0,537.9950460837426
1372.9060359473801,418.8275625705719,4.497250593659913,332.2631937673535,86.56436880321837,0.0,86.56436880321837,-133.27692274850142,552.1044853190733,0.0,552.1044853190733
1373.542035958962,443.646035194397,4.540792425317046,331.8387306064865,111.8073045879105,0.0,111.8073045879105,-134.36900868755265,578.0150438819496,0.0,578.0150438819496
1374.178035970544,478.2523823976517,4.717144819058905,331.41426744561943,146.83811495203224,0.0,146.83811495203224,-135.46109462660343,613.7134770242551,0.0,613.7134770242551
1374.814035982126,462.5821740627289,4.6518328468299375,330.9898042847524,131.5923697779765,0.0,131.5923697779765,-136.5531805656542,599.1353546283831,0.0,599.1353546283831
1375.4500359937078,440.5692756175995,4.565916198247778,330.56534112388533,110.00393449371415,0.0,110.00393449371415,-137.64526650470543,578.2145421223049,0.0,578.2145421223049
1376.0860360052898,421.23360991477966,4.637316100705339,330.1408779630183,91.09273195176138,0.0,91.09273195176138,-138.7373524437562,559.9709623585359,0.0,559.9709623585359
1376.7220360168717,421.46813690662384,4.846791880212168,329.71641480215123,91.7517221044726,0.0,91.7517221044726,-139.82943838280698,561.2975752894308,0.0,561.2975752894308
1377.3580360284536,429.2969653606415,4.626164198551524,329.2919516412842,100.0050137193573,0.0,100.0050137193573,-140.92152432185821,570.2184896824997,0.0,570.2184896824997
1377.9940360400356,436.67791843414307,4.572813434347385,328.86748848041714,107.81042995372593,0.0,107.81042995372593,-142.013610260909,578.691528695052,0.0,578.691528695052
1378.6300360516175,416.36253023147583,4.637614654564388,328.4430253195501,87.91950491192574,0.0,87.91950491192574,-143.10569619996022,559.468226431436,0.0,559.468226431436
1379.2660360631994,411.26374912261963,4.79014481342382,328.01856215868304,83.24518696393659,0.0,83.24518696393659,-144.197782139011,555.4615312616306,0.0,555.4615312616306
1379.9020360747813,421.60823798179626,4.776956450889974,327.594098997816,94.01413898398027,0.0,94.01413898398027,-145.28986807806177,566.898106059858,0.0,566.898106059858
1380.5380360863633,407.9530243873596,4.556242272502931,327.16963583694894,80.78338855041068,0.0,80.78338855041068,-146.381954017113,554.3349784044726,0.0,554.3349784044726
1381.1740360979452,420.0221817493439,4.959320856054818,326.7451726760819,93.27700907326198,0.0,93.27700907326198,-147.47403995616378,567.4962217055077,0.0,567.4962217055077
1381.8100361095271,430.2591037750244,4.779675317408581,326.32070951521484,103.93839425980957,0.0,103.93839425980957,-148.56612589521455,578.825229670239,0.0,578.825229670239
1382.446036121109,437.0715181827545,4.721697181900922,325.8962463543478,111.17527182840672,0.0,111.17527182840672,-149.65821183426579,586.7297300170203,0.0,586.7297300170203
1383.082036132691,450.8867259025574,5.308342428585532,325.47178319348075,125.41494270907663,0.0,125.41494270907663,-150.75029777331656,601.6370236758739,0.0,601.6370236758739
1383.718036144273,446.7678339481354,4.825458812837067,325.0473200326137,121.72051391552168,0.0,121.72051391552168,-151.84238371236734,598.6102176605027,0.0,598.6102176605027
1384.3540361558548,452.1679174900055,4.888568661096475,324.62285687174665,127.54506061825884,0.0,127.54506061825884,-152.93446965141857,605.1023871414241,0.0,605.1023871414241
1384.9900361674368,405.7202036380768,4.586461697784723,324.1983937108796,81.52180992719718,0.0,81.52180992719718,-154.02655559046934,559.7467592285461,0.0,559.7467592285461
1385.6260361790187,388.30198407173157,4.511074866400719,323.77393055001255,64.52805352171902,0.0,64.52805352171902,-155.11864152952012,543.4206256012517,0.0,543.4206256012517
1386.2620361906006,419.3042105436325,5.381440941233071,323.3494673891455,95.954743154487,0.0,95.954743154487,-156.21072746857135,575.5149380122039,0.0,575.5149380122039
1386.8980362021825,427.14003014564514,4.769047589583545,322.92500422827845,104.21502591736669,0.0,104.21502591736669,-157.30281340762212,584.4428435532673,0.0,584.4428435532673
1387.5340362137645,404.4382379055023,4.63923098773278,322.5005410674114,81.93769683809091,0.0,81.93769683809091,-158.3948993466729,562.8331372521752,0.0,562.8331372521752
1388.1700362253464,397.15399169921875,4.566084426576787,322.07607790654436,75.0779137926744,0.0,75.0779137926744,-159.48698528572413,556.6409769849429,0.0,556.6409769849429
1388.8060362369283,412.3283438682556,4.551805256361386,321.6516147456773,90.67672912257831,0.0,90.67672912257831,-160.5790712247749,572.9074150930305,0.0,572.9074150930305
1389.4420362485102,412.20475816726685,5.176405680089262,321.22715158481026,90.97760658245659,0.0,90.97760658245659,-161.67115716382614,573.875915331093,0.0,573.875915331093
1390.0780362600922,411.8426592350006,4.4519757957095605,320.8026884239432,91.0399708110574,0.0,91.0399708110574,-162.7632431028769,574.6059023378775,0.0,574.6059023378775
1390.714036271674,409.08090925216675,4.747053491176595,320.37822526307616,88.70268398909059,0.0,88.70268398909059,-163.8553290419277,572.9362382940944,0.0,572.9362382940944
1391.350036283256,399.7074086666107,4.607272806510409,319.9537621022091,79.7536465644016,0.0,79.7536465644016,-164.94741498097892,564.6548236475896,0.0,564.6548236475896
1391.986036294838,404.54741764068604,4.623724596165421,319.52929894134206,85.01811869934397,0.0,85.01811869934397,-166.0395009200297,570.5869185607157,0.0,570.5869185607157
1392.62203630642,417.9989502429962,4.4954111356896815,319.104835780475,98.8941144625212,0.0,98.8941144625212,-167.13158685908047,585.1305371020767,0.0,585.1305371020767
1393.2580363180018,405.70667791366577,4.491795434008972,318.68037261960797,87.0263052940578,0.0,87.0263052940578,-168.2236727981317,573.9303507117975,0.0,573.9303507117975
1393.8940363295837,399.098548412323,4.637815836864013,318.2559094587409,80.84263895358208,0.0,80.84263895358208,-169.31575873718248,568.4143071495055,0.0,568.4143071495055
1394.5300363411657,401.348317861557,4.560725872988747,317.83144629787387,83.51687156368314,0.0,83.51687156368314,-170.40784467623325,571.7561625377903,0.0,571.7561625377903
1395.1660363527476,419.82347679138184,4.494699252045125,317.4069831370068,102.41649365437502,0.0,102.41649365437502,-171.49993061528448,591.3234074066663,0.0,591.3234074066663
1395.8020363643295,399.76519870758057,4.518509408512048,316.98251997613977,82.7826787314408,0.0,82.7826787314408,-172.59201655433526,572.3572152619158,0.0,572.3572152619158
1396.4380363759115,399.4495723247528,4.783915239891137,316.5580568152727,82.89151550948009,0.0,82.89151550948009,-173.68410249338604,573.1336748181388,0.0,573.1336748181388
1397.0740363874934,409.0476267337799,4.614555231015672,316.1335936544057,92.91403307937424,0.0,92.91403307937424,-174.77618843243727,583.8238151662172,0.0,583.8238151662172
1397.7100363990753,426.6757230758667,4.787738070160892,315.7091304935386,110.96659258232808,0.0,110.96659258232808,-175.86827437148804,602.5439974473547,0.0,602.5439974473547
1398.3460364106572,399.43100476264954,4.669937376566225,315.2846673326716,84.14633742997796,0.0,84.14633742997796,-176.96036031053882,576.3913650731884,0.0,576.3913650731884
1398.9820364222392,399.390762090683,4.702316093573597,314.86020417180464,84.53055791887834,0.0,84.53055791887834,-178.05244624959005,577.443208340273,0.0,577.443208340273
1399.618036433821,411.9671833515167,4.662117606962863,314.4357410109376,97.53144234057913,0.0,97.53144234057913,-179.14453218864082,591.1117155401575,0.0,591.1117155401575
1400.254036445403,444.3401494026184,4.7509294003211675,314.01127785007054,130.32887155254787,0.0,130.32887155254787,-180.23661812769205,624.5767675303105,0.0,624.5767675303105
1400.890036456985,435.35867404937744,4.658943378341682,313.5868146892035,121.77185936017395,0.0,121.77185936017395,-181.32870406674283,616.6873781161203,0.0,616.6873781161203
1401.5260364685669,421.21739506721497,4.665813486734567,313.16235152833644,108.05504353887852,0.0,108.05504353887852,-182.4207900057936,603.6381850730086,0.0,603.6381850730086
1402.1620364801488,419.10181045532227,5.037787930118581,312.7378883674694,106.36392208785287,0.0,106.36392208785287,-183.51287594484484,602.6146864001671,0.0,602.6146864001671
1402.7980364917307,417.22489762306213,4.856354889998546,312.31342520660235,104.91147241645979,0.0,104.91147241645979,-184.6049618838956,601.8298595069577,0.0,601.8298595069577
1403.4340365033127,404.27625584602356,4.597429845610235,311.8889620457353,92.38729380028826,0.0,92.38729380028826,-185.6970478229464,589.97330366897,0.0,589.97330366897
1404.0700365148946,409.36938071250916,4.676281701759076,311.46449888486825,97.9048818276409,0.0,97.9048818276409,-186.78913376199762,596.1585144745068,0.0,596.1585144745068
1404.7060365264765,434.88344407081604,4.655995335247315,311.0400357240012,123.84340834681484,0.0,123.84340834681484,-187.8812197010484,622.7646637718644,0.0,622.7646637718644
1405.3420365380584,432.16466665267944,4.518551552487869,310.61557256313415,121.54909408954529,0.0,121.54909408954529,-188.97330564009917,621.1379722927786,0.0,621.1379722927786
1405.9780365496404,426.6336588859558,4.592480081488918,310.1911094022671,116.44254948368871,0.0,116.44254948368871,-190.0653915791504,616.6990504651062,0.0,616.6990504651062
1406.6140365612223,420.58931136131287,4.519860061164719,309.76664624140005,110.82266511991281,0.0,110.82266511991281,-191.15747751820118,611.746788879514,0.0,611.746788879514
1407.2500365728042,406.62906885147095,4.608676626834486,309.342183080533,97.28688577093794,0.0,97.28688577093794,-192.24956345725195,598.8786323087229,0.0,598.8786323087229
1407.8860365843861,422.4833309650421,4.655967523424871,308.91771991966596,113.56561104537616,0.0,113.56561104537616,-193.34164939630318,615.8249803613453,0.0,615.8249803613453
1408.522036595968,422.79088377952576,4.576112385676892,308.4932567587989,114.29762702072685,0.0,114.29762702072685,-194.43373533535396,617.2246191148797,0.0,617.2246191148797
1409.15803660755,405.85270166397095,4.537699656136632,308.06879359793186,97.78390806603909,0.0,97.78390806603909,-195.5258212744052,601.3785229383761,0.0,601.3785229383761
1409.794036619132,413.81782245635986,4.745307653817999,307.6443304370648,106.17349201929505,0.0,106.17349201929505,-196.61790721345596,610.4357296698158,0.0,610.4357296698158
1410.4300366307139,402.4146316051483,4.773848760484547,307.21986727619776,95.19476432895055,0.0,95.19476432895055,-197.70999315250674,600.124624757655,0.0,600.124624757655
1411.0660366422958,409.85328221321106,4.6714964774085885,306.7954041153307,103.05787809788035,0.0,103.05787809788035,-198.80207909155797,608.655361304769,0.0,608.655361304769
1411.7020366538777,446.17945289611816,4.709907593623788,306.37094095446366,139.8085119416545,0.0,139.8085119416545,-199.89416503060875,646.0736179267269,0.0,646.0736179267269
1412.3380366654596,420.6818423271179,4.588748711546301,305.9464777935966,114.7353645335213,0.0,114.7353645335213,-200.98625096965952,621.6680932967774,0.0,621.6680932967774
1412.9740366770416,406.5738139152527,4.725571671110974,305.52201463272957,101.05179928252312,0.0,101.05179928252312,-202.07833690871075,608.6521508239634,0.0,608.6521508239634
1413.6100366886235,398.54309701919556,4.846153986654039,305.0975514718625,93.44554554733304,0.0,93.44554554733304,-203.17042284776153,601.7135198669571,0.0,601.7135198669571
1414.2460367002054,409.38521814346313,5.030133094024233,304.67308831099547,104.71212983246767,0.0,104.71212983246767,-204.2625087868123,613.6477269302754,0.0,613.6477269302754
1414.8820367117874,395.9476988315582,4.843260325361314,304.2486251501284,91.69907368142981,0.0,91.69907368142981,-205.35459472586354,601.3022935574218,0.0,601.3022935574218
1415.5180367233693,407.9200601577759,4.665263649344018,303.82416198926137,104.09589816851451,0.0,104.09589816851451,-206.4466806649143,614.3667408226902,0.0,614.3667408226902
1416.1540367349512,375.2813813686371,4.692011792149838,303.3996988283943,71.88168254024276,0.0,71.88168254024276,-207.5387666039651,582.8201479726022,0.0,582.8201479726022
1416.7900367465331,379.53899097442627,4.852521039977989,302.9752356675273,76.563755306899,0.0,76.563755306899,-208.63085254301632,588.1698435174426,0.0,588.1698435174426
1417.426036758115,400.3441390991211,4.772679211606082,302.5507725066602,97.79336659246087,0.0,97.79336659246087,-209.7229384820671,610.0670775811882,0.0,610.0670775811882
1418.062036769697,395.95517563819885,4.673156132946743,302.1263093457932,93.82886629240568,0.0,93.82886629240568,-210.81502442111787,606.7702000593167,0.0,606.7702000593167
1418.698036781279,415.11563062667847,4.578498628174542,301.7018461849261,113.41378444175234,0.0,113.41378444175234,-211.9071103601691,627.0227409868476,0.0,627.0227409868476
1419.3340367928608,415.6175673007965,4.476327538006537,301.2773830240591,114.34018427673743,0.0,114.34018427673743,-212.99919629921988,628.6167636000164,0.0,628.6167636000164
1419.9700368044428,438.6129038333893,4.572623214306508,300.852919863192,137.75998397019725,0.0,137.75998397019725,-214.0912822382711,652.7041860716604,0.0,652.7041860716604
1420.6060368160247,450.8837571144104,4.694177529991925,300.428456702325,150.45530041208542,0.0,150.45530041208542,-215.18336817732188,666.0671252917323,0.0,666.0671252917323
1421.2420368276066,432.68242168426514,4.747339339025692,300.00399354145793,132.6784281428072,0.0,132.6784281428072,-216.27545411637266,648.9578758006378,0.0,648.9578758006378
1421.8780368391886,423.4876434803009,4.896842716156342,299.5795303805909,123.90811309971002,0.0,123.90811309971002,-217.3675400554239,640.8551835357248,0.0,640.8551835357248
1422.5140368507705,437.0991744995117,4.837357271766001,299.15506721972383,137.9441072797879,0.0,137.9441072797879,-218.45962599447466,655.5588004939864,0.0,655.5588004939864
1423.1500368623524,435.49421429634094,4.821907082315709,298.7306040588568,136.76361023748416,0.0,136.76361023748416,-219.55171193352544,655.0459262298664,0.0,655.0459262298664
1423.7860368739343,427.80226945877075,4.840094204600981,298.30614089798974,129.49612856078102,0.0,129.49612856078102,-220.64379787257667,648.4460673313474,0.0,648.4460673313474
1424.4220368855163,410.65529203414917,4.935384655137801,297.8816777371227,112.77361429702648,0.0,112.77361429702648,-221.73588381162745,632.3911758457766,0.0,632.3911758457766
1425.0580368970982,412.06703186035156,4.9395538678381605,297.45721457625564,114.60981728409593,0.0,114.60981728409593,-222.82796975067822,634.8950016110298,0.0,634.8950016110298
1425.6940369086801,403.48173999786377,4.993217608683769,297.0327514153886,106.44898858247518,0.0,106.44898858247518,-223.92005568972945,627.4017956875932,0.0,627.4017956875932
1426.330036920262,425.62623023986816,4.775943198855903,296.60828825452154,129.01794198534662,0.0,129.01794198534662,-225.01214162878023,650.6383718686484,0.0,650.6383718686484
1426.966036931844,411.00502252578735,5.010274617533642,296.1838250936545,114.82119743213286,0.0,114.82119743213286,-226.104227567831,637.1092500936184,0.0,637.1092500936184
1427.602036943426,407.1001238822937,4.959303594495243,295.75936193278744,111.34076194950626,0.0,111.34076194950626,-227.19631350688223,634.2964373891759,0.0,634.2964373891759
1428.2380369550078,410.8661861419678,4.791270881953642,295.3348987719204,115.53128737004738,0.0,115.53128737004738,-228.288399445933,639.1545855879008,0.0,639.1545855879008
1428.8740369665898,420.26018714904785,4.902507035467031,294.91043561105334,125.3497515379945,0.0,125.3497515379945,-229.38048538498379,649.6406725340316,0.0,649.6406725340316
1429.5100369781717,434.8711779117584,5.022306750377321,294.4859724501863,140.38520546157213,0.0,140.38520546157213,-230.47257132403502,665.3437492357934,0.0,665.3437492357934
1430.1460369897536,448.6574487686157,5.541655985481361,294.06150928931925,154.59593947929648,0.0,154.59593947929648,-231.5646572630858,680.2221060317015,0.0,680.2221060317015
1430.7820370013355,450.492463350296,5.687033140498357,293.6370461284522,156.85541722184382,0.0,156.85541722184382,-232.65674320213702,683.149206552433,0.0,683.149206552433
1431.4180370129175,440.39825916290283,5.60757458502486,293.21258296758515,147.18567619531768,0.0,147.18567619531768,-233.7488291411878,674.1470883040906,0.0,674.1470883040906
1432.0540370244994,430.473509311676,5.206651698151116,292.7881198067181,137.68538950495793,0.0,137.68538950495793,-234.84091508023857,665.3144243919146,0.0,665.3144243919146
1432.6900370360813,446.2398226261139,5.096562985028245,292.36365664585105,153.87616598026284,0.0,153.87616598026284,-235.9330010192898,682.1728236454037,0.0,682.1728236454037
1433.3260370476632,434.38025760650635,5.043263136822044,291.939193484984,142.44106412152234,0.0,142.44106412152234,-237.02508695834058,671.4053445648469,0.0,671.4053445648469
1433.9620370592452,436.2689845561981,4.90052713232667,291.51473032411695,144.75425423208117,0.0,144.75425423208117,-238.11717289739136,674.3861574535895,0.0,674.3861574535895
1434.598037070827,453.63137435913086,5.148382328315007,291.0902671632499,162.54110719588095,0.0,162.54110719588095,-239.2092588364426,692.8406331955734,0.0,692.8406331955734
1435.234037082409,449.9065260887146,5.046701445261969,290.66580400238297,159.24072208633163,0.0,159.24072208633163,-240.30134477549336,690.207870864208,0.0,690.207870864208
1435.870037093991,437.98693323135376,5.280342437200153,290.2413408415159,147.74559238983784,0.0,147.74559238983784,-241.39343071454414,679.3803639458979,0.0,679.3803639458979
1436.506037105573,419.0322527885437,5.160824488914117,289.8168776806489,129.21537510789483,0.0,129.21537510789483,-242.48551665359537,661.5177694421391,0.0,661.5177694421391
1437.1420371171548,433.66692781448364,5.145679356914574,289.3924145197818,144.27451329470182,0.0,144.27451329470182,-243.57760259264614,677.2445304071298,0.0,677.2445304071298
1437.7780371287367,425.7352087497711,5.023658850047519,288.9679513589148,136.76725739085634,0.0,136.76725739085634,-244.66968853169692,670.404897281468,0.0,670.404897281468
1438.4140371403187,439.04669284820557,5.362448288994939,288.5434881980477,150.50320465015784,0.0,150.50320465015784,-245.76177447074815,684.8084673189537,0.0,684.8084673189537
1439.0500371519006,423.18631863594055,5.103362195262016,288.1190250371807,135.06729359875987,0.0,135.06729359875987,-246.85386040979893,670.0401790457395,0.0,670.0401790457395
1439.6860371634825,444.7071952819824,5.141907973352995,287.6945618763136,157.0126334056688,0.0,157.0126334056688,-247.9459463488497,692.6531416308321,0.0,692.6531416308321
1440.3220371750645,433.0014660358429,5.088127431146698,287.2700987154466,145.73136732039632,0.0,145.73136732039632,-249.03803228790093,682.0394983237438,0.0,682.0394983237438
1440.9580371866464,413.2264971733093,9.180514048145776,286.84563555457953,126.3808616187298,0.0,126.3808616187298,-250.1301182269517,663.356615400261,0.0,663.356615400261
1441.5940371982283,386.2782789468765,10.134415757868451,286.4211723937125,99.85710655316404,0.0,99.85710655316404,-251.22220416600294,637.5004831128795,0.0,637.5004831128795
1442.2300372098102,381.86454777419567,12.281150285165255,285.99670923284543,95.86783854135024,0.0,95.86783854135024,-252.31429010505371,634.1788378792494,0.0,634.1788378792494
1442.8660372213922,422.054008603096,7.985887950669036,285.5722460719784,136.48176253111762,0.0,136.48176253111762,-253.4063760441045,675.4603846472005,0.0,675.4603846472005
1443.502037232974,452.2402811050415,5.407937720082621,285.14778291111134,167.09249819393017,0.0,167.09249819393017,-254.49846198315572,706.7387430881972,0.0,706.7387430881972
1444.138037244556,443.3519184589386,5.689664904978595,284.7233197502443,158.6285987086943,0.0,158.6285987086943,-255.5905479222065,698.9424663811451,0.0,698.9424663811451
1444.774037256138,433.9696180820465,5.786076642702499,284.29885658937724,149.67076149266927,0.0,149.67076149266927,-256.6826338612573,690.6522519433038,0.0,690.6522519433038
1445.4100372677199,420.654456615448,5.574991026916821,283.8743934285102,136.7800631869378,0.0,136.7800631869378,-257.7747198003085,678.4291764157565,0.0,678.4291764157565
1446.0460372793018,449.2432768344879,5.477919992686877,283.44993026764314,165.79334656684478,0.0,165.79334656684478,-258.8668057393593,708.1100825738472,0.0,708.1100825738472
1446.6820372908837,444.6902313232422,5.415503751529801,283.0254671067761,161.6647642164661,0.0,161.6647642164661,-259.95889167841005,704.6491230016522,0.0,704.6491230016522
1447.3180373024657,466.7431378364563,5.412577779265669,282.60100394590904,184.14213389054726,0.0,184.14213389054726,-261.0509776174613,727.7941154539176,0.0,727.7941154539176
1447.9540373140476,450.0837872028351,5.621640116792899,282.176540785042,167.9072464177931,0.0,167.9072464177931,-262.14306355651206,712.2268507593471,0.0,712.2268507593471
1448.5900373256295,455.4351496696472,5.715975184235928,281.75207762417494,173.68307204547227,0.0,173.68307204547227,-263.23514949556284,718.67029916521,0.0,718.67029916521
1449.2260373372114,473.6907649040222,5.77003102896092,281.3276144633079,192.36315044071432,0.0,192.36315044071432,-264.32723543461407,738.0180003386363,0.0,738.0180003386363
1449.8620373487934,440.04425978660583,5.8085633324903,280.90315130244085,159.141108484165,0.0,159.141108484165,-265.41932137366484,705.4635811602707,0.0,705.4635811602707
1450.4980373603753,451.6299374103546,5.530954345083393,280.4786881415738,171.15124926878082,0.0,171.15124926878082,-266.5114073127156,718.1413447230702,0.0,718.1413447230702
1451.1340373719572,447.7593173980713,5.742522661228531,280.05422498070675,167.70509241736454,0.0,167.70509241736454,-267.60349325176685,715.3628106498381,0.0,715.3628106498381
1451.7700373835391,461.5824456214905,5.785348227076632,279.6297618198397,181.95268380165078,0.0,181.95268380165078,-268.6955791908176,730.2780248123081,0.0,730.2780248123081
1452.406037395121,454.7373275756836,5.585118873180201,279.20529865897265,175.53202891671094,0.0,175.53202891671094,-269.78766512986886,724.5249927055524,0.0,724.5249927055524
1453.042037406703,441.96430921554565,5.694425202309563,278.7808354981056,163.18347371744005,0.0,163.18347371744005,-270.87975106891963,712.8440602844653,0.0,712.8440602844653
1453.678037418285,429.6550760269165,5.583933051884343,278.35637233723855,151.29870368967795,0.0,151.29870368967795,-271.9718370079704,701.6269130348869,0.0,701.6269130348869
1454.3140374298669,438.44344329833984,5.558557488081576,277.9319091763715,160.51153412196834,0.0,160.51153412196834,-273.06392294702164,711.5073662453615,0.0,711.5073662453615
1454.9500374414488,458.70581102371216,5.9604541614087365,277.50744601550446,181.1983650082077,0.0,181.1983650082077,-274.1560088860724,732.8618199097846,0.0,732.8618199097846
1455.5860374530307,431.8880572319031,7.425320991726317,277.0829828546374,154.80507437726567,0.0,154.80507437726567,-275.2480948251232,707.1361520570263,0.0,707.1361520570263
1456.2220374646126,433.3730173110962,5.694672145589632,276.65851969377036,156.71449761732583,0.0,156.71449761732583,-276.3401807641744,709.7131980752706,0.0,709.7131980752706
1456.8580374761946,445.1801438331604,5.711629364876618,276.2340565329033,168.9460873002571,0.0,168.9460873002571,-277.4322667032252,722.6124105363856,0.0,722.6124105363856
1457.4940374877765,436.7297320365906,5.542446846448083,275.80959337203626,160.92013866455432,0.0,160.92013866455432,-278.52435264227597,715.2540846788665,0.0,715.2540846788665
1458.1300374993584,430.41421127319336,5.746339325435706,275.3851302111692,155.02908106202415,0.0,155.02908106202415,-279.6164385813272,710.0306498545206,0.0,710.0306498545206
1458.7660375109404,418.24877738952637,5.758908881113962,274.96066705030216,143.2881103392242,0.0,143.2881103392242,-280.708524520378,698.9573019099043,0.0,698.9573019099043
1459.4020375225223,440.106778383255,6.029027115354574,274.5362038894351,165.5705744938199,0.0,165.5705744938199,-281.80061045942875,721.9073888426838,0.0,721.9073888426838
1460.0380375341042,450.66347074508667,5.919833697571805,274.11174072856807,176.5517300165186,0.0,176.5517300165186,-282.89269639848,733.5561671435667,0.0,733.5561671435667
1460.6740375456861,444.9886062145233,5.740685515289651,273.687277567701,171.3013286468223,0.0,171.3013286468223,-283.98478233753076,728.9733885520541,0.0,728.9733885520541
1461.310037557268,449.8274164199829,6.013029383752452,273.26281440683397,176.56460201314894,0.0,176.56460201314894,-285.07686827658154,734.9042846965644,0.0,734.9042846965644
1461.94603756885,452.05404019355774,6.133730219690714,272.8383512459669,179.21568894759082,0.0,179.21568894759082,-286.16895421563277,738.2229944091905,0.0,738.2229944091905
1462.582037580432,441.1886615753174,6.068562055042807,272.41388808509987,168.7747734902175,0.0,168.7747734902175,-287.26104015468354,728.4497017300009,0.0,728.4497017300009
1463.2180375920138,419.4812533855438,6.039366721983105,271.9894249242328,147.491828461311,0.0,147.491828461311,-288.3531260937348,707.8343794792786,0.0,707.8343794792786
1463.8540376035958,435.2232246994972,5.977936962874876,271.5649617633658,163.65826293613145,0.0,163.65826293613145,-289.44521203278555,724.6684367322828,0.0,724.6684367322828
1464.4900376151777,424.6905207633972,5.85871531452143,271.1404986024987,153.5500221608985,0.0,153.5500221608985,-290.5372979718363,715.2278187352335,0.0,715.2278187352335
1465.1260376267596,430.30010628700256,6.491908468257346,270.7160354416317,159.5840708453709,0.0,159.5840708453709,-291.62938391088755,721.9294901978901,0.0,721.9294901978901
1465.7620376383416,418.15933442115784,5.800596253881373,270.2915722807646,147.8677621403932,0.0,147.8677621403932,-292.72146984993833,710.8808042710962,0.0,710.8808042710962
1466.3980376499235,444.05173206329346,6.142909328115232,269.8671091198976,174.18462294339588,0.0,174.18462294339588,-293.8135557889891,737.8652878522826,0.0,737.8652878522826
1467.0340376615054,420.5348610281944,6.076299097019348,269.44264595903053,151.0922150691639,0.0,151.0922150691639,-294.90564172804034,715.4405027562348,0.0,715.4405027562348
1467.6700376730873,417.4859342575073,6.170882707282314,269.0181827981635,148.46775145934384,0.0,148.46775145934384,-295.9977276670911,713.4836619245984,0.0,713.4836619245984
1468.3060376846693,398.49104857444763,6.024083630205125,268.59371963729643,129.8973289371512,0.0,129.8973289371512,-297.0898136061419,695.5808621805895,0.0,695.5808621805895
1468.9420376962512,439.9606728553772,6.003676417089392,268.1692564764294,171.79141637894782,0.0,171.79141637894782,-298.1818995451931,738.1425724005703,0.0,738.1425724005703
1469.5780377078331,447.4272508621216,6.164568523027707,267.74479331556233,179.68245754655925,0.0,179.68245754655925,-299.2739854842439,746.7012363463655,0.0,746.7012363463655
1470.214037719415,422.79807138442993,6.193138634846202,267.3203301546953,155.47774122973465,0.0,155.47774122973465,-300.36607142329467,723.1641428077246,0.0,723.1641428077246
1470.850037730997,437.1238625049591,6.1485405469501,266.89586699382835,170.22799551113076,0.0,170.22799551113076,-301.4581573623459,738.582019867305,0.0,738.582019867305
1471.486037742579,440.886598110199,6.132046443877201,266.4714038329613,174.41519427723767,0.0,174.41519427723767,-302.5502433013967,743.4368414115957,0.0,743.4368414115957
1472.1220377541608,439.97677779197693,6.239686319111907,266.04694067209425,173.92983711988268,0.0,173.92983711988268,-303.64232924044745,743.6191070324244,0.0,743.6191070324244
1472.7580377657428,445.99261713027954,6.090604349279222,265.6224775112272,180.37013961905234,0.0,180.37013961905234,-304.7344151794987,750.7270323097782,0.0,750.7270323097782
1473.3940377773247,444.26749873161316,6.050067215801561,265.19801435036015,179.069484381253,0.0,179.069484381253,-305.82650111854946,750.0939998501626,0.0,750.0939998501626
1474.0300377889066,460.24616527557373,6.298595684619842,264.7735511894931,195.47261408608063,0.0,195.47261408608063,-306.9185870576007,767.1647523331744,0.0,767.1647523331744
1474.6660378004885,462.2266330718994,6.0721386802113315,264.34908802862606,197.87754504327336,0.0,197.87754504327336,-308.01067299665146,770.2373060685509,0.0,770.2373060685509
1475.3020378120705,474.38133096694946,6.6509885333439,263.924624867759,210.45670609919046,0.0,210.45670609919046,-309.10275893570224,783.4840899026517,0.0,783.4840899026517
1475.9380378236524,453.7917399406433,6.311505161261246,263.50016170689196,190.29157823375135,0.0,190.29157823375135,-310.19484487475347,763.9865848153968,0.0,763.9865848153968
1476.5740378352343,462.4216320514679,6.2177340778027075,263.0756985460249,199.34593350544299,0.0,199.34593350544299,-311.28693081380425,773.7085628652721,0.0,773.7085628652721
1477.2100378468162,446.6952283382416,6.578162079484517,262.65123538515786,184.04399295308372,0.0,184.04399295308372,-312.379016752855,759.0742450910966,0.0,759.0742450910966
1477.8460378583982,427.36112213134766,6.385789077026625,262.2267722242908,165.13434990705684,0.0,165.13434990705684,-313.47110269190625,740.8322248232539,0.0,740.8322248232539
1478.48203786998,444.4012405872345,6.664909409109563,261.80230906342376,182.59893152381073,0.0,182.59893152381073,-314.56318863095703,758.9644292181915,0.0,758.9644292181915
1479.118037881562,432.61461329460144,6.473131642174293,261.3778459025567,171.23676739204473,0.0,171.23676739204473,-315.6552745700078,748.2698878646092,0.0,748.2698878646092
1479.754037893144,432.82316493988037,6.079473224751764,260.95338274168967,171.8697821981907,0.0,171.8697821981907,-316.74736050905904,749.5705254489394,0.0,749.5705254489394
1480.390037904726,445.6500070095062,5.945009124122025,260.5289195808226,185.1210874286836,0.0,185.1210874286836,-317.8394464481098,763.489453457616,0.0,763.489453457616
1481.0260379163078,450.2590093612671,6.5186575026987645,260.10445641995557,190.15455294131152,0.0,190.15455294131152,-318.9315323871606,769.1905417484277,0.0,769.1905417484277
1481.6620379278897,439.83337211608887,6.26887393912307,259.6799932590885,180.15337885700035,0.0,180.15337885700035,-320.0236183262118,759.8569904423007,0.0,759.8569904423007
1482.2980379394717,436.3800756931305,6.151670669861939,259.25553009822147,177.12454559490902,0.0,177.12454559490902,-321.1157042652626,757.4957799583931,0.0,757.4957799583931
1482.9340379510536,438.7240993976593,6.079195504777915,258.8310669373544,179.89303246030488,0.0,179.89303246030488,-322.20779020431337,760.9318896019727,0.0,760.9318896019727
1483.5700379626355,442.5618703365326,5.93790559749324,258.4066037764874,184.15526656004522,0.0,184.15526656004522,-323.2998761433646,765.8617464798972,0.0,765.8617464798972
1484.2060379742175,400.8110508918762,6.117774020300355,257.9821406156203,142.8289102762559,0.0,142.8289102762559,-324.3919620824154,725.2030129742916,0.0,725.2030129742916
1484.8420379857994,437.36792397499084,6.095903180010275,257.5576774547533,179.81024652023757,0.0,179.81024652023757,-325.4840480214666,762.8519719964575,0.0,762.8519719964575
1485.4780379973813,433.00040543079376,6.63974210058657,257.1332142938862,175.86719113690754,0.0,175.86719113690754,-326.5761339605174,759.5765393913111,0.0,759.5765393913111
1486.1140380089632,443.3362798690796,5.868933148720514,256.7087511330192,186.6275287360604,0.0,186.6275287360604,-327.66821989956816,771.0044997686477,0.0,771.0044997686477
1486.7500380205452,437.19811391830444,5.854728950933711,256.28428797215213,180.91382594615231,0.0,180.91382594615231,-328.7603058386194,765.9584197569238,0.0,765.9584197569238
1487.386038032127,445.7056498527527,6.062650896722564,255.85982481128508,189.8458250414676,0.0,189.8458250414676,-329.85239177767016,775.5580416304228,0.0,775.5580416304228
1488.022038043709,444.0076153278351,6.094275056689561,255.43536165041803,188.57225367741705,0.0,188.57225367741705,-330.94447771672094,774.952093044556,0.0,774.952093044556
1488.658038055291,430.1786050796509,5.851791386893181,255.01089848955098,175.1677065900999,0.0,175.1677065900999,-332.03656365577217,762.215168735423,0.0,762.215168735423
1489.2940380668729,441.426144361496,6.051234819561785,254.58643532868393,186.83970903281204,0.0,186.83970903281204,-333.12864959482295,774.5547939563189,0.0,774.5547939563189
1489.9300380784548,444.82119393348694,5.931339124611276,254.16197216781688,190.65922176567005,0.0,190.65922176567005,-334.2207355338737,779.0419294673607,0.0,779.0419294673607
1490.5660380900367,434.4653334617615,5.808346505498461,253.73750900694984,180.72782445481164,0.0,180.72782445481164,-335.31282147292495,769.7781549346864,0.0,769.7781549346864
1491.2020381016187,425.024893283844,5.92685555810841,253.3130458460828,171.7118474377612,0.0,171.7118474377612,-336.4049074119757,761.4298006958197,0.0,761.4298006958197
1491.8380381132006,437.89715671539307,5.893113798350185,252.88858268521574,185.00857403017733,0.0,185.00857403017733,-337.4969933510265,775.3941500664196,0.0,775.3941500664196
1492.4740381247825,451.09990978240967,5.705116658941601,252.4641195243487,198.63579025806098,0.0,198.63579025806098,-338.58907929007773,789.6889890724874,0.0,789.6889890724874
1493.1100381363644,421.2587732076645,5.783151729055045,252.03965636348164,169.21911684418285,0.0,169.21911684418285,-339.6811652291285,760.939938436793,0.0,760.939938436793
1493.7460381479464,428.2294566631317,5.890091825495062,251.6151932026146,176.61426346051712,0.0,176.61426346051712,-340.7732511681793,769.002707831311,0.0,769.002707831311
1494.3820381595283,445.7115960121155,5.677464856026368,251.19073004174754,194.52086597036794,0.0,194.52086597036794,-341.8653371072305,787.576933119346,0.0,787.576933119346
1495.0180381711102,488.426509141922,5.661803892410334,250.7662668808805,237.6602422610415,0.0,237.6602422610415,-342.9574230462813,831.3839321882033,0.0,831.3839321882033
1495.6540381826921,487.4391827583313,6.026202861344776,250.34180372001344,237.09737903831785,0.0,237.09737903831785,-344.0495089853325,831.4886917436638,0.0,831.4886917436638
1496.290038194274,453.2056612968445,5.8878903796199165,249.9173405591464,203.2883207376981,0.0,203.2883207376981,-345.1415949243833,798.3472562212278,0.0,798.3472562212278
1496.926038205856,456.7780759334564,5.9447352132103495,249.49287739827935,207.28519853517707,0.0,207.28519853517707,-346.2336808634341,803.0117567968905,0.0,803.0117567968905
1497.562038217438,452.40854811668396,6.005487981706324,249.0684142374123,203.34013387927166,0.0,203.34013387927166,-347.3257668024853,799.7343149191693,0.0,799.7343149191693
1498.1980382290199,476.18970918655396,5.744974467738292,248.64395107654525,227.5457581100087,0.0,227.5457581100087,-348.4178527415361,824.60756192809,0.0,824.60756192809
1498.8340382406018,462.9628391265869,5.994617764837533,248.2194879156782,214.7433512109087,0.0,214.7433512109087,-349.50993868058686,812.4727778071738,0.0,812.4727778071738
1499.4700382521837,468.5403769016266,5.775767179812755,247.79502475481115,220.74535214681543,0.0,220.74535214681543,-350.6020246196381,819.1424015212647,0.0,819.1424015212647
1500.1060382637656,453.9694209098816,5.843363591597399,247.3705615939441,206.5988593159375,0.0,206.5988593159375,-351.69411055868886,805.6635314685705,0.0,805.6635314685705
1500.7420382753476,463.70300006866455,5.805105462923464,246.94609843307705,216.7569016355875,0.0,216.7569016355875,-352.78619649773964,816.4891965664042,0.0,816.4891965664042
1501.3780382869295,443.4873049259186,6.858413570368793,246.52163527221,196.96566965370857,0.0,196.96566965370857,-353.87828243679087,797.3655873627094,0.0,797.3655873627094
1502.0140382985114,484.9217393398285,5.706821898478646,246.09717211134296,238.82456722848553,0.0,238.82456722848553,-354.97036837584164,839.8921077156701,0.0,839.8921077156701
1502.6500383100934,467.8198091983795,5.681864437716589,245.6727089504759,222.1471002479036,0.0,222.1471002479036,-356.0624543148924,823.8822635132719,0.0,823.8822635132719
1503.2860383216753,460.86065673828125,6.017834649864302,245.24824578960886,215.6124109486724,0.0,215.6124109486724,-357.15454025394365,818.0151969922249,0.0,818.0151969922249
1503.9220383332572,491.3896141052246,5.883572275716411,244.8237826287418,246.5658314764828,0.0,246.5658314764828,-358.2466261929944,849.636240298219,0.0,849.636240298219
1504.5580383448391,434.47114729881287,6.055002678262296,244.39931946787476,190.0718278309381,0.0,190.0718278309381,-359.3387121320452,793.8098594308581,0.0,793.8098594308581
1505.194038356421,412.0049088001251,5.672447493721717,243.9748563070077,168.0300524931174,0.0,168.0300524931174,-360.43079807109643,772.4357068712216,0.0,772.4357068712216
1505.830038368003,454.4921615123749,10.729554928341527,243.55039314614066,210.94176836623421,0.0,210.94176836623421,-361.5228840101472,816.0150455225221,0.0,816.0150455225221
1506.466038379585,428.77560925483704,6.0965779844545125,243.12592998527361,185.64967926956342,0.0,185.64967926956342,-362.61496994919844,791.3905792040355,0.0,791.3905792040355
1507.1020383911668,433.7981448173523,5.66835951095974,242.70146682440668,191.09667799294562,0.0,191.09667799294562,-363.7070558882492,797.5052007056015,0.0,797.5052007056015
1507.7380384027488,457.77629923820496,5.733506832280168,242.27700366353963,215.49929557466533,0.0,215.49929557466533,-364.7991418273,822.575441065505,0.0,822.575441065505
1508.3740384143307,465.89703392982483,5.863481244094786,241.85254050267258,224.04449342715225,0.0,224.04449342715225,-365.8912277663512,831.788261696176,0.0,831.788261696176
1509.0100384259126,419.96151995658875,5.65426728953366,241.42807734180553,178.5334426147832,0.0,178.5334426147832,-366.983313705402,786.9448336619907,0.0,786.9448336619907
1509.6460384374946,400.7129325866699,5.787561542334875,241.00361418093848,159.70931840573144,0.0,159.70931840573144,-368.0753996444528,768.7883322311227,0.0,768.7883322311227
1510.2820384490765,439.151469707489,5.805075690531628,240.57915102007144,198.57231868741758,0.0,198.57231868741758,-369.167485583504,808.318955290993,0.0,808.318955290993
1510.9180384606584,437.8721926808357,5.841688750706723,240.1546878592044,197.71750482163134,0.0,197.71750482163134,-370.2595715225548,808.1317642033905,0.0,808.1317642033905
1511.5540384722403,439.8766522407532,5.786749553044187,239.73022469833734,200.14642754241584,0.0,200.14642754241584,-371.35165746160555,811.2283097023587,0.0,811.2283097023587
1512.1900384838223,478.8244490623474,5.874393831099813,239.3057615374703,239.51868752487712,0.0,239.51868752487712,-372.4437434006568,851.2681924630042,0.0,851.2681924630042
1512.8260384954042,454.44294333457947,5.610489812620041,238.88129837660324,215.56164495797623,0.0,215.56164495797623,-373.53582933970756,827.978772674287,0.0,827.978772674287
1513.4620385069861,433.3150210380554,5.912873512621222,238.4568352157362,194.85818582231923,0.0,194.85818582231923,-374.62791527875834,807.9429363168138,0.0,807.9429363168138
1514.098038518568,434.2035801410675,5.961609792051952,238.03237205486914,196.17120808619836,0.0,196.17120808619836,-375.72000121780957,809.9235813588771,0.0,809.9235813588771
1514.73403853015,440.4530601501465,5.950609386256641,237.6079088940021,202.8451512561444,0.0,202.8451512561444,-376.81208715686034,817.2651473070068,0.0,817.2651473070068
1515.370038541732,410.6763644218445,5.603251170506796,237.18344573313504,173.49291868870944,0.0,173.49291868870944,-377.9041730959111,788.5805375177556,0.0,788.5805375177556
1516.0060385533138,444.23778462409973,5.618986731773423,236.758982572268,207.47880205183174,0.0,207.47880205183174,-378.99625903496235,823.2340436590621,0.0,823.2340436590621
1516.6420385648958,430.1727788448334,5.670989966130668,236.33451941140095,193.83825943343243,0.0,193.83825943343243,-380.0883449740131,810.2611238188465,0.0,810.2611238188465
1517.2780385764777,420.7317838668823,5.845686445665851,235.9100562505339,184.82172761634843,0.0,184.82172761634843,-381.18043091306436,801.9122147799467,0.0,801.9122147799467
1517.9140385880596,431.8577356338501,5.575852661769424,235.48559308966685,196.37214254418325,0.0,196.37214254418325,-382.27251685211513,814.1302524859652,0.0,814.1302524859652
1518.5500385996415,427.6349537372589,5.59509249487767,235.0611299287998,192.5738238084591,0.0,192.5738238084591,-383.3646027911659,810.9995565284248,0.0,810.9995565284248
1519.1860386112235,413.97825813293457,5.693810413268822,234.63666676793275,179.34159136500182,0.0,179.34159136500182,-384.45668873021714,798.4349468631517,0.0,798.4349468631517
1519.8220386228054,420.64224672317505,5.75794235601815,234.2122036070657,186.43004311610935,0.0,186.43004311610935,-385.5487746692679,806.191021392443,0.0,806.191021392443
1520.4580386343873,433.15709352493286,5.855765302441919,233.78774044619865,199.3693530787342,0.0,199.3693530787342,-386.6408606083187,819.7979541332516,0.0,819.7979541332516
1521.0940386459692,423.03783106803894,6.026434750331184,233.3632772853316,189.67455378270733,0.0,189.67455378270733,-387.7329465473699,810.7707776154089,0.0,810.7707776154089
1521.7300386575512,429.5159168243408,5.794845197795927,232.93881412446456,196.57710269987626,0.0,196.57710269987626,-388.8250324864207,818.3409493107615,0.0,818.3409493107615
1522.366038669133,446.3571834564209,5.873682665726572,232.5143509635975,213.8428324928234,0.0,213.8428324928234,-389.9171184254715,836.2743018818924,0.0,836.2743018818924
1523.002038680715,444.9562647342682,7.01937173872407,232.08988780273046,212.86637693153773,0.0,212.86637693153773,-391.0092043645227,835.9654690987909,0.0,835.9654690987909
1523.638038692297,432.98720693588257,5.968230901929261,231.6654246418634,201.32178229401916,0.0,201.32178229401916,-392.1012903035735,825.088497239456,0.0,825.088497239456
1524.274038703879,459.83517122268677,5.776166615038057,231.24096148099636,228.5942097416904,0.0,228.5942097416904,-393.19337624262425,853.028547465311,0.0,853.028547465311
1524.9100387154608,493.0534110069275,6.269193918457699,230.8164983201293,262.2369126867982,0.0,262.2369126867982,-394.2854621816755,887.338873188603,0.0,887.338873188603
1525.5460387270427,466.2287850379944,6.224612809313442,230.39203515926226,235.83674987873212,0.0,235.83674987873212,-395.37754812072626,861.6063331587206,0.0,861.6063331587206
1526.1820387386247,448.3540894985199,5.7129628127004715,229.96757199839521,218.38651750012468,0.0,218.38651750012468,-396.46963405977704,844.8237235582969,0.0,844.8237235582969
1526.8180387502066,438.9491114616394,5.747541044443551,229.54310883752817,209.40600262411124,0.0,209.40600262411124,-397.56171999882827,836.5108314604677,0.0,836.5108314604677
1527.4540387617885,446.8849720954895,5.841773467109285,229.11864567666112,217.76632641882838,0.0,217.76632641882838,-398.65380593787904,845.5387780333685,0.0,845.5387780333685
1528.0900387733705,437.8534960746765,5.933168588370293,228.69418251579407,209.15931355888245,0.0,209.15931355888245,-399.7458918769303,837.5993879516068,0.0,837.5993879516068
1528.7260387849524,445.25865030288696,6.016804661158557,228.26971935492702,216.98893094795994,0.0,216.98893094795994,-400.83797781598105,846.096628118868,0.0,846.096628118868
1529.3620387965343,440.79015827178955,6.225185842363158,227.84525619405997,212.94490207772958,0.0,212.94490207772958,-401.9300637550318,842.7202220268214,0.0,842.7202220268214
1529.9980388081162,447.96526408195496,6.003433895116946,227.42079303319292,220.54447104876203,0.0,220.54447104876203,-403.02214969408305,850.987413776038,0.0,850.987413776038
1530.6340388196982,450.94483518600464,8.145157657401352,226.99632987232587,223.94850531367877,0.0,223.94850531367877,-404.11423563313383,855.0590708191385,0.0,855.0590708191385
1531.27003883128,421.9508683681488,9.160759601462027,226.57186671145882,195.37900165668998,0.0,195.37900165668998,-405.2063215721846,827.1571899403334,0.0,827.1571899403334
1531.906038842862,415.88261283934116,10.273353238059505,226.14740355059178,189.7352092887494,0.0,189.7352092887494,-406.29840751123584,822.181020350577,0.0,822.181020350577
1532.542038854444,412.35358452796936,11.433435187270282,225.72294038972473,186.63064413824463,0.0,186.63064413824463,-407.3904934502866,819.744077978256,0.0,819.744077978256
1533.1780388660259,421.60346937179565,11.81305066357074,225.29847722885768,196.30499214293798,0.0,196.30499214293798,-408.4825793893374,830.086048761133,0.0,830.086048761133
1533.8140388776078,430.1370568573475,12.455707456648746,224.87401406799063,205.26304278935686,0.0,205.26304278935686,-409.5746653283886,839.7117221857361,0.0,839.7117221857361
1534.4500388891897,421.671395778656,12.769698492413909,224.4495509071237,197.2218448715323,0.0,197.2218448715323,-410.6667512674394,832.3381470460954,0.0,832.3381470460954
1535.0860389007717,401.17417550086975,8.120510967730722,224.02508774625653,177.14908775461322,0.0,177.14908775461322,-411.75883720649017,812.9330127073599,0.0,812.9330127073599
1535.7220389123536,444.6495430469513,5.653266009302245,223.6006245853896,221.0489184615617,0.0,221.0489184615617,-412.8509231455414,857.5004661924927,0.0,857.5004661924927
1536.3580389239355,453.2443047761917,5.846463002247028,223.17616142452243,230.06814335166928,0.0,230.06814335166928,-413.9430090845922,867.1873138607839,0.0,867.1873138607839
1536.9940389355174,452.2923517227173,5.889835806677112,222.7516982636555,229.5406534590618,0.0,229.5406534590618,-415.03509502364295,867.3274467463602,0.0,867.3274467463602
1537.6300389470994,442.75436305999756,6.155258626440067,222.32723510278834,220.42712795720922,0.0,220.42712795720922,-416.1271809626942,858.8815440226917,0.0,858.8815440226917
1538.2660389586813,454.899286031723,9.174149338970043,221.9027719419214,232.99651408980162,0.0,232.99651408980162,-417.21926690174496,872.118552933468,0.0,872.118552933468
1538.9020389702632,438.11700224876404,6.155521205603352,221.47830878105424,216.6386934677098,0.0,216.6386934677098,-418.3113528407962,856.4283550895602,0.0,856.4283550895602
1539.5380389818451,459.3914489746094,6.014415992829602,221.0538456201873,238.33760335442207,0.0,238.33760335442207,-419.40343877984697,878.7948877544563,0.0,878.7948877544563
1540.174038993427,465.7322120666504,5.939249509861053,220.62938245932014,245.10282960733025,0.0,245.10282960733025,-420.49552471889774,886.2277367855481,0.0,886.2277367855481
1540.810039005009,454.75047874450684,6.144012310168781,220.2049192984532,234.54555944605363,0.0,234.54555944605363,-421.58761065794897,876.3380894024558,0.0,876.3380894024558
1541.446039016591,447.84206771850586,5.94478334987805,219.78045613758604,228.06161158091982,0.0,228.06161158091982,-422.67969659699975,870.5217643155056,0.0,870.5217643155056
1542.0820390281729,456.3068058490753,5.971178301752194,219.3559929767191,236.9508128723562,0.0,236.9508128723562,-423.7717825360505,880.0785883851258,0.0,880.0785883851258
1542.7180390397548,467.9336700439453,6.212859072861495,218.93152981585195,249.00214022809337,0.0,249.00214022809337,-424.86386847510175,892.7975385190471,0.0,892.7975385190471
1543.3540390513367,444.14693427085876,6.130026370393913,218.507066654985,225.63986761587375,0.0,225.63986761587375,-425.95595441415253,870.1028886850113,0.0,870.1028886850113
1543.9900390629186,446.13577246665955,6.00611472879437,218.08260349411785,228.0531689725417,0.0,228.0531689725417,-427.0480403532033,873.1838128198629,0.0,873.1838128198629
1544.6260390745006,464.9278769493103,6.263565953160378,217.6581403332509,247.2697366160594,0.0,247.2697366160594,-428.14012629225454,893.0680032415648,0.0,893.0680032415648
1545.2620390860825,472.68646216392517,6.016641884394597,217.23367717238375,255.45278499154142,0.0,255.45278499154142,-429.2322122313053,901.9186743952305,0.0,901.9186743952305
1545.8980390976644,461.78944301605225,6.020656967607545,216.80921401151681,244.98022900453543,0.0,244.98022900453543,-430.3242981703561,892.1137411864083,0.0,892.1137411864083
1546.5340391092464,493.02108907699585,6.319941185199866,216.38475085064965,276.6363382263462,0.0,276.6363382263462,-431.4163841094073,924.4374731864032,0.0,924.4374731864032
1547.1700391208283,502.6589059829712,6.459963218203021,215.96028768978272,286.6986182931885,0.0,286.6986182931885,-432.5084700484581,935.1673760314293,0.0,935.1673760314293
1547.8060391324102,463.40608310699463,6.165822745766793,215.53582452891555,247.87025857807907,0.0,247.87025857807907,-433.60055598750887,897.0066390945035,0.0,897.0066390945035
1548.4420391439921,451.4527771472931,6.208244811709877,215.11136136804862,236.34141577924447,0.0,236.34141577924447,-434.6926419265601,886.1454190738532,0.0,886.1454190738532
1549.078039155574,458.83199095726013,6.223369624659082,214.68689820718146,244.14509275007867,0.0,244.14509275007867,-435.7847278656109,894.616718822871,0.0,894.616718822871
1549.714039167156,458.24933552742004,6.402036889819442,214.26243504631452,243.98690048110552,0.0,243.98690048110552,-436.8768138046621,895.1261493320822,0.0,895.1261493320822
1550.350039178738,466.4892988204956,6.200237228304271,213.83797188544736,252.65132693504825,0.0,252.65132693504825,-437.9688997437129,904.4581985642085,0.0,904.4581985642085
1550.9860391903198,491.19535279273987,6.425806915079072,213.41350872458042,277.78184406815944,0.0,277.78184406815944,-439.06098568276366,930.2563384755035,0.0,930.2563384755035
1551.6220392019018,447.31428360939026,6.665178987451541,212.98904556371326,234.325238045677,0.0,234.325238045677,-440.1530716218149,887.4673552312051,0.0,887.4673552312051
1552.2580392134837,461.7787444591522,6.370541781035291,212.56458240284633,249.2141620563059,0.0,249.2141620563059,-441.24515756086566,903.0239020200179,0.0,903.0239020200179
1552.8940392250656,472.47787737846375,6.072630264991967,212.14011924197916,260.3377581364846,0.0,260.3377581364846,-442.33724349991644,914.8151208783802,0.0,914.8151208783802
1553.5300392366476,463.21407413482666,6.136109472858069,211.71565608111223,251.49841805371443,0.0,251.49841805371443,-443.42932943896767,906.6434035737943,0.0,906.6434035737943
1554.1660392482295,488.7256553173065,6.507167441425219,211.29119292024507,277.43446239706145,0.0,277.43446239706145,-444.52141537801845,933.247070695325,0.0,933.247070695325
1554.8020392598114,492.67113733291626,6.277011383253338,210.86672975937813,281.8044075735381,0.0,281.8044075735381,-445.6135013170692,938.2846386499855,0.0,938.2846386499855
1555.4380392713933,479.6796844005585,6.562127204412019,210.44226659851097,269.2374178020475,0.0,269.2374178020475,-446.70558725612045,926.3852716566789,0.0,926.3852716566789
1556.0740392829753,488.64505684375763,6.458247335818033,210.01780343764403,278.6272534061136,0.0,278.6272534061136,-447.7976731951712,936.4427300389289,0.0,936.4427300389289
1556.7100392945572,462.1770021915436,7.423682966369983,209.59334027677687,252.5836619147667,0.0,252.5836619147667,-448.889759134222,911.0667613257656,0.0,911.0667613257656
1557.3460393061391,411.6712044477463,6.801158146945761,209.16887711590994,202.50232733183634,0.0,202.50232733183634,-449.98184507327323,861.6530495210195,0.0,861.6530495210195
1557.982039317721,451.4095461368561,6.5215405562971105,208.74441395504277,242.6651321818133,0.0,242.6651321818133,-451.073931012324,902.4834771491801,0.0,902.4834771491801
1558.618039329303,502.2250499725342,6.482663338632067,208.31995079417584,293.90509917835834,0.0,293.90509917835834,-452.1660169513748,954.391066923909,0.0,954.391066923909
1559.254039340885,481.4585746526718,6.577249781965094,207.89548763330868,273.56308701936314,0.0,273.56308701936314,-453.258102890426,934.7166775430978,0.0,934.7166775430978
1559.8900393524668,433.114937543869,6.8320341171313785,207.47102447244174,225.64391307142728,0.0,225.64391307142728,-454.3501888294768,887.4651263733458,0.0,887.4651263733458
1560.5260393640488,429.22315287590027,6.486321618765169,207.04656131157458,222.1765915643257,0.0,222.1765915643257,-455.442274768528,884.6654276444283,0.0,884.6654276444283
1561.1620393756307,438.6770145893097,6.3606746616848495,206.62209815070764,232.05491643860205,0.0,232.05491643860205,-456.5343607075788,895.2113752968885,0.0,895.2113752968885
1561.7980393872126,451.5740923881531,6.477962523296435,206.1976349898407,245.37645739831237,0.0,245.37645739831237,-457.6264466466296,909.2005390347827,0.0,909.2005390347827
1562.4340393987945,467.6484775543213,6.721526713547159,205.77317182897355,261.87530572534774,0.0,261.87530572534774,-458.7185325856808,926.3670101400021,0.0,926.3670101400021
1563.0700394103765,508.68085527420044,6.66511655735765,205.3487086681066,303.33214660609383,0.0,303.33214660609383,-459.8106185247316,968.491473798932,0.0,968.491473798932
1563.7060394219584,490.58001232147217,7.826064937715179,204.92424550723945,285.6557668142327,0.0,285.6557668142327,-460.90270446378236,951.4827167852545,0.0,951.4827167852545
1564.3420394335403,493.108017206192,6.810993782332356,204.4997823463725,288.6082348598195,0.0,288.6082348598195,-461.9947904028336,955.1028076090256,0.0,955.1028076090256
1564.9780394451222,487.0862708091736,6.764972054024041,204.07531918550535,283.01095162366823,0.0,283.01095162366823,-463.08687634188436,950.173147151058,0.0,950.173147151058
1565.6140394567042,499.7170258760452,6.695246525199079,203.65085602463841,296.0661698514068,0.0,296.0661698514068,-464.17896228093514,963.8959881569804,0.0,963.8959881569804
1566.250039468286,499.40429043769836,6.61227712427712,203.22639286377125,296.1778975739271,0.0,296.1778975739271,-465.27104821998637,964.6753386576847,0.0,964.6753386576847
1566.886039479868,464.4297184944153,6.691791193914552,202.80192970290432,261.62778879151097,0.0,261.62778879151097,-466.36313415903714,930.7928526534524,0.0,930.7928526534524
1567.52203949145,473.0825672149658,6.8093546462537144,202.37746654203715,270.70510067292867,0.0,270.70510067292867,-467.4552200980879,940.5377873130537,0.0,940.5377873130537
1568.158039503032,485.80907249450684,6.783539177833875,201.95300338117022,283.8560691133366,0.0,283.8560691133366,-468.54730603713915,954.356378531646,0.0,954.356378531646
1568.7940395146138,491.4409291744232,6.875086579267317,201.52854022030306,289.91238895412016,0.0,289.91238895412016,-469.6393919761899,961.0803211506131,0.0,961.0803211506131
1569.4300395261957,488.52540040016174,8.855250766168432,201.10407705943612,287.4213233407256,0.0,287.4213233407256,-470.73147791524116,959.2568783154029,0.0,959.2568783154029
1570.0660395377777,517.2172079086304,7.1211633678116275,200.67961389856896,316.5375940100614,0.0,316.5375940100614,-471.82356385429193,989.0407717629223,0.0,989.0407717629223
1570.7020395493596,497.22705364227295,7.127112619460421,200.25515073770202,296.9719029045709,0.0,296.9719029045709,-472.9156497933427,970.1427034356157,0.0,970.1427034356157
1571.3380395609415,476.2714612483978,7.479806369410211,199.83068757683486,276.44077367156297,0.0,276.44077367156297,-474.00773573239394,950.2791969807918,0.0,950.2791969807918
1571.9740395725235,479.28010761737823,7.30318996520496,199.40622441596793,279.8738832014103,0.0,279.8738832014103,-475.0998216714447,954.379929288823,0.0,954.379929288823
1572.6100395841054,514.9915790557861,7.1247392659105175,198.98176125510076,316.00981780068537,0.0,316.00981780068537,-476.1919076104955,991.1834866662816,0.0,991.1834866662816
1573.2460395956873,537.2971413135529,7.373724232948717,198.55729809423383,338.739843219319,0.0,338.739843219319,-477.2839935495467,1014.5811348630996,0.0,1014.5811348630996
1573.8820396072692,498.5090072154999,7.166694228776754,198.13283493336667,300.3761722821332,0.0,300.3761722821332,-478.3760794885975,976.8850867040974,0.0,976.8850867040974
1574.5180396188512,488.16726994514465,7.157972318214503,197.70837177249973,290.4588981726449,0.0,290.4588981726449,-479.4681654276483,967.6354353727929,0.0,967.6354353727929
1575.154039630433,500.28396558761597,7.164823327169947,197.28390861163257,303.0000569759834,0.0,303.0000569759834,-480.5602513666995,980.8442169543155,0.0,980.8442169543155
1575.790039642015,498.872962474823,7.195971218075852,196.85944545076563,302.01351702405736,0.0,302.01351702405736,-481.6523373057503,980.5252997805733,0.0,980.5252997805733
1576.426039653597,492.9082260131836,7.118747920270527,196.43498228989847,296.4732437232851,0.0,296.4732437232851,-482.74442324480106,975.6526492579846,0.0,975.6526492579846
1577.0620396651789,480.101952791214,7.211164646757766,196.01051912903154,284.09143366218245,0.0,284.09143366218245,-483.8365091838523,963.9384619750663,0.0,963.9384619750663
1577.6980396767608,456.85583448410034,7.083027638708751,195.58605596816437,261.26977851593597,0.0,261.26977851593597,-484.92859512290306,941.7844296070034,0.0,941.7844296070034
1578.3340396883427,493.9922385215759,7.24616259511813,195.16159280729744,298.8306457142785,0.0,298.8306457142785,-486.02068106195384,980.0129195835298,0.0,980.0129195835298
1578.9700396999247,491.0943558216095,7.339215705737554,194.73712964643028,296.3572261751792,0.0,296.3572261751792,-487.11276700100507,978.2071228226146,0.0,978.2071228226146
1579.6060397115066,447.08217227458954,8.42327046931051,194.31266648556334,252.7695057890262,0.0,252.7695057890262,-488.20485294005584,935.2870252146454,0.0,935.2870252146454
1580.2420397230885,431.1823229789734,7.599763214909774,193.88820332469618,237.2941196542772,0.0,237.2941196542772,-489.2969388791071,920.4792618580805,0.0,920.4792618580805
1580.8780397346704,428.67962646484375,7.623667649767936,193.46374016382924,235.2158863010145,0.0,235.2158863010145,-490.38902481815785,919.0686512830016,0.0,919.0686512830016
1581.5140397462524,460.60982489585876,7.1492355234250695,193.03927700296208,267.5705478928967,0.0,267.5705478928967,-491.4811107572086,952.0909356530674,0.0,952.0909356530674
1582.1500397578343,438.909628033638,8.085327512813961,192.61481384209515,246.29481419154286,0.0,246.29481419154286,-492.57319669625986,931.4828247298979,0.0,931.4828247298979
1582.7860397694162,458.3565522432327,8.420501183528518,192.19035068122798,266.16620156200474,0.0,266.16620156200474,-493.66528263531063,952.0218348785434,0.0,952.0218348785434
1583.4220397809981,463.1621103286743,7.342153804180231,191.76588752036105,271.39622280831327,0.0,271.39622280831327,-494.7573685743614,957.9194789030357,0.0,957.9194789030357
1584.05803979258,502.859402179718,7.659529866497002,191.34142435949389,311.51797782022413,0.0,311.51797782022413,-495.84945451341264,998.7088566931307,0.0,998.7088566931307
1584.694039804162,472.46657252311707,7.341766055117231,190.91696119862695,281.5496113244901,0.0,281.5496113244901,-496.9415404524634,969.4081129755805,0.0,969.4081129755805
1585.330039815744,446.487193107605,7.364986014410756,190.4924980377598,255.9946950698452,0.0,255.9946950698452,-498.0336263915142,944.5208194991192,0.0,944.5208194991192
1585.9660398273259,476.139461517334,7.208189452904699,190.06803487689285,286.07142664044113,0.0,286.07142664044113,-499.1257123305654,975.2651738478994,0.0,975.2651738478994
1586.6020398389078,474.08664417266846,7.458023693715214,189.6435717160257,284.44307245664277,0.0,284.44307245664277,-500.2177982696162,974.3044424422847,0.0,974.3044424422847
1587.2380398504897,459.1815695762634,7.615023783218515,189.21910855515875,269.9624610211047,0.0,269.9624610211047,-501.309884208667,960.4914537849304,0.0,960.4914537849304
1587.8740398620716,451.03319215774536,7.590519452752689,188.7946453942916,262.23854676345377,0.0,262.23854676345377,-502.4019701477182,953.4351623054636,0.0,953.4351623054636
1588.5100398736536,455.56467151641846,7.450396824918755,188.37018223342466,267.1944892829938,0.0,267.1944892829938,-503.494056086769,959.0587276031874,0.0,959.0587276031874
1589.1460398852355,486.94892179965973,7.519229072035455,187.9457190725575,299.00320272710223,0.0,299.00320272710223,-504.58614202581975,991.5350638254795,0.0,991.5350638254795
1589.7820398968174,491.34384536743164,7.9185494816961315,187.52125591169056,303.8225894557411,0.0,303.8225894557411,-505.678227964871,997.0220733323026,0.0,997.0220733323026
1590.4180399083994,545.6954162120819,9.17851507730785,187.0967927508234,358.5986234612585,0.0,358.5986234612585,-506.77031390392176,1052.4657301160037,0.0,1052.4657301160037
1591.0540399199813,484.35197377204895,8.576466943963785,186.67232958995646,297.6796441820925,0.0,297.6796441820925,-507.862399842973,992.2143736150219,0.0,992.2143736150219
1591.6900399315632,426.76578319072723,8.6392441255403,186.2478664290893,240.51791676163793,0.0,240.51791676163793,-508.95448578202377,935.720268972751,0.0,935.720268972751
1592.3260399431451,410.80021047592163,7.555928259228857,185.82340326822236,224.97680720769927,0.0,224.97680720769927,-510.04657172107454,920.8467821969962,0.0,920.8467821969962
1592.962039954727,443.51614309847355,8.957510115348231,185.3989401073552,258.11720299111835,0.0,258.11720299111835,-511.1386576601258,954.6548007585993,0.0,954.6548007585993
1593.598039966309,484.64919328689575,7.639498814406525,184.97447694648827,299.6747163404075,0.0,299.6747163404075,-512.2307435991765,996.8799368860723,0.0,996.8799368860723
1594.234039977891,463.2639636993408,7.533901527716581,184.5500137856211,278.7139499137197,0.0,278.7139499137197,-513.3228295382273,976.5867932375681,0.0,976.5867932375681
1594.8700399894728,499.65394735336304,7.742505970957659,184.12555062475417,315.52839672860887,0.0,315.52839672860887,-514.4149154772786,1014.0688628306416,0.0,1014.0688628306416
1595.5060400010548,483.7917513847351,7.637169964457781,183.701087463887,300.0906639208481,0.0,300.0906639208481,-515.5070014163293,999.2987528010644,0.0,999.2987528010644
1596.1420400126367,474.2013409137726,7.633485711565951,183.27662430302007,290.9247166107525,0.0,290.9247166107525,-516.5990873553801,990.8004282691527,0.0,990.8004282691527
1596.7780400242186,488.21808671951294,7.780067169532941,182.85216114215314,305.3659255773598,0.0,305.3659255773598,-517.6911732944313,1005.9092600139443,0.0,1005.9092600139443
1597.4140400358006,461.17374181747437,7.602609032042002,182.42769798128597,278.7460438361884,0.0,278.7460438361884,-518.7832592334821,979.9570010509565,0.0,979.9570010509565
1598.0500400473825,505.33631920814514,7.345190049569673,182.00323482041904,323.3330843877261,0.0,323.3330843877261,-519.8753451725329,1025.211664380678,0.0,1025.211664380678
1598.6860400589644,478.1366105079651,7.6656480245453436,181.57877165955188,296.5578388484132,0.0,296.5578388484132,-520.9674311115841,999.1040416195492,0.0,999.1040416195492
1599.3220400705463,473.86689043045044,7.563802283973725,181.15430849868494,292.7125819317655,0.0,292.7125819317655,-522.0595170506349,995.9264074810853,0.0,995.9264074810853
1599.9580400821283,464.7654175758362,7.248131350444599,180.72984533781778,284.0355722380184,0.0,284.0355722380184,-523.1516029896857,987.9170205655219,0.0,987.9170205655219
1600.5940400937102,434.7394371032715,7.356241205181742,180.30538217695084,254.43405492632064,0.0,254.43405492632064,-524.2436889287369,958.9831260320084,0.0,958.9831260320084
1601.2300401052921,438.51564860343933,7.516677224364167,179.88091901608368,258.63472958735565,0.0,258.63472958735565,-525.3357748677877,963.851423471227,0.0,963.851423471227
1601.866040116874,494.08477783203125,7.41059870444556,179.45645585521675,314.6283219768145,0.0,314.6283219768145,-526.4278608068389,1020.5126386388702,0.0,1020.5126386388702
1602.502040128456,503.2129166126251,7.774238594286789,179.03199269434958,324.18092391827554,0.0,324.18092391827554,-527.5199467458897,1030.7328633585148,0.0,1030.7328633585148
1603.138040140038,494.1784679889679,7.964727866978663,178.60752953348265,315.57093845548525,0.0,315.57093845548525,-528.6120326849405,1022.7905006739084,0.0,1022.7905006739084
1603.7740401516198,528.8931550979614,7.45721945168637,178.18306637261549,350.71008872534594,0.0,350.71008872534594,-529.7041186239917,1058.5972737219531,0.0,1058.5972737219531
1604.4100401632018,529.6838946342468,7.951375069633374,177.75860321174855,351.9252914224983,0.0,351.9252914224983,-530.7962045630425,1060.4800991972893,0.0,1060.4800991972893
1605.0460401747837,489.41480827331543,7.624189559810213,177.3341400508814,312.08066822243404,0.0,312.08066822243404,-531.8882905020932,1021.3030987754087,0.0,1021.3030987754087
1605.6820401863656,500.56928300857544,7.223440890241492,176.90967689001445,323.659606118561,0.0,323.659606118561,-532.9803764411445,1033.54965944972,0.0,1033.54965944972
1606.3180401979475,489.9731614589691,7.364810957197448,176.4852137291473,313.4879477298218,0.0,313.4879477298218,-534.0724623801952,1024.0456238391644,0.0,1024.0456238391644
1606.9540402095295,472.74829626083374,8.191592433797721,176.06075056828035,296.6875456925534,0.0,296.6875456925534,-535.164548319246,1007.9128445800798,0.0,1007.9128445800798
1607.5900402211114,484.0823519229889,7.357373730999291,175.6362874074132,308.4460645155757,0.0,308.4460645155757,-536.2566342582973,1020.3389861812861,0.0,1020.3389861812861
1608.2260402326933,501.68639874458313,7.926266601429353,175.21182424654626,326.4745744980369,0.0,326.4745744980369,-537.348720197348,1039.0351189419312,0.0,1039.0351189419312
1608.8620402442752,509.80504512786865,7.239322134230921,174.7873610856791,335.01768404218956,0.0,335.01768404218956,-538.4408061363988,1048.2458512642675,0.0,1048.2458512642675
1609.4980402558572,483.3674421310425,7.530268103035501,174.36289792481216,309.0045442062303,0.0,309.0045442062303,-539.53289207545,1022.9003342064925,0.0,1022.9003342064925
1610.134040267439,524.2797887325287,8.278726181173347,173.938434763945,350.3413539685837,0.0,350.3413539685837,-540.6249780145008,1064.9047667470295,0.0,1064.9047667470295
1610.770040279021,532.7334985733032,7.731765814692324,173.51397160307806,359.21952697022516,0.0,359.21952697022516,-541.7170639535516,1074.4505625268548,0.0,1074.4505625268548
1611.406040290603,528.5160171985626,7.518751071645507,173.0895084422109,355.4265087563517,0.0,355.4265087563517,-542.8091498926028,1071.3251670911654,0.0,1071.3251670911654
1612.042040302185,474.7720456123352,7.331201260096002,172.66504528134396,302.10700033099124,0.0,302.10700033099124,-543.9012358316536,1018.6732814439888,0.0,1018.6732814439888
1612.6780403137668,508.4694528579712,7.281368766457101,172.2405821204768,336.2288707374944,0.0,336.2288707374944,-544.9933217707048,1053.462774628676,0.0,1053.462774628676
1613.3140403253487,542.9891681671143,7.415410689810251,171.81611895960987,371.1730492075044,0.0,371.1730492075044,-546.0854077097556,1089.0745758768699,0.0,1089.0745758768699
1613.9500403369307,548.9876446723938,7.258203178488781,171.3916557987427,377.5959888736511,0.0,377.5959888736511,-547.1774936488064,1096.1651383212002,0.0,1096.1651383212002
1614.5860403485126,528.6438660621643,7.386380847646646,170.96719263787577,357.67667342428854,0.0,357.67667342428854,-548.2695795878576,1076.913445650022,0.0,1076.913445650022
1615.2220403600945,532.2723381519318,7.521114838325462,170.5427294770086,361.72960867492316,0.0,361.72960867492316,-549.3616655269084,1081.6340036788401,0.0,1081.6340036788401
1615.8580403716765,571.1990449428558,7.954057777416409,170.11826631614167,401.08077862671416,0.0,401.08077862671416,-550.4537514659592,1121.652796408815,0.0,1121.652796408815
1616.4940403832584,542.7833571434021,7.5554973484273455,169.6938031552745,373.0895539881276,0.0,373.0895539881276,-551.5458374050104,1094.3291945484125,0.0,1094.3291945484125
1617.1300403948403,483.80493903160095,7.764976136735807,169.26933999440757,314.5355990371934,0.0,314.5355990371934,-552.6379233440612,1036.4428623756621,0.0,1036.4428623756621
1617.7660404064222,492.19142723083496,7.293274073703059,168.8448768335404,323.34655039729455,0.0,323.34655039729455,-553.7300092831119,1045.921436513947,0.0,1045.921436513947
1618.4020404180042,515.6232814788818,7.316712653938051,168.42041367267348,347.20286780620836,0.0,347.20286780620836,-554.8220952221632,1070.445376701045,0.0,1070.445376701045
1619.038040429586,548.3379335403442,7.641941884221348,167.9959505118063,380.3419830285379,0.0,380.3419830285379,-555.914181161214,1104.2521147015582,0.0,1104.2521147015582
1619.674040441168,555.1632444858551,7.418888719009807,167.57148735093938,387.5917571349157,0.0,387.5917571349157,-557.0062671002647,1112.1695115861198,0.0,1112.1695115861198
1620.31004045275,543.0704865455627,7.748557605925306,167.14702419007222,375.9234623554905,0.0,375.9234623554905,-558.098353039316,1101.1688395848787,0.0,1101.1688395848787
1620.9460404643319,487.67957496643066,7.770026232699517,166.72256102920528,320.9570139372254,0.0,320.9570139372254,-559.1904389783667,1046.8700139447974,0.0,1046.8700139447974
1621.5820404759138,487.08303570747375,7.4542707430592365,166.29809786833812,320.78493783913564,0.0,320.78493783913564,-560.2825249174175,1047.3655606248913,0.0,1047.3655606248913
1622.2180404874957,444.61466789245605,7.528497443546792,165.87363470747118,278.7410331849849,0.0,278.7410331849849,-561.3746108564687,1005.9892787489248,0.0,1005.9892787489248
1622.8540404990777,502.81099152565,7.658899515099566,165.44917154660402,337.361819979046,0.0,337.361819979046,-562.4666967955195,1065.2776883211695,0.0,1065.2776883211695
1623.4900405106596,486.0297975540161,7.534222977271537,165.02470838573709,321.005089168279,0.0,321.005089168279,-563.5587827345707,1049.5885802885869,0.0,1049.5885802885869
1624.1260405222415,491.54854583740234,7.356951525391689,164.60024522486992,326.9483006125324,0.0,326.9483006125324,-564.6508686736215,1056.1994145110239,0.0,1056.1994145110239
1624.7620405338234,546.2293672561646,7.292730174597675,164.175782064003,382.05358519216156,0.0,382.05358519216156,-565.7429546126723,1111.9723218688368,0.0,1111.9723218688368
1625.3980405454054,519.3431899547577,7.249262172048364,163.75131890313583,355.59187105162187,0.0,355.59187105162187,-566.8350405517235,1086.1782305064812,0.0,1086.1782305064812
1626.0340405569873,501.0693004131317,7.110078563783094,163.3268557422689,337.7424446708628,0.0,337.7424446708628,-567.9271264907743,1068.996426903906,0.0,1068.996426903906
1626.6700405685692,493.9272108078003,7.370343203579612,162.90239258140173,331.02481822639857,0.0,331.02481822639857,-569.0192124298251,1062.9464232376254,0.0,1062.9464232376254
1627.3060405801511,478.44764614105225,7.233263448879688,162.4779294205348,315.96971672051745,0.0,315.96971672051745,-570.1112983688763,1048.5589445099286,0.0,1048.5589445099286
1627.942040591733,479.90662908554077,7.352513454532051,162.05346625966763,317.85316282587314,0.0,317.85316282587314,-571.2033843079271,1051.1100133934679,0.0,1051.1100133934679
1628.578040603315,507.3289210796356,8.072958148544222,161.6290030988007,345.6999179808349,0.0,345.6999179808349,-572.2954702469779,1079.6243913266135,0.0,1079.6243913266135
1629.214040614897,500.0631048679352,7.731921791607807,161.20453993793353,338.85856493000165,0.0,338.85856493000165,-573.3875561860291,1073.4506610539643,0.0,1073.4506610539643
1629.8500406264789,509.5402648448944,7.2505390966602326,160.7800767770666,348.7601880678278,0.0,348.7601880678278,-574.4796421250799,1084.0199069699743,0.0,1084.0199069699743
1630.4860406380608,529.4901547431946,7.217183234219926,160.35561361619943,369.13454112699515,0.0,369.13454112699515,-575.5717280641306,1105.0618828073252,0.0,1105.0618828073252
1631.1220406496427,515.2013192176819,7.092492410014597,159.9311504553325,355.2701687623494,0.0,355.2701687623494,-576.6638140031819,1091.8651332208638,0.0,1091.8651332208638
1631.7580406612246,508.7590334415436,8.643350653772579,159.50668729446534,349.25234614707824,0.0,349.25234614707824,-577.7558999422326,1086.5149333837762,0.0,1086.5149333837762
1632.3940406728066,515.6867681741714,9.527845901258432,159.0822241335984,356.60454404057305,0.0,356.60454404057305,-578.8479858812834,1094.5347540554549,0.0,1094.5347540554549
1633.0300406843885,504.37699723243713,9.376252214297102,158.65776097273147,345.71923625970567,0.0,345.71923625970567,-579.9400718203347,1084.3170690527718,0.0,1084.3170690527718
1633.6660406959704,528.2989740371704,7.437694488740363,158.2332978118643,370.0656762253061,0.0,370.0656762253061,-581.0321577593854,1109.3311317965558,0.0,1109.3311317965558
1634.3020407075524,490.2255172729492,7.8370984664400964,157.80883465099737,332.41668262195185,0.0,332.41668262195185,-582.1242436984367,1072.3497609713859,0.0,1072.3497609713859
1634.9380407191343,490.7209777832031,7.379601374612803,157.3843714901302,333.3366062930729,0.0,333.3366062930729,-583.2163296374874,1073.9373074206906,0.0,1073.9373074206906
1635.5740407307162,522.6698632240295,7.11702257655394,156.95990832926327,365.70995489476627,0.0,365.70995489476627,-584.3084155765382,1106.9782788005678,0.0,1106.9782788005678
1636.2100407422981,504.7332103252411,7.1651004982950255,156.5354451683961,348.197765156845,0.0,348.197765156845,-585.4005015155894,1090.1337118408305,0.0,1090.1337118408305
1636.84604075388,520.4822106361389,7.245550027476366,156.11098200752917,364.37122862860974,0.0,364.37122862860974,-586.4925874546402,1106.9747980907791,0.0,1106.9747980907791
1637.482040765462,525.054381608963,7.055970296144389,155.686518846662,369.367862762301,0.0,369.367862762301,-587.584673393691,1112.639055002654,0.0,1112.639055002654
1638.118040777044,524.9603128433228,7.216007931329687,155.26205568579508,369.6982571575277,0.0,369.6982571575277,-588.6767593327422,1113.637072176065,0.0,1113.637072176065
1638.7540407886258,497.09321689605713,7.220362986702711,154.8375925249279,342.2556243711292,0.0,342.2556243711292,-589.768845271793,1086.8620621678501,0.0,1086.8620621678501
1639.3900408002078,509.6014835834503,7.079162200506258,154.41312936406098,355.18835421938934,0.0,355.18835421938934,-590.8609312108438,1100.462414794294,0.0,1100.462414794294
1640.0260408117897,537.8409993648529,7.206026117504959,153.98866620319382,383.8523331616591,0.0,383.8523331616591,-591.953017149895,1129.794016514748,0.0,1129.794016514748
1640.6620408233716,546.4623882770538,7.16530496548824,153.56420304232688,392.89818523472695,0.0,392.89818523472695,-593.0451030889458,1139.5074913659996,0.0,1139.5074913659996
1641.2980408349536,520.9367938041687,7.3348578285530355,153.13973988145972,367.797053922709,0.0,367.797053922709,-594.1371890279966,1115.0739828321653,0.0,1115.0739828321653
1641.9340408465355,496.1563768386841,7.595836495817286,152.71527672059278,343.4411001180913,0.0,343.4411001180913,-595.2292749670478,1091.3856518057319,0.0,1091.3856518057319
1642.5700408581174,519.6001477241516,7.149821449034409,152.29081355972562,367.309334164426,0.0,367.309334164426,-596.3213609060986,1115.9215086302502,0.0,1115.9215086302502
1643.2060408696993,561.0794353485107,7.112340742911605,151.86635039885869,409.21308494965206,0.0,409.21308494965206,-597.4134468451493,1158.49288219366,0.0,1158.49288219366
1643.8420408812813,601.9869494438171,7.326909100019224,151.44188723799152,450.5450622058256,0.0,450.5450622058256,-598.5055327842006,1200.4924822280177,0.0,1200.4924822280177
1644.4780408928632,597.286153793335,7.6650701630289495,151.0174240771246,446.2687297162104,0.0,446.2687297162104,-599.5976187232513,1196.8837725165863,0.0,1196.8837725165863
1645.1140409044451,560.9653639793396,7.3765051628591785,150.59296091625743,410.3724030630822,0.0,410.3724030630822,-600.6897046623026,1161.6550686416422,0.0,1161.6550686416422
1645.750040916027,632.1070053577423,7.333141900224946,150.1684977553905,481.9385076023518,0.0,481.9385076023518,-601.7817906013534,1233.8887959590957,0.0,1233.8887959590957
1646.386040927609,809.9574565887451,7.692627029227806,149.74403459452333,660.2134219942218,0.0,660.2134219942218,-602.8738765404041,1412.8313331291492,0.0,1412.8313331291492
1647.022040939191,767.8723092079163,7.860113387352824,149.3195714336564,618.5527377742599,0.0,618.5527377742599,-603.9659624794554,1371.8382716873716,0.0,1371.8382716873716
1647.6580409507728,609.3774778842926,9.745999605805094,148.89510827278923,460.4823696115034,0.0,460.4823696115034,-605.0580484185061,1214.4355263027987,0.0,1214.4355263027987
1648.2940409623548,556.1640872955322,7.414240824152368,148.4706451119223,407.69344218360993,0.0,407.69344218360993,-606.1501343575569,1162.3142216530891,0.0,1162.3142216530891
1648.9300409739367,530.7819480895996,7.212886486426471,148.04618195105513,382.7357661385445,0.0,382.7357661385445,-607.2422202966081,1138.0241683862077,0.0,1138.0241683862077
1649.5660409855186,519.6335716247559,7.2689285184669865,147.6217187901882,372.01185283456766,0.0,372.01185283456766,-608.3343062356589,1127.9678778604148,0.0,1127.9678778604148
1650.2020409971005,509.5075297355652,7.632311915078098,147.19725562932103,362.31027410624415,0.0,362.31027410624415,-609.4263921747097,1118.9339219102749,0.0,1118.9339219102749
1650.8380410086825,513.0624434947968,7.130417769802984,146.7727924684541,366.28965102634265,0.0,366.28965102634265,-610.5184781137609,1123.5809216085577,0.0,1123.5809216085577
1651.4740410202644,518.9615943431854,7.275587164848777,146.34832930758694,372.6132650355985,0.0,372.6132650355985,-611.6105640528117,1130.5721583959971,0.0,1130.5721583959971
1652.1100410318463,508.3944442272186,7.33580022246139,145.92386614672,362.4705780804986,0.0,362.4705780804986,-612.7026499918625,1121.097094219081,0.0,1121.097094219081
1652.7460410434282,511.77733182907104,7.261825168623471,145.49940298585284,366.2779288432182,0.0,366.2779288432182,-613.7947359309137,1125.5720677599847,0.0,1125.5720677599847
1653.3820410550102,516.1795063018799,7.122766316173295,145.0749398249859,371.104566476894,0.0,371.104566476894,-614.8868218699645,1131.0663281718444,0.0,1131.0663281718444
1654.018041066592,529.472451210022,7.464906621818925,144.65047666411874,384.82197454590323,0.0,384.82197454590323,-615.9789078090153,1145.4513590190372,0.0,1145.4513590190372
1654.654041078174,483.0408002734184,7.357949083441229,144.2260135032518,338.8147867701666,0.0,338.8147867701666,-617.0709937480665,1100.111794021485,0.0,1100.111794021485
1655.290041089756,476.92084538936615,7.14873612390495,143.80155034238464,333.1192950469815,0.0,333.1192950469815,-618.1630796871173,1095.0839250764834,0.0,1095.0839250764834
1655.926041101338,502.578355550766,7.163271801261851,143.3770871815177,359.2012683692483,0.0,359.2012683692483,-619.2551656261685,1121.8335211769345,0.0,1121.8335211769345
1656.5620411129198,495.55848145484924,7.4884713034062536,142.95262402065055,352.6058574341987,0.0,352.6058574341987,-620.3472515652193,1115.9057330200685,0.0,1115.9057330200685
1657.1980411245017,504.2271604537964,7.3538531531680364,142.5281608597836,361.6989995940128,0.0,361.6989995940128,-621.43933750427,1125.6664979580664,0.0,1125.6664979580664
1657.8340411360837,527.8295912742615,7.516726876683182,142.10369769891645,385.725893575345,0.0,385.725893575345,-622.5314234433213,1150.3610147175827,0.0,1150.3610147175827
1658.4700411476656,500.3895262479782,7.095050896419385,141.6792345380495,358.7102917099287,0.0,358.7102917099287,-623.623509382372,1124.0130356303503,0.0,1124.0130356303503
1659.1060411592475,505.08451437950134,7.463545469130474,141.25477137718235,363.829743002319,0.0,363.829743002319,-624.7155953214228,1129.8001097009242,0.0,1129.8001097009242
1659.7420411708295,513.3768599033356,7.145213505730663,140.83030821631542,372.54655168702016,0.0,372.54655168702016,-625.807681260474,1139.1845411638096,0.0,1139.1845411638096
1660.3780411824114,501.32207357883453,7.372318100064718,140.40584505544825,360.9162285233863,0.0,360.9162285233863,-626.8997671995248,1128.2218407783594,0.0,1128.2218407783594
1661.0140411939933,532.6661131381989,7.559111071772883,139.98138189458132,392.68473124361753,0.0,392.68473124361753,-627.9918531385756,1160.6579662767745,0.0,1160.6579662767745
1661.6500412055752,544.9944176673889,7.466528341456267,139.55691873371416,405.43749893367476,0.0,405.43749893367476,-629.0839390776268,1174.0783567450158,0.0,1174.0783567450158
1662.2860412171572,514.987692117691,7.346837351117988,139.13245557284722,375.8552365448438,0.0,375.8552365448438,-630.1760250166776,1145.1637171343687,0.0,1145.1637171343687
1662.922041228739,548.845561504364,15.681452099497843,138.70799241198006,410.13756909238396,0.0,410.13756909238396,-631.2681109557284,1180.1136724600924,0.0,1180.1136724600924
1663.558041240321,839.8101395368576,39.37069372311538,138.28352925111312,701.5266102857445,0.0,701.5266102857445,-632.3601968947796,1472.1703364316372,0.0,1472.1703364316372
1664.194041251903,644.3715813159943,25.02779901306203,137.85906609024596,506.5125152257483,0.0,506.5125152257483,-633.4522828338304,1277.8238641498247,0.0,1277.8238641498247
1664.8300412634849,496.8364191055298,10.194112706791493,137.43460292937903,359.40181617615076,0.0,359.40181617615076,-634.5443687728812,1131.380787878411,0.0,1131.380787878411
1665.4660412750668,476.32196950912476,7.501714190798366,137.01013976851186,339.3118297406129,0.0,339.3118297406129,-635.6364547119324,1111.9584242210572,0.0,1111.9584242210572
1666.1020412866487,477.5675823688507,7.398323599816837,136.58567660764493,340.9819057612058,0.0,340.9819057612058,-636.7285406509832,1114.2961230198339,0.0,1114.2961230198339
1666.7380412982307,482.66875100135803,7.565647637431293,136.16121344677777,346.50753755458027,0.0,346.50753755458027,-637.8206265900344,1120.4893775913924,0.0,1120.4893775913924
1667.3740413098126,503.0833179950714,7.556553164391982,135.73675028591083,367.3465677091606,0.0,367.3465677091606,-638.9127125290852,1141.9960305241566,0.0,1141.9960305241566
1668.0100413213945,510.4684829711914,7.996012776954412,135.31228712504367,375.15619584614774,0.0,375.15619584614774,-640.004798468136,1150.4732814393274,0.0,1150.4732814393274
1668.6460413329764,533.2440118789673,9.453091958453026,134.88782396417673,398.35618791479055,0.0,398.35618791479055,-641.0968844071872,1174.3408962861545,0.0,1174.3408962861545
1669.2820413445584,514.7485313415527,7.900691226100725,134.4633608033098,380.28517053824294,0.0,380.28517053824294,-642.188970346238,1156.9375016877907,0.0,1156.9375016877907
1669.9180413561403,473.0743134021759,7.692399134152889,134.03889764244263,339.03541575973327,0.0,339.03541575973327,-643.2810562852887,1116.3553696874646,0.0,1116.3553696874646
1670.5540413677222,472.58083629608154,7.643613306363029,133.6144344815757,338.96640181450584,0.0,338.96640181450584,-644.37314222434,1116.9539785204215,0.0,1116.9539785204215
1671.1900413793041,480.94669485092163,9.905946863574682,133.18997132070854,347.7567235302131,0.0,347.7567235302131,-645.4652281633907,1126.4119230143124,0.0,1126.4119230143124
1671.826041390886,500.0645785331726,7.699213684766958,132.7655081598416,367.299070373331,0.0,367.299070373331,-646.5573141024415,1146.6218926356141,0.0,1146.6218926356141
1672.462041402468,509.26484632492065,7.766896519094825,132.34104499897444,376.9238013259462,0.0,376.9238013259462,-647.6494000414928,1156.9142463664134,0.0,1156.9142463664134
1673.09804141405,527.2669024467468,7.665043526732294,131.9165818381075,395.3503206086393,0.0,395.3503206086393,-648.7414859805435,1176.0083884272904,0.0,1176.0083884272904
1673.7340414256319,513.7378926277161,7.7876153808190125,131.49211867724034,382.2457739504757,0.0,382.2457739504757,-649.8335719195943,1163.5714645473104,0.0,1163.5714645473104
1674.3700414372138,554.6080617904663,8.012740135936827,131.0676555163734,423.5404062740929,0.0,423.5404062740929,-650.9256578586455,1205.5337196491118,0.0,1205.5337196491118
1675.0060414487957,536.9623289108276,7.8958754063569385,130.64319235550624,406.3191365553214,0.0,406.3191365553214,-652.0177437976963,1188.980072708524,0.0,1188.980072708524
1675.6420414603776,535.2111675739288,8.268781475452606,130.2187291946393,404.9924383792895,0.0,404.9924383792895,-653.1098297367471,1188.320997310676,0.0,1188.320997310676
1676.2780414719596,521.3149559497833,8.385839357032701,129.79426603377215,391.5206899160112,0.0,391.5206899160112,-654.2019156757983,1175.5168716255816,0.0,1175.5168716255816
1676.9140414835415,505.24271297454834,7.946453510837992,129.3698028729052,375.87291010164313,0.0,375.87291010164313,-655.2940016148491,1160.5367145893974,0.0,1160.5367145893974
1677.5500414951234,528.7291169166565,7.9326629178939125,128.94533971203805,399.78377720461845,0.0,399.78377720461845,-656.3860875539003,1185.1152044705568,0.0,1185.1152044705568
1678.1860415067054,510.41796588897705,7.626508248449796,128.5208765511711,381.89708933780594,0.0,381.89708933780594,-657.4781734929511,1167.8961393819282,0.0,1167.8961393819282
1678.8220415182873,501.2687318325043,7.619001268880027,128.09641339030395,373.1723184422003,0.0,373.1723184422003,-658.5702594320019,1159.8389912645061,0.0,1159.8389912645061
1679.4580415298692,512.4630638360977,7.766814629218191,127.67195022943702,384.7911136066607,0.0,384.7911136066607,-659.6623453710531,1172.1254092071508,0.0,1172.1254092071508
1680.0940415414511,545.4992530345917,8.378724562848817,127.24748706856985,418.2517659660218,0.0,418.2517659660218,-660.7544313101039,1206.2536843446956,0.0,1206.2536843446956
1680.730041553033,548.246173620224,8.279231887727818,126.82302390770292,421.4231497125211,0.0,421.4231497125211,-661.8465172491547,1210.0926908693787,0.0,1210.0926908693787
1681.366041564615,541.7359297275543,8.292192525680077,126.39856074683576,415.33736898071857,0.0,415.33736898071857,-662.9386031882059,1204.6745329157602,0.0,1204.6745329157602
1682.002041576197,507.65788531303406,8.400126127200132,125.97409758596882,381.68378772706524,0.0,381.68378772706524,-664.0306891272567,1171.6885744402907,0.0,1171.6885744402907
1682.6380415877788,541.0076787471771,8.241625454503799,125.54963442510166,415.45804432207547,0.0,415.45804432207547,-665.1227750663074,1206.1304538134846,0.0,1206.1304538134846
1683.2740415993608,617.6436445713043,7.961677544609614,125.12517126423472,492.5184733070696,0.0,492.5184733070696,-666.2148610053587,1283.858505576663,0.0,1283.858505576663
1683.9100416109427,653.0893340110779,8.362171163751546,124.70070810336756,528.3886259077103,0.0,528.3886259077103,-667.3069469444094,1320.3962809554873,0.0,1320.3962809554873
1684.5460416225246,558.8251469135284,8.406066495489819,124.27624494250063,434.5489019710278,0.0,434.5489019710278,-668.3990328834602,1227.2241797969887,0.0,1227.2241797969887
1685.1820416341066,514.1722865104675,9.070831588123701,123.85178178163346,390.32050472883407,0.0,390.32050472883407,-669.4911188225115,1183.663405332979,0.0,1183.663405332979
1685.8180416456885,547.4536719322205,8.844296823970256,123.42731862076653,424.02635331145393,0.0,424.02635331145393,-670.5832047615622,1218.0368766937827,0.0,1218.0368766937827
1686.4540416572704,497.70864057540894,8.946531490003993,123.00285545989937,374.70578511550957,0.0,374.70578511550957,-671.675290700613,1169.383931276022,0.0,1169.383931276022
1687.090041668852,489.38559210300446,8.093925120971981,122.57839229903243,366.807199803972,0.0,366.807199803972,-672.7673766396638,1162.1529687426682,0.0,1162.1529687426682
1687.726041680434,513.5022038221359,8.43267983286908,122.1539291381655,391.34827468397043,0.0,391.34827468397043,-673.8594625787146,1187.3616664008505,0.0,1187.3616664008505
1688.362041692016,512.176506280899,8.207856927457845,121.72946597729833,390.4470403036007,0.0,390.4470403036007,-674.9515485177658,1187.1280547986648,0.0,1187.1280547986648
1688.998041703598,513.4750301837921,8.37559849997604,121.3050028164314,392.1700273673607,0.0,392.1700273673607,-676.0436344568166,1189.5186646406087,0.0,1189.5186646406087
1689.6340417151798,504.14051508903503,8.08107810792514,120.88053965556423,383.2599754334708,0.0,383.2599754334708,-677.1357203958673,1181.2762354849024,0.0,1181.2762354849024
1690.2700417267617,494.8420310020447,8.23268508481491,120.4560764946973,374.3859545073474,0.0,374.3859545073474,-678.2278063349186,1173.0698373369632,0.0,1173.0698373369632
1690.9060417383437,488.7578902244568,8.0346656687127,120.03161333383014,368.72627689062665,0.0,368.72627689062665,-679.3198922739693,1168.0777824984261,0.0,1168.0777824984261
1691.5420417499256,507.7182115316391,8.097771000805418,119.6071501729632,388.1110613586759,0.0,388.1110613586759,-680.4119782130201,1188.1301897446592,0.0,1188.1301897446592
1692.1780417615075,472.78394198417664,8.247095643350306,119.18268701209604,353.6012549720806,0.0,353.6012549720806,-681.5040641520714,1154.288006136248,0.0,1154.288006136248
1692.8140417730895,496.9616017341614,8.31035738987318,118.7582238512291,378.2033778829323,0.0,378.2033778829323,-682.5961500911221,1179.5577518252835,0.0,1179.5577518252835
1693.4500417846714,499.4526516199112,8.027732579784258,118.33376069036217,381.118890929549,0.0,381.118890929549,-683.6882360301734,1183.1408876500846,0.0,1183.1408876500846
1694.0860417962533,510.9686498641968,8.06064312255107,117.909297529495,393.05935233470177,0.0,393.05935233470177,-684.7803219692241,1195.748971833421,0.0,1195.748971833421
1694.7220418078352,525.7152590751648,7.889190990501415,117.48483436862807,408.2304247065367,0.0,408.2304247065367,-685.8724079082749,1211.5876669834397,0.0,1211.5876669834397
1695.3580418194172,545.6317582130432,8.11243965879823,117.06037120776091,428.5713870052823,0.0,428.5713870052823,-686.9644938473261,1232.5962520603694,0.0,1232.5962520603694
1695.994041830999,505.1400156021118,8.284240216978207,116.63590804689397,388.50410755521784,0.0,388.50410755521784,-688.0565797863769,1193.1965953884887,0.0,1193.1965953884887
1696.630041842581,484.69748711586,8.15177212244301,116.21144488602681,368.4860422298332,0.0,368.4860422298332,-689.1486657254277,1173.8461528412877,0.0,1173.8461528412877
1697.266041854163,477.11163544654846,8.339940198816283,115.78698172515988,361.3246537213886,0.0,361.3246537213886,-690.2407516644789,1167.3523871110274,0.0,1167.3523871110274
1697.9020418657449,469.130752325058,8.045471614088443,115.36251856429271,353.76823376076527,0.0,353.76823376076527,-691.3328376035297,1160.4635899285877,0.0,1160.4635899285877
1698.5380418773268,497.07618045806885,8.461016193213261,114.93805540342578,382.13812505464307,0.0,382.13812505464307,-692.4249235425805,1189.5011040006493,0.0,1189.5011040006493
1699.1740418889087,503.6918640136719,9.049310981027933,114.51359224255862,389.17827177111326,0.0,389.17827177111326,-693.5170094816317,1197.2088734953036,0.0,1197.2088734953036
1699.8100419004907,534.6124725341797,8.832900400325476,114.08912908169168,420.523343452488,0.0,420.523343452488,-694.6090954206825,1229.2215679548622,0.0,1229.2215679548622
1700.4460419120726,531.2371213436127,8.597709605519176,113.66466592082452,417.57245542278815,0.0,417.57245542278815,-695.7011813597333,1226.938302703346,0.0,1226.938302703346
1701.0820419236545,528.3715972900391,8.444305519310623,113.24020275995758,415.1313945300815,0.0,415.1313945300815,-696.7932672987845,1225.1648645888235,0.0,1225.1648645888235
1701.7180419352364,513.5022332668304,8.365607860356123,112.81573959909042,400.68649366774,0.0,400.68649366774,-697.8853532378353,1211.3875865046657,0.0,1211.3875865046657
1702.3540419468184,523.5911402702332,8.45296283906524,112.39127643822349,411.19986383200967,0.0,411.19986383200967,-698.977439176886,1222.5685794471192,0.0,1222.5685794471192
1702.9900419584003,474.4370355606079,8.07868135090582,111.96681327735632,362.4702222832516,0.0,362.4702222832516,-700.0695251159373,1174.5065606765452,0.0,1174.5065606765452
1703.6260419699822,498.26061725616455,8.307189383356967,111.54235011648939,386.71826713967516,0.0,386.71826713967516,-701.161611054988,1199.4222283111526,0.0,1199.4222283111526
1704.2620419815642,516.5859131813049,8.874182026949988,111.11788695562223,405.4680262256827,0.0,405.4680262256827,-702.2536969940393,1218.8396101753442,0.0,1218.8396101753442
1704.898041993146,550.1009607315063,8.210331991617952,110.69342379475529,439.40753693675106,0.0,439.40753693675106,-703.34578293309,1253.4467436645964,0.0,1253.4467436645964
1705.534042004728,499.0924837589264,8.234814853997142,110.26896063388813,388.82352312503826,0.0,388.82352312503826,-704.4378688721408,1203.5303526310672,0.0,1203.5303526310672
1706.17004201631,528.7681403160095,8.498576049361985,109.84449747302119,418.92364284298833,0.0,418.92364284298833,-705.529954811192,1234.2980951272016,0.0,1234.2980951272016
1706.8060420278919,514.4064211845398,8.140499316538348,109.42003431215403,404.98638687238576,0.0,404.98638687238576,-706.6220407502428,1221.0284619347826,0.0,1221.0284619347826
1707.4420420394738,530.5131487846375,8.433153711071048,108.9955711512871,421.51757763335036,0.0,421.51757763335036,-707.7141266892936,1238.227275473931,0.0,1238.227275473931
1708.0780420510557,518.4086380004883,8.36878118852357,108.57110799041993,409.83753001006835,0.0,409.83753001006835,-708.8062126283448,1227.2148506288331,0.0,1227.2148506288331
1708.7140420626376,490.88574290275574,8.243803740024559,108.146644829553,382.73909807320274,0.0,382.73909807320274,-709.8982985673956,1200.7840414701514,0.0,1200.7840414701514
1709.3500420742196,486.4170459508896,9.180497664576665,107.72218166868583,378.69486428220375,0.0,378.69486428220375,-710.9903845064464,1197.407430457336,0.0,1197.407430457336
1709.9860420858015,484.0184519290924,9.912778619702676,107.2977185078189,376.7207334212735,0.0,376.7207334212735,-712.0824704454976,1196.10092237459,0.0,1196.10092237459
1710.6220420973834,485.78365111351013,8.62782703993036,106.87325534695174,378.9103957665584,0.0,378.9103957665584,-713.1745563845484,1198.9582074980585,0.0,1198.9582074980585
1711.2580421089654,539.8742668628693,9.002837592215437,106.4487921860848,433.42547467678446,0.0,433.42547467678446,-714.2666423235992,1254.1409091864684,0.0,1254.1409091864684
1711.8940421205473,529.5716650485992,9.07437285991229,106.02432902521764,423.5473360233816,0.0,423.5473360233816,-715.3587282626504,1244.9303933112496,0.0,1244.9303933112496
1712.5300421321292,553.4350438117981,9.221254534558215,105.5998658643507,447.8351779474474,0.0,447.8351779474474,-716.4508142017012,1269.8858580134993,0.0,1269.8858580134993
1713.1660421437111,533.8189873695374,9.341862222788436,105.17540270348354,428.6435846660538,0.0,428.6435846660538,-717.542900140752,1251.3618875102893,0.0,1251.3618875102893
1713.802042155293,485.71309089660645,9.306033194521572,104.7509395426166,380.96215135398984,0.0,380.96215135398984,-718.6349860798032,1204.3480769764096,0.0,1204.3480769764096
1714.438042166875,517.4719948768616,9.15157198822748,104.32647638174944,413.1455184951121,0.0,413.1455184951121,-719.727072018854,1237.1990668957155,0.0,1237.1990668957155
1715.074042178457,514.6470537185669,8.966451034723457,103.90201322088251,410.7450404976844,0.0,410.7450404976844,-720.8191579579052,1235.466211676472,0.0,1235.466211676472
1715.7100421900388,531.4947290420532,8.503243754262018,103.47755006001535,428.0171789820379,0.0,428.0171789820379,-721.911243896956,1253.4059729390092,0.0,1253.4059729390092
1716.3460422016208,506.06876945495605,8.829894226135922,103.05308689914841,403.01568255580764,0.0,403.01568255580764,-723.0033298360067,1229.0720992909628,0.0,1229.0720992909628
1716.9820422132027,572.4697012901306,8.595266925834997,102.62862373828125,469.84107755184937,0.0,469.84107755184937,-724.095415775058,1296.5651170651886,0.0,1296.5651170651886
1717.6180422247846,560.8501710891724,8.53347432358689,102.20416057741431,458.64601051175805,0.0,458.64601051175805,-725.1875017141087,1286.037672803281,0.0,1286.037672803281
1718.2540422363666,538.8632643222809,8.324918686719379,101.77969741654715,437.08356690573373,0.0,437.08356690573373,-726.2795876531595,1265.1428519754404,0.0,1265.1428519754404
1718.8900422479485,513.1300883293152,8.489861913388385,101.35523425568022,411.77485407363497,0.0,411.77485407363497,-727.3716735922108,1240.501761921526,0.0,1240.501761921526
1719.5260422595304,492.1212524175644,8.584161379425797,100.93077109481305,391.19048132275134,0.0,391.19048132275134,-728.4637595312615,1220.585011948826,0.0,1220.585011948826
1720.1620422711123,462.48653614521027,9.164749816809035,100.50630793394612,361.98022821126415,0.0,361.98022821126415,-729.5558454703123,1192.0423816155226,0.0,1192.0423816155226
1720.7980422826943,466.5349152088165,8.921238674090855,100.08184477307896,366.4530704357376,0.0,366.4530704357376,-730.6479314093635,1197.18284661818,0.0,1197.18284661818
1721.4340422942762,495.4013867378235,8.423434047982319,99.65738161221202,395.74400512561147,0.0,395.74400512561147,-731.7400173484143,1227.1414040862378,0.0,1227.1414040862378
1722.0700423058581,483.7370460033417,8.87544911263559,99.23291845134486,384.5041275519968,0.0,384.5041275519968,-732.8321032874651,1216.5691492908068,0.0,1216.5691492908068
1722.70604231744,462.5732502937317,8.821746650849251,98.80845529047792,363.76479500325377,0.0,363.76479500325377,-733.9241892265163,1196.497439520248,0.0,1196.497439520248
1723.342042329022,483.7604503631592,8.773899747874083,98.38399212961076,385.3764582335484,0.0,385.3764582335484,-735.0162751655671,1218.7767255287263,0.0,1218.7767255287263
1723.978042340604,478.9584197998047,8.484338524530132,97.95952896874383,380.99889083106086,0.0,380.99889083106086,-736.1083611046179,1215.0667809044226,0.0,1215.0667809044226
1724.6140423521858,478.3382844924927,8.882601301892805,97.53506580787666,380.803218684616,0.0,380.803218684616,-737.2004470436691,1215.5387315361618,0.0,1215.5387315361618
1725.2500423637678,489.3077549934387,8.663542494258566,97.11060264700973,392.197152346429,0.0,392.197152346429,-738.2925329827199,1227.6002879761586,0.0,1227.6002879761586
1725.8860423753497,475.3864698410034,8.931320335263722,96.68613948614257,378.70033035486085,0.0,378.70033035486085,-739.3846189217711,1214.7710887627745,0.0,1214.7710887627745
1726.5220423869316,447.45388007164,8.892783236189556,96.26167632527563,351.1922037463644,0.0,351.1922037463644,-740.4767048608219,1187.930584932462,0.0,1187.930584932462
1727.1580423985135,465.0210511684418,8.921059441857695,95.83721316440847,369.1838380040333,0.0,369.1838380040333,-741.5687907998727,1206.5898419683144,0.0,1206.5898419683144
1727.7940424100955,462.5760346055031,9.249459942442705,95.41275000354153,367.16328460196155,0.0,367.16328460196155,-742.6608767389239,1205.236911344427,0.0,1205.236911344427
1728.4300424216774,481.82820749282837,8.669427771525891,94.9882868426746,386.8399206501538,0.0,386.8399206501538,-743.7529626779747,1225.581170170803,0.0,1225.581170170803
1729.0660424332593,482.2930293083191,9.058616573150658,94.56382368180743,387.72920562651166,0.0,387.72920562651166,-744.8450486170254,1227.1380779253445,0.0,1227.1380779253445
1729.7020424448413,483.932904958725,8.90936466339607,94.1393605209405,389.7935444377845,0.0,389.7935444377845,-745.9371345560767,1229.8700395148016,0.0,1229.8700395148016
1730.3380424564232,495.57473397254944,8.59156106145431,93.71489736007334,401.8598366124761,0.0,401.8598366124761,-747.0292204951274,1242.6039544676769,0.0,1242.6039544676769
1730.974042468005,468.76318407058716,8.670137439657568,93.2904341992064,375.47274987138076,0.0,375.47274987138076,-748.1213064341782,1216.8844905047654,0.0,1216.8844905047654
1731.610042479587,508.07018798589706,8.951958183526878,92.86597103833924,415.2042169475578,0.0,415.2042169475578,-749.2133923732295,1257.2835803591265,0.0,1257.2835803591265
1732.246042491169,500.1948149204254,9.03126762392516,92.4415078774723,407.7533070429531,0.0,407.7533070429531,-750.3054783122802,1250.5002932327056,0.0,1250.5002932327056
1732.882042502751,490.64248299598694,8.623245213989158,92.01704471660514,398.6254382793818,0.0,398.6254382793818,-751.397564251331,1242.040047247318,0.0,1242.040047247318
1733.5180425143328,469.36431658267975,8.50339800330364,91.5925815557382,377.77173502694154,0.0,377.77173502694154,-752.4896501903822,1221.853966773062,0.0,1221.853966773062
1734.1540425259147,489.54886043071747,9.175321065254913,91.16811839487104,398.3807420358464,0.0,398.3807420358464,-753.581736129433,1243.1305965601505,0.0,1243.1305965601505
1734.7900425374967,538.2707600593567,9.82178495983437,90.74365523400411,447.5271048253526,0.0,447.5271048253526,-754.6738220684838,1292.9445821278405,0.0,1292.9445821278405
1735.4260425490786,538.9635663032532,9.221882293853534,90.31919207313695,448.6443742301162,0.0,448.6443742301162,-755.765908007535,1294.7294743107882,0.0,1294.7294743107882
1736.0620425606605,529.3494806289673,8.783264023032986,89.89472891227001,439.4547517166973,0.0,439.4547517166973,-756.8579939465858,1286.207474575553,0.0,1286.207474575553
1736.6980425722425,523.2302470207214,8.78791587879903,89.47026575140285,433.7599812693186,0.0,433.7599812693186,-757.950079885637,1281.1803269063585,0.0,1281.1803269063585
1737.3340425838244,496.70493173599243,8.79317371459585,89.04580259053591,407.6591291454565,0.0,407.6591291454565,-759.0421658246878,1255.7470975606802,0.0,1255.7470975606802
1737.9700425954063,566.1405277252197,9.447824141570731,88.62133942966875,477.519188295551,0.0,477.519188295551,-760.1342517637386,1326.2747794889583,0.0,1326.2747794889583
1738.6060426069882,600.1420607566833,8.8334392421802,88.19687626880182,511.94518448788153,0.0,511.94518448788153,-761.2263377027898,1361.3683984594732,0.0,1361.3683984594732
1739.2420426185702,703.4943742752075,9.08621841859132,87.77241310793465,615.7219611672729,0.0,615.7219611672729,-762.3184236418406,1465.812797917048,0.0,1465.812797917048
1739.878042630152,656.3065371513367,9.107143469004269,87.34794994706772,568.958587204269,0.0,568.958587204269,-763.4105095808914,1419.717046732228,0.0,1419.717046732228
1740.514042641734,530.9583916664124,8.685156169252044,86.92348678620056,444.0349048802118,0.0,444.0349048802118,-764.5025955199426,1295.460987186355,0.0,1295.460987186355
1741.150042653316,483.73278045654297,8.608891769252738,86.49902362533362,397.23375683120935,0.0,397.23375683120935,-765.5946814589934,1249.3274619155363,0.0,1249.3274619155363
1741.7860426648979,490.74943828582764,8.811239774131678,86.07456046446646,404.6748778213612,0.0,404.6748778213612,-766.6867673980441,1257.4362056838718,0.0,1257.4362056838718
1742.4220426764798,473.95155668258667,8.513261813205654,85.65009730359952,388.30145937898715,0.0,388.30145937898715,-767.7788533370954,1241.730410019682,0.0,1241.730410019682
1743.0580426880617,508.14507722854614,8.728168500516988,85.22563414273236,422.9194430858138,0.0,422.9194430858138,-768.8709392761461,1277.0160165046923,0.0,1277.0160165046923
1743.6940426996437,472.1762992143631,9.553667271211378,84.80117098186543,387.3751282324977,0.0,387.3751282324977,-769.9630252151969,1242.13932442956,0.0,1242.13932442956
1744.3300427112256,487.02899980545044,8.578857542428159,84.37670782099826,402.6522919844522,0.0,402.6522919844522,-771.0551111542482,1258.0841109596986,0.0,1258.0841109596986
1744.9660427228075,508.86361348629,8.768573706197788,83.95224466013133,424.91136882615865,0.0,424.91136882615865,-772.1471970932989,1281.010810579589,0.0,1281.010810579589
1745.6020427343894,533.47571849823,8.960681148894476,83.52778149926417,449.9479369989658,0.0,449.9479369989658,-773.2392830323497,1306.7150015305797,0.0,1306.7150015305797
1746.2380427459714,527.4475584030151,9.284967959360591,83.10331833839723,444.3442400646179,0.0,444.3442400646179,-774.3313689714009,1301.778927374416,0.0,1301.778927374416
1746.8740427575533,551.0668151378632,9.037497960911931,82.67885517753007,468.3879599603331,0.0,468.3879599603331,-775.4234549104517,1326.4902700483149,0.0,1326.4902700483149
1747.5100427691352,564.5323534011841,9.150607455137175,82.25439201666313,482.27796138452095,0.0,482.27796138452095,-776.5155408495029,1341.047894250687,0.0,1341.047894250687
1748.1460427807172,501.52994179725647,8.82184437919957,81.82992885579597,419.7000129414605,0.0,419.7000129414605,-777.6076267885537,1279.1375685858102,0.0,1279.1375685858102
1748.782042792299,522.8306881189346,9.579084511681943,81.40546569492903,441.4252224240056,0.0,441.4252224240056,-778.6997127276045,1301.5304008465391,0.0,1301.5304008465391
1749.418042803881,520.5977485179901,8.751928598091546,80.98100253406187,439.61674598392824,0.0,439.61674598392824,-779.7917986666557,1300.3895471846458,0.0,1300.3895471846458
1750.054042815463,531.0065171718597,9.089296036540883,80.55653937319494,450.4499777986648,0.0,450.4499777986648,-780.8838846057065,1311.8904017775662,0.0,1311.8904017775662
1750.6900428270449,588.179571390152,10.862505878296298,80.13207621232777,508.0474951778242,0.0,508.0474951778242,-781.9759705447573,1370.1555419349093,0.0,1370.1555419349093
1751.3260428386268,548.2823216915131,9.272509982531963,79.70761305146084,468.5747086400522,0.0,468.5747086400522,-783.0680564838085,1331.3503781753216,0.0,1331.3503781753216
1751.9620428502087,534.69544506073,8.687292252463184,79.28314989059368,455.4122951701363,0.0,455.4122951701363,-784.1601424228593,1318.8555874835893,0.0,1318.8555874835893
1752.5980428617906,504.5140542984009,8.77954154791513,78.85868672972674,425.65536756867414,0.0,425.65536756867414,-785.25222836191,1289.766282660311,0.0,1289.766282660311
1753.2340428733726,532.0450487136841,8.958898445508853,78.43422356885958,453.6108251448245,0.0,453.6108251448245,-786.3443143009613,1318.3893630146454,0.0,1318.3893630146454
1753.8700428849545,506.7721667289734,8.998546012289944,78.00976040799264,428.76240632098074,0.0,428.76240632098074,-787.4364002400121,1294.2085669689855,0.0,1294.2085669689855
1754.5060428965364,543.3234009742737,8.796493600086883,77.58529724712548,465.7381037271482,0.0,465.7381037271482,-788.5284861790628,1331.8518871533365,0.0,1331.8518871533365
1755.1420429081184,488.40287685394287,8.701960420466936,77.16083408625855,411.2420427676843,0.0,411.2420427676843,-789.6205721181141,1278.023448972057,0.0,1278.023448972057
1755.7780429197003,458.4986400604248,8.511766192737728,76.73637092539138,381.7622691350334,0.0,381.7622691350334,-790.7126580571648,1249.2112981175896,0.0,1249.2112981175896
1756.4140429312822,487.6926853656769,8.91867454514064,76.31190776452445,411.38077760115243,0.0,411.38077760115243,-791.8047439962156,1279.4974293618925,0.0,1279.4974293618925
1757.0500429428641,467.8256504535675,9.429583149133615,75.88744460365729,391.9382058499102,0.0,391.9382058499102,-792.8968299352669,1260.7224803888344,0.0,1260.7224803888344
1757.686042954446,507.75231099128723,8.753742877721091,75.46298144279035,432.2893295484969,0.0,432.2893295484969,-793.9889158743176,1301.7412268656049,0.0,1301.7412268656049
1758.322042966028,489.3631992340088,9.39310776793423,75.03851828192319,414.3246809520856,0.0,414.3246809520856,-795.0810018133689,1284.4442010473776,0.0,1284.4442010473776
1758.95804297761,529.0158414840698,8.848990585005422,74.61405512105625,454.40178636301357,0.0,454.40178636301357,-796.1730877524196,1325.1889292364895,0.0,1325.1889292364895
1759.5940429891918,527.9126906394958,9.18288538326123,74.18959196018909,453.72309867930676,0.0,453.72309867930676,-797.2651736914704,1325.1778643309663,0.0,1325.1778643309663
1760.2300430007738,489.3347942829132,10.051352607500432,73.76512879932216,415.56966548359105,0.0,415.56966548359105,-798.3572596305216,1287.6920539134348,0.0,1287.6920539134348
1760.8660430123557,495.1971216201782,9.223313116238721,73.340665638455,421.85645598172323,0.0,421.85645598172323,-799.4493455695724,1294.6464671897506,0.0,1294.6464671897506
1761.5020430239376,465.1611695289612,8.958691414868387,72.91620247758806,392.2449670513731,0.0,392.2449670513731,-800.5414315086232,1265.7026010375844,0.0,1265.7026010375844
1762.1380430355196,495.9897154569626,8.70241020583061,72.4917393167209,423.4979761402417,0.0,423.4979761402417,-801.6335174476744,1297.623232904637,0.0,1297.623232904637
1762.7740430471015,530.8302512168884,8.72110596941617,72.06727615585396,458.76297506103447,0.0,458.76297506103447,-802.7256033867252,1333.5558546036136,0.0,1333.5558546036136
1763.4100430586834,487.43601274490356,8.659594373050767,71.6428129949868,415.79319974991677,0.0,415.79319974991677,-803.817689325776,1291.2537020706795,0.0,1291.2537020706795
1764.0460430702653,487.7495484352112,9.440190757748326,71.21834983411986,416.5311986010913,0.0,416.5311986010913,-804.9097752648272,1292.6593237000384,0.0,1292.6593237000384
1764.6820430818473,536.2078857421875,8.66169555695886,70.79388667325293,465.4139990689346,0.0,465.4139990689346,-806.001861203878,1342.2097469460655,0.0,1342.2097469460655
1765.3180430934292,498.8248460292816,9.3459934783915,70.36942351238577,428.45542251689585,0.0,428.45542251689585,-807.0939471429288,1305.9187931722104,0.0,1305.9187931722104
1765.9540431050111,499.19632267951965,8.821161851907203,69.94496035151883,429.2513623280008,0.0,429.2513623280008,-808.18603308198,1307.3823557614996,0.0,1307.3823557614996
1766.590043116593,512.6774089336395,9.04895187641074,69.52049719065167,443.15691174298786,0.0,443.15691174298786,-809.2781190210308,1321.9555279546703,0.0,1321.9555279546703
1767.226043128175,484.51068687438965,9.212281403429396,69.09603402978473,415.4146528446049,0.0,415.4146528446049,-810.3702049600815,1294.8808918344712,0.0,1294.8808918344712
1767.862043139757,471.8606930337846,11.960094628145931,68.67157086891757,403.18912216486706,0.0,403.18912216486706,-811.4622908991328,1283.3229839329174,0.0,1283.3229839329174
1768.4980431513388,498.45189905166626,8.943631490058404,68.24710770805063,430.2047913436156,0.0,430.2047913436156,-812.5543768381835,1311.0062758898498,0.0,1311.0062758898498
1769.1340431629208,500.15064001083374,11.986048296089601,67.82264454718347,432.32799546365027,0.0,432.32799546365027,-813.6464627772348,1313.7971027880685,0.0,1313.7971027880685
1769.7700431745027,507.519924223423,8.675646889531928,67.39818138631654,440.12174283710647,0.0,440.12174283710647,-814.7385487162855,1322.2584729397086,0.0,1322.2584729397086
1770.4060431860846,493.92934918403625,8.92784212440608,66.97371822544937,426.9556309585869,0.0,426.9556309585869,-815.8306346553363,1309.7599838393726,0.0,1309.7599838393726
1771.0420431976665,483.9362874031067,8.672511985497106,66.54925506458244,417.38703233852425,0.0,417.38703233852425,-816.9227205943876,1300.8590079974942,0.0,1300.8590079974942
1771.6780432092485,510.934609413147,8.937536135884544,66.12479190371528,444.8098175094317,0.0,444.8098175094317,-818.0148065334383,1328.9494159465853,0.0,1328.9494159465853
1772.3140432208304,502.9833747148514,19.211874993497528,65.70032874284834,437.28304597200304,0.0,437.28304597200304,-819.1068924724891,1322.0902671873405,0.0,1322.0902671873405
1772.9500432324123,504.4919650554657,17.597932608359393,65.27586558198118,439.2160994734845,0.0,439.2160994734845,-820.1989784115403,1324.690943467006,0.0,1324.690943467006
1773.5860432439943,484.9463030695915,18.06471803562457,64.85140242111424,420.0949006484773,0.0,420.0949006484773,-821.2910643505911,1306.2373674201826,0.0,1306.2373674201826
1774.2220432555762,468.8796162754297,13.206125449517632,64.42693926024708,404.45267701518264,0.0,404.45267701518264,-822.3831502896419,1291.2627665650716,0.0,1291.2627665650716
1774.858043267158,474.3169459104538,9.03251392214121,64.00247609938015,410.31446981107365,0.0,410.31446981107365,-823.4752362286931,1297.792182139147,0.0,1297.792182139147
1775.49404327874,459.48683136701584,8.927622375000295,63.578012938512984,395.90881842850285,0.0,395.90881842850285,-824.5673221677439,1284.0541535347597,0.0,1284.0541535347597
1776.130043290322,448.8982090950012,8.965812174567638,63.15354977764605,385.7446593173552,0.0,385.7446593173552,-825.6594081067947,1274.557617201796,0.0,1274.557617201796
1776.766043301904,494.34323287010193,8.949141296413003,62.729086616778886,431.61414625332304,0.0,431.61414625332304,-826.7514940458459,1321.0947269159478,0.0,1321.0947269159478
1777.4020433134858,494.20835041999817,9.045394252042772,62.30462345591195,431.9037269640862,0.0,431.9037269640862,-827.8435799848967,1322.0519304048948,0.0,1322.0519304048948
1778.0380433250677,493.61123538017273,8.634932670742158,61.88016029504479,431.73107508512794,0.0,431.73107508512794,-828.9356659239475,1322.5469013041202,0.0,1322.5469013041202
1778.6740433366497,510.78379678726196,9.0154771221683,61.45569713417785,449.3280996530841,0.0,449.3280996530841,-830.0277518629987,1340.8115486502606,0.0,1340.8115486502606
1779.3100433482316,483.8101465702057,8.994893642251329,61.03123397331069,422.778912596895,0.0,422.778912596895,-831.1198378020495,1314.9299843722551,0.0,1314.9299843722551
1779.9460433598135,493.72044372558594,8.666403854255828,60.606770812443756,433.1136729131422,0.0,433.1136729131422,-832.2119237411007,1325.9323674666866,0.0,1325.9323674666866
1780.5820433713955,510.3629832267761,8.796126279691121,60.18230765157659,450.18067557519953,0.0,450.18067557519953,-833.3040096801515,1343.6669929069276,0.0,1343.6669929069276
1781.2180433829774,540.4898891448975,9.214459371487376,59.75784449070966,480.7320446541878,0.0,480.7320446541878,-834.3960956192022,1374.8859847640997,0.0,1374.8859847640997
1781.8540433945593,546.7566719055176,9.069249033369536,59.333381329842496,487.4232905756751,0.0,487.4232905756751,-835.4881815582535,1382.244853463771,0.0,1382.244853463771
1782.4900434061412,497.00075912475586,8.559974690238507,58.90891816897556,438.0918409557803,0.0,438.0918409557803,-836.5802674973042,1333.58102662206,0.0,1333.58102662206
1783.1260434177232,474.83779764175415,8.877052071995385,58.4844550081084,416.35334263364575,0.0,416.35334263364575,-837.672353436355,1312.5101510781092,0.0,1312.5101510781092
1783.762043429305,499.944650888443,8.998997388014303,58.05999184724146,441.88465904120153,0.0,441.88465904120153,-838.7644393754063,1338.7090902638492,0.0,1338.7090902638492
1784.398043440887,496.06041419506073,9.119133839470226,57.6355286863743,438.42488550868643,0.0,438.42488550868643,-839.856525314457,1335.9169395095178,0.0,1335.9169395095178
1785.034043452469,539.1671969890594,9.156315238235743,57.211065525507365,481.9561314635521,0.0,481.9561314635521,-840.9486112535078,1380.1158082425673,0.0,1380.1158082425673
1785.6700434640509,538.6073441505432,8.942584701791104,56.7866023646402,481.820741785903,0.0,481.820741785903,-842.040697192559,1380.6480413431022,0.0,1380.6480413431022
1786.3060434756328,480.31605529785156,8.995628865065363,56.36213920377327,423.9539160940783,0.0,423.9539160940783,-843.1327831316098,1323.4488384294614,0.0,1323.4488384294614
1786.9420434872147,495.8337185382843,9.451515320202738,55.937676042906105,439.8960424953782,0.0,439.8960424953782,-844.2248690706606,1340.058587608945,0.0,1340.058587608945
1787.5780434987967,499.3958876132965,8.695169759583887,55.51321288203917,443.88267473125734,0.0,443.88267473125734,-845.3169550097118,1344.7128426230083,0.0,1344.7128426230083
1788.2140435103786,518.5556721687317,8.970292778083934,55.08874972117201,463.4669224475597,0.0,463.4669224475597,-846.4090409487626,1364.9647131174943,0.0,1364.9647131174943
1788.8500435219605,521.0096859931946,9.103376014291156,54.66428656030507,466.3453994328895,0.0,466.3453994328895,-847.5011268878134,1368.510812881008,0.0,1368.510812881008
1789.4860435335424,546.9347085952759,8.721380322583569,54.23982339943791,492.69488519583797,0.0,492.69488519583797,-848.5932128268646,1395.5279214221405,0.0,1395.5279214221405
1790.1220435451244,564.5918610095978,9.12981219032676,53.815360238570975,510.7765007710268,0.0,510.7765007710268,-849.6852987659154,1414.2771597755132,0.0,1414.2771597755132
1790.7580435567063,551.2488627433777,9.109757935716031,53.39089707770381,497.8579656656739,0.0,497.8579656656739,-850.7773847049666,1402.0262474483443,0.0,1402.0262474483443
1791.3940435682882,521.6976237297058,8.761477386655812,52.96643391683688,468.73118981286893,0.0,468.73118981286893,-851.8694706440174,1373.5670943737232,0.0,1373.5670943737232
1792.0300435798702,521.9557576179504,11.11677789501896,52.541970755969714,469.4137868619807,0.0,469.4137868619807,-852.9615565830682,1374.9173142010186,0.0,1374.9173142010186
1792.666043591452,506.64501440525055,8.9520008148723,52.11750759510278,454.52750681014777,0.0,454.52750681014777,-854.0536425221194,1360.69865692737,0.0,1360.69865692737
1793.302043603034,507.62299394607544,9.107200607736278,51.69304443423562,455.9299495118398,0.0,455.9299495118398,-855.1457284611702,1362.7687224072456,0.0,1362.7687224072456
1793.938043614616,487.7776765823364,8.965134340532419,51.26858127336868,436.50909530896774,0.0,436.50909530896774,-856.2378144002209,1344.0154909825574,0.0,1344.0154909825574
1794.5740436261979,514.489862203598,8.875500267452157,50.84411811250152,463.6457440910965,0.0,463.6457440910965,-857.3299003392722,1371.8197625428702,0.0,1371.8197625428702
1795.2100436377798,507.26516461372375,8.642081531957734,50.419654951634584,456.84550966208917,0.0,456.84550966208917,-858.421986278323,1365.6871508920467,0.0,1365.6871508920467
1795.8460436493617,488.12843346595764,8.858707222208295,49.99519179076742,438.1332416751902,0.0,438.1332416751902,-859.5140722173737,1347.6425056833314,0.0,1347.6425056833314
1796.4820436609436,470.55309319496155,8.611063820483679,49.570728629900486,420.98236456506106,0.0,420.98236456506106,-860.606158156425,1331.1592513513865,0.0,1331.1592513513865
1797.1180436725256,484.59729504585266,8.621302214020806,49.146265469033324,435.45102957681934,0.0,435.45102957681934,-861.6982440954757,1346.2955391413284,0.0,1346.2955391413284
1797.7540436841075,513.9331698417664,9.562967811769207,48.72180230816639,465.21136753359997,0.0,465.21136753359997,-862.7903300345265,1376.7234998762929,0.0,1376.7234998762929
1798.3900436956894,435.7808825969696,17.515928693397687,48.297339147299226,387.4835434496704,0.0,387.4835434496704,-863.8824159735777,1299.6632985705473,0.0,1299.6632985705473
1799.0260437072714,492.7465463876724,10.114762179054026,47.87287598643229,444.87367040124013,0.0,444.87367040124013,-864.9745019126285,1357.721048300301,0.0,1357.721048300301
1799.6620437188533,510.32172775268555,8.811089256316913,47.44841282556513,462.8733149271204,0.0,462.8733149271204,-866.0665878516793,1376.3883156043648,0.0,1376.3883156043648
1800.2980437304352,510.45660519599915,8.835101808255903,47.02394966469819,463.43265553130095,0.0,463.43265553130095,-867.1586737907305,1377.6152789867297,0.0,1377.6152789867297
1800.9340437420171,458.1378116607666,9.578574846073517,46.59948650383126,411.53832515693534,0.0,411.53832515693534,-868.2507597297813,1326.388571390548,0.0,1326.388571390548
1801.570043753599,454.84020924568176,9.12915926507024,46.175023342964096,408.66518590271767,0.0,408.66518590271767,-869.3428456688325,1324.1830549145143,0.0,1324.1830549145143
1802.206043765181,452.7148371934891,9.38684370099521,45.75056018209716,406.9642770113919,0.0,406.9642770113919,-870.4349316078833,1323.1497688013724,0.0,1323.1497688013724
1802.842043776763,475.1436462402344,9.261909188320457,45.32609702123,429.8175492190044,0.0,429.8175492190044,-871.5270175469341,1346.6706637871685,0.0,1346.6706637871685
1803.4780437883448,506.38345098495483,8.837735528894525,44.90163386036306,461.48181712459177,0.0,461.48181712459177,-872.6191034859853,1379.0025544709401,0.0,1379.0025544709401
1804.1140437999268,498.93019676208496,8.8398005607114,44.4771706994959,454.45302606258906,0.0,454.45302606258906,-873.7111894250361,1372.641386187121,0.0,1372.641386187121
1804.7500438115087,479.5893301963806,8.442471216860143,44.052707538628965,435.53662265775165,0.0,435.53662265775165,-874.8032753640869,1354.3926055604675,0.0,1354.3926055604675
1805.3860438230906,480.2090013027191,8.581347405362198,43.6282443777618,436.5807569249573,0.0,436.5807569249573,-875.8953613031381,1356.1043626058572,0.0,1356.1043626058572
1806.0220438346726,438.38700771331787,8.683366732271443,43.20378121689487,395.183226496423,0.0,395.183226496423,-876.9874472421889,1315.3744549555067,0.0,1315.3744549555067
1806.6580438462545,473.52385902404785,8.657574003928575,42.779318056027705,430.74454096802015,0.0,430.74454096802015,-878.0795331812396,1351.6033922052875,0.0,1351.6033922052875
1807.2940438578364,455.1839702129364,8.614305489590953,42.35485489516077,412.82911531777563,0.0,412.82911531777563,-879.1716191202909,1334.3555893332273,0.0,1334.3555893332273
1807.9300438694183,470.0176146030426,8.60380242897567,41.93039173429361,428.087222868749,0.0,428.087222868749,-880.2637050593416,1350.2813196623842,0.0,1350.2813196623842
1808.5660438810003,499.7034344673157,9.19584314200722,41.50592857342667,458.197505893889,0.0,458.197505893889,-881.3557909983924,1381.059225465708,0.0,1381.059225465708
1809.2020438925822,471.3768861293793,9.1013950713216,41.08146541255951,430.29542071681976,0.0,430.29542071681976,-882.4478769374437,1353.824763066823,0.0,1353.824763066823
1809.8380439041641,464.19977021217346,8.65406869009007,40.657002251692575,423.5427679604809,0.0,423.5427679604809,-883.5399628764944,1347.739733088668,0.0,1347.739733088668
1810.474043915746,485.8326244354248,8.90384651580949,40.23253909082541,445.6000853445994,0.0,445.6000853445994,-884.6320488155452,1370.46467325097,0.0,1370.46467325097
1811.110043927328,509.6537036895752,8.675148933099033,39.80807592995848,469.8456277596167,0.0,469.8456277596167,-885.7241347545964,1395.3778384441716,0.0,1395.3778384441716
1811.74604393891,544.4094223976135,9.001377065100122,39.383612769091314,505.0258096285222,0.0,505.0258096285222,-886.8162206936472,1431.2256430912607,0.0,1431.2256430912607
1812.3820439504918,580.2504630088806,8.881514771708352,38.95914960822438,541.2913134006562,0.0,541.2913134006562,-887.9083066326984,1468.158769641579,0.0,1468.158769641579
1813.0180439620738,557.0172951221466,9.250652119418703,38.53468644735722,518.4826086747894,0.0,518.4826086747894,-889.0003925717492,1446.0176876938958,0.0,1446.0176876938958
1813.6540439736557,497.8306038379669,9.159025970973966,38.11022328649028,459.72038055147664,0.0,459.72038055147664,-890.0924785108,1387.923082348767,0.0,1387.923082348767
1814.2900439852376,480.21332573890686,9.173659963152966,37.68576012562312,442.52756561328374,0.0,442.52756561328374,-891.1845644498512,1371.397890188758,0.0,1371.397890188758
1814.9260439968195,491.04454040527344,9.491207031405102,37.261296964756184,453.78324344051725,0.0,453.78324344051725,-892.276650388902,1383.3211907941754,0.0,1383.3211907941754
1815.5620440084015,522.3766601085663,10.29956427712591,36.83683380388902,485.53982630467726,0.0,485.53982630467726,-893.3687363279528,1415.745396436519,0.0,1415.745396436519
1816.1980440199834,510.3587644100189,9.64456855262922,36.412370643022086,473.94639376699683,0.0,473.94639376699683,-894.460822267004,1404.819586677023,0.0,1404.819586677023
1816.8340440315653,458.08942514657974,10.060735610884928,35.987907482154924,422.1015176644248,0.0,422.1015176644248,-895.5529082060548,1353.6423333526345,0.0,1353.6423333526345
1817.470044043147,484.27265536785126,9.052864964410483,35.56344432128799,448.70921104656327,0.0,448.70921104656327,-896.6449941451056,1380.9176495129568,0.0,1380.9176495129568
1818.106044054729,498.79217171669006,9.267885118176054,35.138981160421054,463.653190556269,0.0,463.653190556269,-897.7370800841563,1396.5292518008464,0.0,1396.5292518008464
1818.7420440663109,511.127436876297,10.088113681034455,34.71451799955389,476.4129188767431,0.0,476.4129188767431,-898.8291660232071,1409.956602899504,0.0,1409.956602899504
1819.3780440778928,480.24114644527435,9.391862194035054,34.290054838686956,445.9510916065874,0.0,445.9510916065874,-899.9212519622583,1380.1623984075327,0.0,1380.1623984075327
1820.0140440894747,656.9551320075989,9.791959327289966,33.86559167781979,623.0895403297791,0.0,623.0895403297791,-901.0133379013091,1557.968469908908,0.0,1557.968469908908
1820.6500441010567,803.9804148674011,9.414437014806458,33.44112851695286,770.5392863504483,0.0,770.5392863504483,-902.1054238403599,1706.085838707761,0.0,1706.085838707761
1821.2860441126386,739.9542450904846,9.265891754064622,33.016665356085696,706.9375797343989,0.0,706.9375797343989,-903.1975097794111,1643.1517548698957,0.0,1643.1517548698957
1821.9220441242205,573.0462465286255,8.773320792370074,32.59220219521876,540.4540443334067,0.0,540.4540443334067,-904.2895957184619,1477.3358422470874,0.0,1477.3358422470874
1822.5580441358024,478.75930367410183,8.882923454140926,32.1677390343516,446.59156463975023,0.0,446.59156463975023,-905.3816816575127,1384.1409853316145,0.0,1384.1409853316145
1823.1940441473844,495.4655830860138,8.943273468564373,31.743275873484663,463.72230721252913,0.0,463.72230721252913,-906.4737675965639,1401.9393506825777,0.0,1401.9393506825777
1823.8300441589663,458.89707148075104,9.09954548140175,31.3188127126175,427.57825876813354,0.0,427.57825876813354,-907.5658535356147,1366.4629250163657,0.0,1366.4629250163657
1824.4660441705482,468.8561053276062,10.125951763210779,30.894349551750565,437.96175577585564,0.0,437.96175577585564,-908.6579394746655,1377.5140448022717,0.0,1377.5140448022717
1825.1020441821302,489.65194058418274,8.969047261022665,30.46988639088363,459.1820541932991,0.0,459.1820541932991,-909.7500254137167,1399.4019659978994,0.0,1399.4019659978994
1825.738044193712,486.2329137325287,8.781522988820303,30.045423230016468,456.1874905025122,0.0,456.1874905025122,-910.8421113527675,1397.0750250852961,0.0,1397.0750250852961
1826.374044205294,508.611958026886,8.81416538440223,29.620960069149533,478.99099795773645,0.0,478.99099795773645,-911.9341972918182,1420.5461553187042,0.0,1420.5461553187042
1827.010044216876,523.6123054027557,8.68425832754688,29.19649690828237,494.41580849447337,0.0,494.41580849447337,-913.0262832308695,1436.6385886336252,0.0,1436.6385886336252
1827.6460442284579,480.8336374759674,9.278215354676286,28.772033747415435,452.061603728552,0.0,452.061603728552,-914.1183691699202,1394.9520066458876,0.0,1394.9520066458876
1828.2820442400398,506.05411970615387,9.909500260392544,28.347570586548272,477.7065491196056,0.0,477.7065491196056,-915.2104551089715,1421.2645748151253,0.0,1421.2645748151253
1828.9180442516217,476.167605638504,9.159433080577097,27.923107425681337,448.2444982128227,0.0,448.2444982128227,-916.3025410480222,1392.4701466865263,0.0,1392.4701466865263
1829.5540442632037,522.67800116539,9.134613455645868,27.498644264814175,495.17935690057584,0.0,495.17935690057584,-917.394626987073,1440.072628152463,0.0,1440.072628152463
1830.1900442747856,535.658050775528,8.805161154981185,27.07418110394724,508.5838696715807,0.0,508.5838696715807,-918.4867129261243,1454.1447637016522,0.0,1454.1447637016522
1830.8260442863675,496.6299650669098,8.942411361210413,26.649717943080077,469.9802471238297,0.0,469.9802471238297,-919.578798865175,1416.2087639320848,0.0,1416.2087639320848
1831.4620442979494,475.64579916000366,10.35088159039026,26.225254782213142,449.4205443777905,0.0,449.4205443777905,-920.6708848042258,1396.3166839642295,0.0,1396.3166839642295
1832.0980443095314,468.6355884075165,9.236402906998652,25.80079162134598,442.8347967861705,0.0,442.8347967861705,-921.762970743277,1390.3985591507935,0.0,1390.3985591507935
1832.7340443211133,502.9305651187897,9.107156262443928,25.376328460479044,477.55423665831063,0.0,477.55423665831063,-922.8550566823278,1425.7856218011175,0.0,1425.7856218011175
1833.3700443326952,443.99556463956833,9.705637856034397,24.95186529961188,419.04369933995645,0.0,419.04369933995645,-923.9471426213786,1367.942707260947,0.0,1367.942707260947
1834.0060443442771,383.95554768294096,11.396309948754057,24.527402138744947,359.428145544196,0.0,359.428145544196,-925.0392285604298,1308.9947762433708,0.0,1308.9947762433708
1834.642044355859,461.63996934890747,10.651478545762371,24.102938977877784,437.5370303710297,0.0,437.5370303710297,-926.1313144994806,1387.771283848388,0.0,1387.771283848388
1835.278044367441,477.98904597759247,11.746928320464226,23.67847581701085,454.3105701605816,0.0,454.3105701605816,-927.2234004385314,1405.2124464161238,0.0,1405.2124464161238
1835.914044379023,493.46982526779175,9.33886620270731,23.254012656143686,470.21581261164806,0.0,470.21581261164806,-928.3154863775826,1421.7853116453743,0.0,1421.7853116453743
1836.5500443906049,521.1049401760101,9.304487827760715,22.82954949527675,498.2753906807334,0.0,498.2753906807334,-929.4075723166334,1450.5125124926435,0.0,1450.5125124926435
1837.1860444021868,542.8428885936737,9.106036507513773,22.40508633440959,520.4378022592641,0.0,520.4378022592641,-930.4996582556842,1473.3425468493579,0.0,1473.3425468493579
1837.8220444137687,538.0821735858917,9.024967367320752,21.980623173542654,516.1015504123491,0.0,516.1015504123491,-931.5917441947354,1469.673917780627,0.0,1469.673917780627
1838.4580444253506,629.6552987098694,9.248095594231838,21.55616001267549,608.0991386971939,0.0,608.0991386971939,-932.6838301337862,1562.3391288436555,0.0,1562.3391288436555
1839.0940444369326,599.6443600654602,9.672718779822755,21.131696851808556,578.5126632136516,0.0,578.5126632136516,-933.7759160728374,1533.4202761382976,0.0,1533.4202761382976
1839.7300444485145,472.961314201355,10.017114165425037,20.707233690941393,452.2540805104136,0.0,452.2540805104136,-934.8680020118882,1407.8293162132431,0.0,1407.8293162132431
1840.3660444600964,460.6790301799774,9.073057242874428,20.28277053007446,440.39625964990296,0.0,440.39625964990296,-935.9600879509389,1396.6391181309164,0.0,1396.6391181309164
1841.0020444716783,472.42080295085907,9.50174240292204,19.858307369207296,452.5624955816518,0.0,452.5624955816518,-937.0521738899902,1409.4729768408492,0.0,1409.4729768408492
1841.6380444832603,496.69156098365784,9.27178781332099,19.43384420834036,477.2577167753175,0.0,477.2577167753175,-938.144259829041,1434.8358208126988,0.0,1434.8358208126988
1842.2740444948422,467.5680470466614,8.914225854969745,19.009381047473198,448.5586659991882,0.0,448.5586659991882,-939.2363457680917,1406.804392814753,0.0,1406.804392814753
1842.9100445064241,487.1482162475586,9.118364115358524,18.584917886606263,468.56329836095233,0.0,468.56329836095233,-940.328431707143,1427.4766479547015,0.0,1427.4766479547015
1843.546044518006,477.4561738371849,10.816667922861507,18.1604547257391,459.2957191114458,0.0,459.2957191114458,-941.4205176461937,1418.8766914833786,0.0,1418.8766914833786
1844.182044529588,482.89760160446167,9.47166659453818,17.735991564872165,465.1616100395895,0.0,465.1616100395895,-942.5126035852445,1425.4102051897062,0.0,1425.4102051897062
1844.81804454117,443.48384642601013,9.709385012933923,17.311528404005003,426.17231802200513,0.0,426.17231802200513,-943.6046895242957,1387.0885359503059,0.0,1387.0885359503059
1845.4540445527518,479.29586958885193,9.467600512439967,16.887065243138068,462.40880434571386,0.0,462.40880434571386,-944.6967754633465,1423.9926450521984,0.0,1423.9926450521984
1846.0900445643338,503.379217505455,9.689835427922766,16.462602082270905,486.9166154231841,0.0,486.9166154231841,-945.7888614023973,1449.1680789078523,0.0,1449.1680789078523
1846.7260445759157,445.63557839393616,9.93673591932217,16.03813892140397,429.5974394725322,0.0,429.5974394725322,-946.8809473414485,1392.5165257353847,0.0,1392.5165257353847
1847.3620445874976,470.873831987381,9.717188944674456,15.613675760536808,455.2601562268442,0.0,455.2601562268442,-947.9730332804993,1418.8468652678803,0.0,1418.8468652678803
1847.9980445990795,520.789642572403,9.461913144075883,15.189212599669872,505.6004299727331,0.0,505.6004299727331,-949.0651192195501,1469.854761791953,0.0,1469.854761791953
1848.6340446106615,482.7621829509735,9.22563146614649,14.76474943880271,467.9974335121708,0.0,467.9974335121708,-950.1572051586013,1432.9193881095748,0.0,1432.9193881095748
1849.2700446222434,473.34146332740784,9.186299351212464,14.340286277935775,459.00117704947206,0.0,459.00117704947206,-951.2492910976521,1424.59075442506,0.0,1424.59075442506
1849.9060446338253,485.7467896938324,9.281264885562342,13.915823117068612,471.8309665767638,0.0,471.8309665767638,-952.3413770367033,1438.0881667305357,0.0,1438.0881667305357
1850.5420446454073,465.9582312107086,9.36134034705793,13.491359956201677,452.46687125450694,0.0,452.46687125450694,-953.4334629757541,1419.3916941864627,0.0,1419.3916941864627
1851.1780446569892,460.18773651123047,9.334651686433771,13.066896795334515,447.12083971589595,0.0,447.12083971589595,-954.5255489148049,1414.7132854260353,0.0,1414.7132854260353
1851.8140446685711,478.51244258880615,9.394880386586674,12.64243363446758,465.8700089543386,0.0,465.8700089543386,-955.6176348538561,1434.1300774426622,0.0,1434.1300774426622
1852.450044680153,443.5966091156006,9.464826470393335,12.217970473600417,431.37863864200017,0.0,431.37863864200017,-956.7097207929069,1400.3063299085075,0.0,1400.3063299085075
1853.086044691735,464.05661503970623,9.93318118849187,11.793507312733482,452.26310772697275,0.0,452.26310772697275,-957.8018067319576,1421.8584217716639,0.0,1421.8584217716639
1853.722044703317,484.95231080055237,9.453404376697957,11.36904415186632,473.58326664868605,0.0,473.58326664868605,-958.8938926710089,1443.8462034715612,0.0,1443.8462034715612
1854.3580447148988,436.17592906951904,9.626072031041575,10.944580990999384,425.23134807851966,0.0,425.23134807851966,-959.9859786100596,1396.1619076795787,0.0,1396.1619076795787
1854.9940447264808,463.12283074855804,9.397609701822443,10.520117830132222,452.6027129184258,0.0,452.6027129184258,-961.0780645491104,1424.2008952976685,0.0,1424.2008952976685
1855.6300447380627,473.7808281183243,9.701817787706709,10.095654669265286,463.685173449059,0.0,463.685173449059,-962.1701504881617,1435.950978606486,0.0,1435.950978606486
1856.2660447496446,470.03783082962036,9.59840242690858,9.671191508398124,460.36663932122224,0.0,460.36663932122224,-963.2622364272124,1433.3000672568328,0.0,1433.3000672568328
1856.9020447612265,470.42840814590454,9.923039602279825,9.246728347531189,461.18167979837335,0.0,461.18167979837335,-964.3543223662632,1434.7827305121677,0.0,1434.7827305121677
1857.5380447728085,502.8065679073334,10.250376583616932,8.822265186664026,493.98430272066935,0.0,493.98430272066935,-965.4464083053144,1468.2529762126478,0.0,1468.2529762126478
1858.1740447843904,504.0065634250641,9.733838821513967,8.397802025797091,495.608761399267,0.0,495.608761399267,-966.5384942443652,1470.5450576694293,0.0,1470.5450576694293
1858.8100447959723,482.16774237155914,9.790210520896258,7.973338864929929,474.1944035066292,0.0,474.1944035066292,-967.630580183416,1449.7983225549751,0.0,1449.7983225549751
1859.4460448075542,478.6530456542969,9.471231235845336,7.5488757040629935,471.1041699502339,0.0,471.1041699502339,-968.7226661224672,1447.375711776764,0.0,1447.375711776764
1860.0820448191362,471.451642036438,9.427149773663908,7.124412543195831,464.32722949324216,0.0,464.32722949324216,-969.814752061518,1441.266394097956,0.0,1441.266394097956
1860.718044830718,439.7028396129608,9.502085468348536,6.699949382328896,433.0028902306319,0.0,433.0028902306319,-970.9068380005692,1410.60967761353,0.0,1410.60967761353
1861.3540448423,446.02935715019703,10.062689746124335,6.275486221461961,439.75387092873507,0.0,439.75387092873507,-971.99892393962,1418.028281089817,0.0,1418.028281089817
1861.990044853882,458.3274086713791,9.583381247114977,5.851023060594798,452.4763856107843,0.0,452.4763856107843,-973.0910098786708,1431.4184185500499,0.0,1431.4184185500499
1862.6260448654639,449.3318450450897,9.662395044555566,5.426559899727863,443.90528514536186,0.0,443.90528514536186,-974.183095817722,1423.5149408628117,0.0,1423.5149408628117
1863.2620448770458,450.97452306747437,9.810068545320563,5.0020967388607005,445.97242632861366,0.0,445.97242632861366,-975.2751817567728,1426.2497048242471,0.0,1426.2497048242471
1863.8980448886277,457.27225255966187,9.959622796905988,4.577633577993765,452.6946189816681,0.0,452.6946189816681,-976.3672676958236,1433.6395202554854,0.0,1433.6395202554854
1864.5340449002097,464.8479571342468,10.161710880656166,4.153170417126603,460.6947867171202,0.0,460.6947867171202,-977.4593536348748,1442.3073107691216,0.0,1442.3073107691216
1865.1700449117916,496.34519052505493,10.115128258457707,3.7287072562596677,492.61648326879526,0.0,492.61648326879526,-978.5514395739256,1474.8966300989805,0.0,1474.8966300989805
1865.8060449233735,522.746535897255,10.24228105763508,3.304244095392505,519.4422918018624,0.0,519.4422918018624,-979.6435255129763,1502.3900614102313,0.0,1502.3900614102313
1866.4420449349554,513.0801022052765,9.68305010809333,2.87978093452557,510.2003212707509,0.0,510.2003212707509,-980.7356114520276,1493.815713657304,0.0,1493.815713657304
1867.0780449465374,490.83846378326416,9.8508935972956,2.4553177736584075,488.38314600960575,0.0,488.38314600960575,-981.8276973910783,1472.6661611743425,0.0,1472.6661611743425
1867.7140449581193,491.25948560237885,10.09738752922039,2.0308546127914724,489.2286309895874,0.0,489.2286309895874,-982.9197833301291,1474.179268932508,0.0,1474.179268932508
1868.3500449697012,489.810644030571,9.90607249522876,1.6063914519243099,488.2042525786467,0.0,488.2042525786467,-984.0118692691804,1473.8225132997513,0.0,1473.8225132997513
1868.9860449812832,464.1224819421768,9.98456536686787,1.1819282910573747,462.94055365111944,0.0,462.94055365111944,-985.1039552082311,1449.226437150408,0.0,1449.226437150408
1869.622044992865,516.5602474212646,9.866889507291075,0.7574651301902122,515.8027822910744,0.0,515.8027822910744,-986.1960411472819,1502.7562885685466,0.0,1502.7562885685466
1870.258045004447,505.4727623462677,10.037942476713377,0.3330019693232771,505.1397603769444,0.0,505.1397603769444,-987.2881270863331,1492.7608894326008,0.0,1492.7608894326008
1870.894045016029,572.4018607139587,10.062154104553548,-0.09146119154388543,572.4933219055026,0.0,572.4933219055026,-988.3802130253839,1560.7820737393426,0.0,1560.7820737393426
1871.5300450276109,627.1982095241547,10.249321736893604,-0.5159243524108206,627.7141338765655,0.0,627.7141338765655,-989.4722989644351,1616.6705084885898,0.0,1616.6705084885898
1872.1660450391928,667.5259909629822,9.941628180621858,-0.9403875132779831,668.4663784762602,0.0,668.4663784762602,-990.5643849034859,1658.090375866468,0.0,1658.090375866468
1872.8020450507747,617.3980996608734,10.857316325463977,-1.3648506741449182,618.7629503350183,0.0,618.7629503350183,-991.6564708425367,1609.05457050341,0.0,1609.05457050341
1873.4380450623567,559.0989670753479,11.030241324994394,-1.7893138350120807,560.88828091036,0.0,560.88828091036,-992.7485567815879,1551.8475238569358,0.0,1551.8475238569358
1874.0740450739386,529.1142795085907,10.62026108001155,-2.213776995879016,531.3280565044697,0.0,531.3280565044697,-993.8406427206387,1522.9549222292294,0.0,1522.9549222292294
1874.7100450855205,498.32291531562805,10.986117177582654,-2.6382401567461784,500.96115547237423,0.0,500.96115547237423,-994.9327286596895,1493.2556439753175,0.0,1493.2556439753175
1875.3460450971024,510.1433916091919,10.252529060204012,-3.0627033176131135,513.206094926805,0.0,513.206094926805,-996.0248145987407,1506.1682062079326,0.0,1506.1682062079326
1875.9820451086844,512.1894164085388,9.935430795787296,-3.487166478480276,515.6765828870191,0.0,515.6765828870191,-997.1169005377915,1509.3063169463303,0.0,1509.3063169463303
1876.6180451202663,563.3347208499908,10.60447739435456,-3.911629639347211,567.246350489338,0.0,567.246350489338,-998.2089864768423,1561.543707326833,0.0,1561.543707326833
1877.2540451318482,1080.3917860984802,11.094109539119396,-4.336092800214374,1084.7278788986946,0.0,1084.7278788986946,-999.3010724158935,2079.6928585143737,0.0,2079.6928585143737
1877.8900451434301,5230.178731918335,22.028778722986,-4.760555961081309,5234.939287879416,0.0,5234.939287879416,-1000.3931583549443,6230.571890273279,0.0,6230.571890273279
1878.526045155012,11372.90446472168,43.67343919895578,-5.185019121948471,11378.089483843629,0.0,11378.089483843629,-1001.485244293995,12374.389709015675,0.0,12374.389709015675
1879.162045166594,7424.692628860474,24.35597336117309,-5.6094822828154065,7430.302111143289,0.0,7430.302111143289,-1002.5773302330463,8427.269959093519,0.0,8427.269959093519
1879.798045178176,1722.3169832229614,11.95231495791285,-6.033945443682569,1728.350928666644,0.0,1728.350928666644,-1003.669416172097,2725.9863993950585,0.0,2725.9863993950585
1880.4340451897579,607.6500570774078,10.113020742220872,-6.458408604549504,614.1084656819573,0.0,614.1084656819573,-1004.7615021111478,1612.4115591885557,0.0,1612.4115591885557
1881.0700452013398,513.2258183956146,10.607759447412905,-6.882871765416667,520.1086901610313,0.0,520.1086901610313,-1005.853588050199,1519.0794064458137,0.0,1519.0794064458137
1881.7060452129217,476.4023368358612,9.746290492830163,-7.307334926283602,483.7096717621448,0.0,483.7096717621448,-1006.9456739892498,1483.348010825111,0.0,1483.348010825111
1882.3420452245036,479.6453193426132,10.55660123337345,-7.731798087150764,487.377117429764,0.0,487.377117429764,-1008.037759928301,1487.6830792709143,0.0,1487.6830792709143
1882.9780452360856,517.7265520095825,10.01725307796872,-8.1562612480177,525.8828132576002,0.0,525.8828132576002,-1009.1298458673518,1526.8563978769344,0.0,1526.8563978769344
1883.6140452476675,535.7679090499878,9.879135351810227,-8.580724408884862,544.3486334588727,0.0,544.3486334588727,-1010.2219318064026,1545.9898408563904,0.0,1545.9898408563904
1884.2500452592494,523.3319923877716,9.946327256648768,-9.005187569751797,532.3371799575234,0.0,532.3371799575234,-1011.3140177454538,1534.6460101332254,0.0,1534.6460101332254
1884.8860452708313,512.1771874427795,10.030680279417512,-9.42965073061896,521.6068381733985,0.0,521.6068381733985,-1012.4061036845046,1524.5832911272842,0.0,1524.5832911272842
1885.5220452824133,506.11685967445374,9.966311840198816,-9.854113891485895,515.9709735659396,0.0,515.9709735659396,-1013.4981896235554,1519.6150492980091,0.0,1519.6150492980091
1886.1580452939952,505.38450288772583,9.844189906526077,-10.278577052353057,515.6630799400789,0.0,515.6630799400789,-1014.5902755626066,1519.9747784503325,0.0,1519.9747784503325
1886.7940453055771,542.2059009075165,9.90391270421355,-10.703040213219992,552.9089411207365,0.0,552.9089411207365,-1015.6823615016574,1557.8882624091739,0.0,1557.8882624091739
1887.430045317159,519.2842602729797,11.600726017761966,-11.127503374087155,530.4117636470669,0.0,530.4117636470669,-1016.7744474407082,1536.058707713688,0.0,1536.058707713688
1888.066045328741,467.3394364118576,9.892082866952379,-11.55196653495409,478.8914029468117,0.0,478.8914029468117,-1017.8665333797594,1485.205969791617,0.0,1485.205969791617
1888.702045340323,466.431261241436,9.955946136409667,-11.976429695821253,478.40769093725726,0.0,478.40769093725726,-1018.9586193188102,1485.3898805602462,0.0,1485.3898805602462
1889.3380453519048,489.6920174360275,10.596037103478508,-12.400892856688188,502.0929102927157,0.0,502.0929102927157,-1020.050705257861,1509.7427226938885,0.0,1509.7427226938885
1889.9740453634868,463.2945742532611,22.019066380652994,-12.82535601755535,476.11993027081644,0.0,476.11993027081644,-1021.1427911969122,1484.4373654501733,0.0,1484.4373654501733
