pa_beta_velocity_kms,ci_velocity_kms,chi2
250.0,250.0,230927.6323073459
250.0,255.0,226385.18120123478
250.0,260.0,221606.72865619656
250.0,265.0,216594.3473401928
250.0,270.0,211351.4841018521
250.0,275.0,205883.02324830805
250.0,280.0,200195.33705152554
250.0,285.0,194296.32200168964
250.0,290.0,188195.41975370407
250.0,295.0,181903.622210021
250.0,300.0,175433.46070546214
250.0,305.0,168798.97978029185
250.0,310.0,162015.69650882753
250.0,315.0,155100.54674836464
250.0,320.0,148071.81996721865
250.0,325.0,140949.08446609008
250.0,330.0,133753.1048236054
250.0,335.0,126505.7532515157
250.0,340.0,119229.91627992812
250.0,345.0,111949.39779625119
250.0,350.0,104688.81900000783
250.0,355.0,97473.51531953184
250.0,360.0,90329.42984371544
250.0,365.0,83283.0023711204
250.0,370.0,76361.05283314512
250.0,375.0,69590.65764287251
250.0,380.0,62999.017476281704
250.0,385.0,56613.31513698341
250.0,390.0,50460.56248819047
250.0,395.0,44567.43593679432
250.0,400.0,38960.10061511049
250.0,405.0,33664.02416779631
250.0,410.0,28703.78188057326
250.0,415.0,24102.855711241406
250.0,420.0,19883.430551286165
250.0,425.0,16066.191690464593
250.0,430.0,12670.127920254892
250.0,435.0,9712.344958574331
250.0,440.0,7207.8938697764215
250.0,445.0,5169.618883505677
250.0,450.0,3608.028496935757
250.0,455.0,2531.1929972296734
250.0,460.0,1944.6706247274162
250.0,465.0,1851.4635642114747
250.0,470.0,2053.755694189718
250.0,475.0,2222.9052998974935
250.0,480.0,2347.4688287335666
250.0,485.0,2422.6831423584963
250.0,490.0,2445.9495615828696
250.0,495.0,2416.8722405476587
250.0,500.0,2337.2876479047936
250.0,505.0,2211.278701775305
250.0,510.0,2045.165007956091
250.0,515.0,1850.7815925512475
250.0,520.0,1943.605588188289
250.0,525.0,2222.3795182972563
250.0,530.0,2469.524256040894
250.0,535.0,2675.284956922744
250.0,540.0,2831.9743603561506
250.0,545.0,2934.0252405457804
250.0,550.0,2978.0378511840613
250.0,555.0,2962.8233322491824
250.0,560.0,2889.440550075897
250.0,565.0,2761.2206780280003
250.0,570.0,2583.7714000102173
250.0,575.0,2364.9512726678327
250.0,580.0,2114.80475052223
250.0,585.0,1856.5089356877065
250.0,590.0,1930.0074111325232
250.0,595.0,2173.5755721584205
250.0,600.0,2381.4904216311893
250.0,605.0,2545.4711600643177
250.0,610.0,2659.334721248527
250.0,615.0,2719.043705279873
250.0,620.0,2722.7499072180804
250.0,625.0,2670.8320493000633
250.0,630.0,2565.923007597166
250.0,635.0,2412.9191273402184
250.0,640.0,2218.962512447687
250.0,645.0,1993.3867290459507
250.0,650.0,1828.7076684770434
250.0,655.0,1956.879850892545
250.0,660.0,2058.7315143010082
250.0,665.0,2114.628739502158
250.0,670.0,2122.679352963287
250.0,675.0,2083.189500928439
250.0,680.0,1998.6862752260613
250.0,685.0,1873.922153988993
250.0,690.0,1866.5692817899917
250.0,695.0,1924.8699830799455
250.0,700.0,1938.183514161003
250.0,705.0,1906.600470828282
250.0,710.0,1832.8559745878306
250.0,715.0,2007.2340763528205
250.0,720.0,2674.527723821712
250.0,725.0,3831.24557530133
250.0,730.0,5459.486422967536
250.0,735.0,7494.228008783587
250.0,740.0,9924.404434044203
250.0,745.0,12745.445732618231
250.0,750.0,15950.783703008867
250.0,755.0,19531.882601281748
250.0,760.0,23478.282845873306
250.0,765.0,27777.656898339705
250.0,770.0,32415.87682364799
250.0,775.0,37377.09339412896
250.0,780.0,42643.82692729999
250.0,785.0,48197.07030150607
250.0,790.0,54016.40473068032
250.0,795.0,60080.12887070901
250.0,800.0,66365.40166518788
250.0,805.0,72848.3990075687
250.0,810.0,79504.48382823657
250.0,815.0,86308.38862104868
250.0,820.0,93234.40877031787
250.0,825.0,100256.60435521392
250.0,830.0,107349.00747015972
250.0,835.0,114485.83154691375
250.0,840.0,121641.67876333946
250.0,845.0,128791.74139564885
250.0,850.0,135911.992958982
250.0,855.0,142979.36517711185
250.0,860.0,149971.9072319268
250.0,865.0,156868.92432402587
250.0,870.0,163651.09331282787
250.0,875.0,170300.5540193918
250.0,880.0,176800.9756484243
250.0,885.0,183137.5986331894
250.0,890.0,189297.25300038376
250.0,895.0,195268.35504055634
250.0,900.0,201040.8846225261
255.0,250.0,230927.6323073459
255.0,255.0,226385.1812012348
255.0,260.0,221606.7286561966
255.0,265.0,216594.3473401928
255.0,270.0,211351.48410185205
255.0,275.0,205883.0232483081
255.0,280.0,200195.33705152554
255.0,285.0,194296.32200168964
255.0,290.0,188195.41975370413
255.0,295.0,181903.622210021
255.0,300.0,175433.46070546214
255.0,305.0,168798.97978029185
255.0,310.0,162015.6965088276
255.0,315.0,155100.5467483647
255.0,320.0,148071.81996721862
255.0,325.0,140949.08446609013
255.0,330.0,133753.1048236054
255.0,335.0,126505.7532515157
255.0,340.0,119229.91627992812
255.0,345.0,111949.39779625126
255.0,350.0,104688.81900000783
255.0,355.0,97473.51531953186
255.0,360.0,90329.42984371544
255.0,365.0,83283.00237112043
255.0,370.0,76361.05283314512
255.0,375.0,69590.65764287245
255.0,380.0,62999.01747628171
255.0,385.0,56613.31513698344
255.0,390.0,50460.562488190444
255.0,395.0,44567.435936794274
255.0,400.0,38960.10061511051
255.0,405.0,33664.02416779632
255.0,410.0,28703.78188057326
255.0,415.0,24102.8557112414
255.0,420.0,19883.430551286165
255.0,425.0,16066.191690464593
255.0,430.0,12670.127920254892
255.0,435.0,9712.344958574331
255.0,440.0,7207.8938697764215
255.0,445.0,5169.618883505677
255.0,450.0,3608.0284969357635
255.0,455.0,2531.1929972296834
255.0,460.0,1944.6706247274099
255.0,465.0,1851.463564211477
255.0,470.0,2053.755694189717
255.0,475.0,2222.905299897491
255.0,480.0,2347.468828733575
255.0,485.0,2422.683142358498
255.0,490.0,2445.9495615828687
255.0,495.0,2416.872240547664
255.0,500.0,2337.2876479047927
255.0,505.0,2211.278701775304
255.0,510.0,2045.165007956089
255.0,515.0,1850.7815925512473
255.0,520.0,1943.6055881882894
255.0,525.0,2222.379518297258
255.0,530.0,2469.524256040895
255.0,535.0,2675.2849569227496
255.0,540.0,2831.974360356146
255.0,545.0,2934.025240545787
255.0,550.0,2978.0378511840636
255.0,555.0,2962.823332249185
255.0,560.0,2889.4405500758908
255.0,565.0,2761.2206780280076
255.0,570.0,2583.771400010221
255.0,575.0,2364.951272667835
255.0,580.0,2114.804750522228
255.0,585.0,1856.5089356877083
255.0,590.0,1930.0074111325246
255.0,595.0,2173.575572158423
255.0,600.0,2381.49042163119
255.0,605.0,2545.471160064319
255.0,610.0,2659.33472124852
255.0,615.0,2719.0437052798775
255.0,620.0,2722.7499072180804
255.0,625.0,2670.832049300057
255.0,630.0,2565.923007597166
255.0,635.0,2412.919127340223
255.0,640.0,2218.96251244769
255.0,645.0,1993.3867290459507
255.0,650.0,1828.7076684770434
255.0,655.0,1956.8798508925431
255.0,660.0,2058.7315143010032
255.0,665.0,2114.628739502158
255.0,670.0,2122.6793529632882
255.0,675.0,2083.1895009284335
255.0,680.0,1998.6862752260613
255.0,685.0,1873.922153988992
255.0,690.0,1866.5692817899924
255.0,695.0,1924.8699830799478
255.0,700.0,1938.1835141609959
255.0,705.0,1906.6004708282808
255.0,710.0,1832.8559745878306
255.0,715.0,2007.2340763528164
255.0,720.0,2674.527723821712
255.0,725.0,3831.2455753013232
255.0,730.0,5456.488866791246
255.0,735.0,7481.8743001026605
255.0,740.0,9897.698982637881
255.0,745.0,12699.680541834565
255.0,750.0,15881.577476649367
255.0,755.0,19435.215105939016
255.0,760.0,23350.524093928063
255.0,765.0,27615.590833284085
255.0,770.0,32216.71930432678
255.0,775.0,37138.50438485826
255.0,780.0,42363.91690465062
255.0,785.0,47874.40098468565
255.0,790.0,53649.984330523934
255.0,795.0,59669.40213237595
255.0,800.0,65910.23505200606
255.0,805.0,72349.06143833259
255.0,810.0,78961.62343757329
255.0,815.0,85723.00606190927
255.0,820.0,92607.8276183613
255.0,825.0,99590.43920578621
255.0,830.0,106645.13033838183
255.0,835.0,113746.33718882258
255.0,840.0,120868.8495299781
255.0,845.0,127988.01221190559
255.0,850.0,135079.91698480662
255.0,855.0,142121.58066125392
255.0,860.0,149091.10600901296
255.0,865.0,155967.82233684137
255.0,870.0,162732.4034658004
255.0,875.0,169366.96158966568
255.0,880.0,175855.11640078126
255.0,885.0,182182.0397076354
255.0,890.0,188334.4765693457
255.0,895.0,194300.7446687261
255.0,900.0,200070.7142082616
260.0,250.0,230927.6323073459
260.0,255.0,226385.18120123484
260.0,260.0,221606.72865619662
260.0,265.0,216594.3473401928
260.0,270.0,211351.4841018521
260.0,275.0,205883.02324830802
260.0,280.0,200195.33705152565
260.0,285.0,194296.3220016897
260.0,290.0,188195.41975370407
260.0,295.0,181903.622210021
260.0,300.0,175433.46070546214
260.0,305.0,168798.97978029185
260.0,310.0,162015.6965088276
260.0,315.0,155100.5467483646
260.0,320.0,148071.81996721865
260.0,325.0,140949.0844660901
260.0,330.0,133753.10482360542
260.0,335.0,126505.7532515157
260.0,340.0,119229.91627992812
260.0,345.0,111949.39779625119
260.0,350.0,104688.81900000782
260.0,355.0,97473.51531953187
260.0,360.0,90329.42984371544
260.0,365.0,83283.0023711204
260.0,370.0,76361.05283314508
260.0,375.0,69590.65764287247
260.0,380.0,62999.01747628171
260.0,385.0,56613.31513698344
260.0,390.0,50460.56248819047
260.0,395.0,44567.435936794274
260.0,400.0,38960.10061511051
260.0,405.0,33664.02416779631
260.0,410.0,28703.78188057327
260.0,415.0,24102.855711241387
260.0,420.0,19883.430551286154
260.0,425.0,16066.191690464588
260.0,430.0,12670.127920254874
260.0,435.0,9712.344958574336
260.0,440.0,7207.893869776422
260.0,445.0,5169.618883505677
260.0,450.0,3608.0284969357635
260.0,455.0,2531.1929972296825
260.0,460.0,1944.6706247274162
260.0,465.0,1851.463564211477
260.0,470.0,2053.755694189717
260.0,475.0,2222.9052998974894
260.0,480.0,2347.468828733574
260.0,485.0,2422.683142358497
260.0,490.0,2445.9495615828655
260.0,495.0,2416.8722405476733
260.0,500.0,2337.2876479047923
260.0,505.0,2211.2787017753108
260.0,510.0,2045.1650079560882
260.0,515.0,1850.7815925512525
260.0,520.0,1943.605588188293
260.0,525.0,2222.379518297261
260.0,530.0,2469.5242560409006
260.0,535.0,2675.284956922754
260.0,540.0,2831.9743603561533
260.0,545.0,2934.025240545784
260.0,550.0,2978.0378511840663
260.0,555.0,2962.8233322491856
260.0,560.0,2889.4405500758926
260.0,565.0,2761.220678028001
260.0,570.0,2583.7714000102224
260.0,575.0,2364.951272667837
260.0,580.0,2114.804750522229
260.0,585.0,1856.508935687707
260.0,590.0,1930.0074111325234
260.0,595.0,2173.575572158415
260.0,600.0,2381.490421631182
260.0,605.0,2545.471160064315
260.0,610.0,2659.3347212485255
260.0,615.0,2719.0437052798725
260.0,620.0,2722.7499072180817
260.0,625.0,2670.83204930006
260.0,630.0,2565.923007597164
260.0,635.0,2412.919127340222
260.0,640.0,2218.9625124476906
260.0,645.0,1993.3867290459511
260.0,650.0,1828.7076684770443
260.0,655.0,1956.87985089254
260.0,660.0,2058.7315143010055
260.0,665.0,2114.6287395021654
260.0,670.0,2122.679352963287
260.0,675.0,2083.189500928437
260.0,680.0,1998.686275226062
260.0,685.0,1873.9221539889918
260.0,690.0,1866.5692817899892
260.0,695.0,1924.8699830799465
260.0,700.0,1938.1835141609988
260.0,705.0,1906.600470828282
260.0,710.0,1832.85597458783
260.0,715.0,2007.234076352821
260.0,720.0,2674.527723821712
260.0,725.0,3831.245575301323
260.0,730.0,5452.877373954253
260.0,735.0,7468.007129075397
260.0,740.0,9868.36417904297
260.0,745.0,12649.947907708205
260.0,750.0,15806.839928912348
260.0,755.0,19331.225443871335
260.0,760.0,23213.4266937385
260.0,765.0,27441.947901791453
260.0,770.0,32003.531437389964
260.0,775.0,36883.22528645553
260.0,780.0,42064.462227398544
260.0,785.0,47529.151350904795
260.0,790.0,53257.782684259066
260.0,795.0,59229.54565708885
260.0,800.0,65422.461966152376
260.0,805.0,71813.5330518985
260.0,810.0,78378.90191670413
260.0,815.0,85094.02840556989
260.0,820.0,91933.87639948259
260.0,825.0,98873.11066833306
260.0,830.0,105886.30046961115
260.0,835.0,112948.12640117932
260.0,840.0,120033.58658818773
260.0,845.0,127118.1980270505
260.0,850.0,134178.18886820818
260.0,855.0,141190.67758741498
260.0,860.0,148133.835380012
260.0,865.0,154987.02867259816
260.0,870.0,161730.9393682586
260.0,875.0,168347.66124746326
260.0,880.0,174820.77181777338
260.0,885.0,181135.3797571661
260.0,890.0,187278.1488995388
260.0,895.0,193237.3004149874
260.0,900.0,199002.59540972608
265.0,250.0,230927.63230734586
265.0,255.0,226385.18120123478
265.0,260.0,221606.72865619662
265.0,265.0,216594.34734019282
265.0,270.0,211351.48410185205
265.0,275.0,205883.0232483081
265.0,280.0,200195.33705152554
265.0,285.0,194296.3220016897
265.0,290.0,188195.41975370413
265.0,295.0,181903.622210021
265.0,300.0,175433.46070546217
265.0,305.0,168798.97978029185
265.0,310.0,162015.69650882756
265.0,315.0,155100.5467483647
265.0,320.0,148071.8199672186
265.0,325.0,140949.08446609013
265.0,330.0,133753.10482360533
265.0,335.0,126505.7532515157
265.0,340.0,119229.91627992812
265.0,345.0,111949.39779625127
265.0,350.0,104688.81900000782
265.0,355.0,97473.51531953187
265.0,360.0,90329.42984371544
265.0,365.0,83283.0023711204
265.0,370.0,76361.05283314508
265.0,375.0,69590.65764287251
265.0,380.0,62999.01747628171
265.0,385.0,56613.315136983445
265.0,390.0,50460.56248819044
265.0,395.0,44567.435936794274
265.0,400.0,38960.10061511053
265.0,405.0,33664.02416779632
265.0,410.0,28703.781880573308
265.0,415.0,24102.855711241395
265.0,420.0,19883.430551286154
265.0,425.0,16066.19169046459
265.0,430.0,12670.127920254894
265.0,435.0,9712.344958574331
265.0,440.0,7207.893869776422
265.0,445.0,5169.618883505677
265.0,450.0,3608.0284969357567
265.0,455.0,2531.1929972296834
265.0,460.0,1944.6706247274099
265.0,465.0,1851.463564211477
265.0,470.0,2053.755694189719
265.0,475.0,2222.905299897489
265.0,480.0,2347.4688287335757
265.0,485.0,2422.6831423584927
265.0,490.0,2445.949561582867
265.0,495.0,2416.8722405476633
265.0,500.0,2337.287647904793
265.0,505.0,2211.2787017753053
265.0,510.0,2045.165007956089
265.0,515.0,1850.7815925512473
265.0,520.0,1943.6055881882912
265.0,525.0,2222.379518297256
265.0,530.0,2469.5242560408997
265.0,535.0,2675.2849569227483
265.0,540.0,2831.9743603561556
265.0,545.0,2934.0252405457854
265.0,550.0,2978.0378511840713
265.0,555.0,2962.823332249193
265.0,560.0,2889.440550075896
265.0,565.0,2761.2206780280076
265.0,570.0,2583.771400010224
265.0,575.0,2364.9512726678377
265.0,580.0,2114.8047505222353
265.0,585.0,1856.5089356877083
265.0,590.0,1930.0074111325282
265.0,595.0,2173.575572158421
265.0,600.0,2381.4904216311847
265.0,605.0,2545.4711600643222
265.0,610.0,2659.3347212485196
265.0,615.0,2719.0437052798748
265.0,620.0,2722.749907218084
265.0,625.0,2670.8320493000556
265.0,630.0,2565.9230075971645
265.0,635.0,2412.9191273402225
265.0,640.0,2218.96251244769
265.0,645.0,1993.3867290459473
265.0,650.0,1828.7076684770445
265.0,655.0,1956.879850892545
265.0,660.0,2058.7315143010055
265.0,665.0,2114.6287395021645
265.0,670.0,2122.6793529632896
265.0,675.0,2083.1895009284367
265.0,680.0,1998.6862752260563
265.0,685.0,1873.9221539889918
265.0,690.0,1866.5692817899894
265.0,695.0,1924.8699830799478
265.0,700.0,1938.1835141609981
265.0,705.0,1906.600470828279
265.0,710.0,1832.8559745878265
265.0,715.0,2007.2340763528164
265.0,720.0,2674.5277238217127
265.0,725.0,3831.2455753013137
265.0,730.0,5448.56762768309
265.0,735.0,7452.5015176938805
265.0,740.0,9836.234341648093
265.0,745.0,12596.04043457463
265.0,750.0,15726.319888729526
265.0,755.0,19219.6154959386
265.0,760.0,23066.641258993805
265.0,765.0,27256.321977175983
265.0,770.0,31775.84374950249
265.0,775.0,36610.715589690175
265.0,780.0,41744.84265676382
265.0,785.0,47160.61183927792
265.0,790.0,52838.99054747042
265.0,795.0,58759.639537961
265.0,800.0,64901.040410567504
265.0,805.0,71240.63806627956
265.0,810.0,77754.99792670166
265.0,815.0,84419.97709969911
265.0,820.0,91210.9079977389
265.0,825.0,98102.79220298924
265.0,830.0,105070.50170159257
265.0,835.0,112088.9840188267
265.0,840.0,119133.46734413858
265.0,845.0,126179.66146225756
265.0,850.0,133203.95024918747
265.0,855.0,140183.57164401066
265.0,860.0,147096.7813774252
265.0,865.0,153922.99728522255
265.0,870.0,160642.92174671512
265.0,875.0,167238.6405874883
265.0,880.0,173693.69765382353
265.0,885.0,179993.14511843456
265.0,890.0,186123.57038491516
265.0,895.0,192073.10116930137
265.0,900.0,197831.3909187771
270.0,250.0,230927.63230734595
270.0,255.0,226385.18120123484
270.0,260.0,221606.72865619656
270.0,265.0,216594.3473401928
270.0,270.0,211351.4841018521
270.0,275.0,205883.02324830813
270.0,280.0,200195.33705152554
270.0,285.0,194296.32200168964
270.0,290.0,188195.4197537041
270.0,295.0,181903.622210021
270.0,300.0,175433.46070546226
270.0,305.0,168798.97978029185
270.0,310.0,162015.6965088276
270.0,315.0,155100.5467483647
270.0,320.0,148071.81996721865
270.0,325.0,140949.08446609013
270.0,330.0,133753.1048236054
270.0,335.0,126505.7532515157
270.0,340.0,119229.91627992812
270.0,345.0,111949.39779625121
270.0,350.0,104688.81900000783
270.0,355.0,97473.51531953189
270.0,360.0,90329.42984371544
270.0,365.0,83283.00237112046
270.0,370.0,76361.05283314508
270.0,375.0,69590.65764287245
270.0,380.0,62999.017476281675
270.0,385.0,56613.315136983445
270.0,390.0,50460.56248819047
270.0,395.0,44567.435936794274
270.0,400.0,38960.10061511053
270.0,405.0,33664.02416779632
270.0,410.0,28703.781880573275
270.0,415.0,24102.855711241402
270.0,420.0,19883.430551286165
270.0,425.0,16066.191690464593
270.0,430.0,12670.127920254898
270.0,435.0,9712.344958574336
270.0,440.0,7207.893869776429
270.0,445.0,5169.618883505669
270.0,450.0,3608.0284969357635
270.0,455.0,2531.1929972296834
270.0,460.0,1944.6706247274099
270.0,465.0,1851.463564211477
270.0,470.0,2053.7556941897155
270.0,475.0,2222.905299897488
270.0,480.0,2347.4688287335757
270.0,485.0,2422.6831423584963
270.0,490.0,2445.9495615828655
270.0,495.0,2416.8722405476733
270.0,500.0,2337.287647904792
270.0,505.0,2211.2787017753067
270.0,510.0,2045.16500795609
270.0,515.0,1850.7815925512532
270.0,520.0,1943.6055881882894
270.0,525.0,2222.379518297261
270.0,530.0,2469.5242560408956
270.0,535.0,2675.284956922748
270.0,540.0,2831.9743603561524
270.0,545.0,2934.0252405457886
270.0,550.0,2978.0378511840713
270.0,555.0,2962.823332249193
270.0,560.0,2889.440550075896
270.0,565.0,2761.22067802801
270.0,570.0,2583.771400010217
270.0,575.0,2364.9512726678395
270.0,580.0,2114.804750522233
270.0,585.0,1856.508935687708
270.0,590.0,1930.0074111325284
270.0,595.0,2173.575572158415
270.0,600.0,2381.4904216311857
270.0,605.0,2545.4711600643172
270.0,610.0,2659.33472124852
270.0,615.0,2719.043705279866
270.0,620.0,2722.7499072180804
270.0,625.0,2670.832049300056
270.0,630.0,2565.923007597169
270.0,635.0,2412.919127340216
270.0,640.0,2218.9625124476916
270.0,645.0,1993.3867290459502
270.0,650.0,1828.7076684770439
270.0,655.0,1956.879850892543
270.0,660.0,2058.731514301007
270.0,665.0,2114.6287395021627
270.0,670.0,2122.6793529632882
270.0,675.0,2083.189500928439
270.0,680.0,1998.6862752260627
270.0,685.0,1873.9221539889913
270.0,690.0,1866.5692817899903
270.0,695.0,1924.8699830799453
270.0,700.0,1938.1835141609984
270.0,705.0,1906.600470828282
270.0,710.0,1832.8559745878304
270.0,715.0,2007.234076352821
270.0,720.0,2674.52772382172
270.0,725.0,3831.245575301316
270.0,730.0,5443.470468582395
270.0,735.0,7435.229474313544
270.0,740.0,9801.143222165883
270.0,745.0,12537.753267941951
270.0,750.0,15639.772522989491
270.0,755.0,19100.097977820406
270.0,760.0,22909.834427880927
270.0,765.0,27058.328813176584
270.0,770.0,31533.21512381796
270.0,775.0,36320.470172789624
270.0,780.0,41404.48084403967
270.0,785.0,46768.123653683644
270.0,790.0,52392.85757368026
270.0,795.0,58258.8310328517
270.0,800.0,64345.003820434526
270.0,805.0,70629.28426228571
270.0,810.0,77088.68154629042
270.0,815.0,83699.47245244979
270.0,820.0,90437.3810580313
270.0,825.0,97277.76926724052
270.0,830.0,104195.83533260575
270.0,835.0,111166.81693184769
270.0,840.0,118166.19490651228
270.0,845.0,125169.89347963137
270.0,850.0,132154.4726951243
270.0,855.0,139097.3089566973
270.0,860.0,145976.75989781143
270.0,865.0,152772.310347359
270.0,870.0,159464.69685590043
270.0,875.0,166036.00903853498
270.0,880.0,172469.76685393354
270.0,885.0,178750.9737907446
270.0,890.0,184866.1467433443
270.0,895.0,190803.32407618506
270.0,900.0,196552.0539665571
275.0,250.0,230927.63230734586
275.0,255.0,226385.18120123478
275.0,260.0,221606.72865619662
275.0,265.0,216594.34734019282
275.0,270.0,211351.4841018521
275.0,275.0,205883.02324830802
275.0,280.0,200195.33705152557
275.0,285.0,194296.32200168964
275.0,290.0,188195.41975370416
275.0,295.0,181903.622210021
275.0,300.0,175433.46070546212
275.0,305.0,168798.97978029185
275.0,310.0,162015.69650882753
275.0,315.0,155100.5467483646
275.0,320.0,148071.8199672186
275.0,325.0,140949.08446609016
275.0,330.0,133753.10482360536
275.0,335.0,126505.75325151568
275.0,340.0,119229.91627992813
275.0,345.0,111949.39779625117
275.0,350.0,104688.81900000782
275.0,355.0,97473.51531953184
275.0,360.0,90329.42984371544
275.0,365.0,83283.0023711204
275.0,370.0,76361.05283314508
275.0,375.0,69590.65764287251
275.0,380.0,62999.01747628171
275.0,385.0,56613.31513698341
275.0,390.0,50460.56248819047
275.0,395.0,44567.435936794274
275.0,400.0,38960.10061511052
275.0,405.0,33664.02416779632
275.0,410.0,28703.781880573268
275.0,415.0,24102.85571124138
275.0,420.0,19883.430551286165
275.0,425.0,16066.19169046462
275.0,430.0,12670.127920254892
275.0,435.0,9712.34495857434
275.0,440.0,7207.8938697764215
275.0,445.0,5169.618883505677
275.0,450.0,3608.028496935757
275.0,455.0,2531.1929972296834
275.0,460.0,1944.6706247274149
275.0,465.0,1851.4635642114763
275.0,470.0,2053.7556941897165
275.0,475.0,2222.9052998974857
275.0,480.0,2347.4688287335757
275.0,485.0,2422.683142358498
275.0,490.0,2445.9495615828696
275.0,495.0,2416.8722405476597
275.0,500.0,2337.287647904796
275.0,505.0,2211.278701775305
275.0,510.0,2045.16500795609
275.0,515.0,1850.7815925512525
275.0,520.0,1943.6055881882935
275.0,525.0,2222.3795182972603
275.0,530.0,2469.524256040893
275.0,535.0,2675.284956922748
275.0,540.0,2831.974360356153
275.0,545.0,2934.025240545783
275.0,550.0,2978.0378511840718
275.0,555.0,2962.8233322491924
275.0,560.0,2889.440550075891
275.0,565.0,2761.220678028004
275.0,570.0,2583.7714000102173
275.0,575.0,2364.95127266784
275.0,580.0,2114.804750522227
275.0,585.0,1856.508935687708
275.0,590.0,1930.0074111325232
275.0,595.0,2173.5755721584205
275.0,600.0,2381.490421631191
275.0,605.0,2545.471160064319
275.0,610.0,2659.3347212485232
275.0,615.0,2719.0437052798684
275.0,620.0,2722.749907218083
275.0,625.0,2670.83204930006
275.0,630.0,2565.9230075971705
275.0,635.0,2412.919127340223
275.0,640.0,2218.962512447685
275.0,645.0,1993.3867290459536
275.0,650.0,1828.7076684770445
275.0,655.0,1956.879850892545
275.0,660.0,2058.731514301004
275.0,665.0,2114.628739502161
275.0,670.0,2122.6793529632937
275.0,675.0,2083.189500928435
275.0,680.0,1998.6862752260574
275.0,685.0,1873.9221539889907
275.0,690.0,1866.56928178999
275.0,695.0,1924.8699830799417
275.0,700.0,1938.1835141609995
275.0,705.0,1906.6004708282805
275.0,710.0,1832.85597458783
275.0,715.0,2007.2340763528198
275.0,720.0,2674.527723821712
275.0,725.0,3831.245575301329
275.0,730.0,5437.492364447358
275.0,735.0,7416.060702894028
275.0,740.0,9762.924957554582
275.0,745.0,12474.885302596243
275.0,750.0,15546.960825368798
275.0,755.0,18972.39824565475
275.0,760.0,22742.691033316878
275.0,765.0,26847.608638065703
275.0,770.0,31275.23588814107
275.0,775.0,36012.02296372941
275.0,780.0,41042.84665559794
275.0,785.0,46351.08384585526
275.0,790.0,51918.69825564036
275.0,795.0,57726.34146645179
275.0,800.0,63753.46902869173
275.0,805.0,69978.47211262862
275.0,810.0,76378.82465974073
275.0,815.0,82931.24536697418
275.0,820.0,89611.87314549454
275.0,825.0,96396.45396690951
275.0,830.0,103260.53631761175
275.0,835.0,110179.67186602099
275.0,840.0,117129.61747515122
275.0,845.0,124086.53438724308
275.0,850.0,131027.18031469021
275.0,855.0,137929.09028832478
275.0,860.0,144770.74245037514
275.0,865.0,151531.70549667912
275.0,870.0,158192.76515970303
275.0,875.0,164736.02790532337
275.0,880.0,171145.00087371326
275.0,885.0,177404.64794435535
275.0,890.0,183501.42261784434
275.0,895.0,189423.27912983848
275.0,900.0,195159.66381148697
280.0,250.0,230927.63230734586
280.0,255.0,226385.18120123484
280.0,260.0,221606.7286561966
280.0,265.0,216594.34734019282
280.0,270.0,211351.4841018521
280.0,275.0,205883.0232483081
280.0,280.0,200195.33705152565
280.0,285.0,194296.32200168964
280.0,290.0,188195.41975370407
280.0,295.0,181903.622210021
280.0,300.0,175433.46070546214
280.0,305.0,168798.97978029185
280.0,310.0,162015.69650882753
280.0,315.0,155100.5467483646
280.0,320.0,148071.8199672186
280.0,325.0,140949.08446609013
280.0,330.0,133753.1048236054
280.0,335.0,126505.7532515157
280.0,340.0,119229.91627992812
280.0,345.0,111949.39779625117
280.0,350.0,104688.81900000779
280.0,355.0,97473.51531953186
280.0,360.0,90329.42984371544
280.0,365.0,83283.0023711204
280.0,370.0,76361.05283314515
280.0,375.0,69590.65764287251
280.0,380.0,62999.017476281704
280.0,385.0,56613.31513698341
280.0,390.0,50460.56248819047
280.0,395.0,44567.435936794274
280.0,400.0,38960.10061511051
280.0,405.0,33664.02416779631
280.0,410.0,28703.78188057326
280.0,415.0,24102.855711241387
280.0,420.0,19883.430551286165
280.0,425.0,16066.191690464593
280.0,430.0,12670.127920254885
280.0,435.0,9712.344958574331
280.0,440.0,7207.893869776439
280.0,445.0,5169.618883505677
280.0,450.0,3608.028496935763
280.0,455.0,2531.1929972296803
280.0,460.0,1944.6706247274162
280.0,465.0,1851.4635642114765
280.0,470.0,2053.755694189713
280.0,475.0,2222.9052998974853
280.0,480.0,2347.4688287335725
280.0,485.0,2422.6831423584945
280.0,490.0,2445.949561582874
280.0,495.0,2416.872240547666
280.0,500.0,2337.2876479047945
280.0,505.0,2211.278701775299
280.0,510.0,2045.165007956086
280.0,515.0,1850.7815925512525
280.0,520.0,1943.6055881882908
280.0,525.0,2222.379518297258
280.0,530.0,2469.524256040897
280.0,535.0,2675.284956922748
280.0,540.0,2831.9743603561533
280.0,545.0,2934.025240545787
280.0,550.0,2978.0378511840718
280.0,555.0,2962.8233322491924
280.0,560.0,2889.4405500758953
280.0,565.0,2761.2206780280076
280.0,570.0,2583.771400010221
280.0,575.0,2364.9512726678395
280.0,580.0,2114.8047505222326
280.0,585.0,1856.508935687708
280.0,590.0,1930.0074111325291
280.0,595.0,2173.575572158415
280.0,600.0,2381.4904216311884
280.0,605.0,2545.47116006432
280.0,610.0,2659.334721248517
280.0,615.0,2719.043705279872
280.0,620.0,2722.749907218087
280.0,625.0,2670.8320493000633
280.0,630.0,2565.9230075971645
280.0,635.0,2412.919127340223
280.0,640.0,2218.9625124476916
280.0,645.0,1993.3867290459484
280.0,650.0,1828.7076684770445
280.0,655.0,1956.8798508925408
280.0,660.0,2058.7315143010055
280.0,665.0,2114.628739502159
280.0,670.0,2122.679352963288
280.0,675.0,2083.1895009284344
280.0,680.0,1998.6862752260588
280.0,685.0,1873.9221539889897
280.0,690.0,1866.56928178999
280.0,695.0,1924.8699830799424
280.0,700.0,1938.1835141610045
280.0,705.0,1906.600470828284
280.0,710.0,1832.85597458783
280.0,715.0,2007.2340763528173
280.0,720.0,2674.527723821716
280.0,725.0,3831.2455753013187
280.0,730.0,5430.535928371069
280.0,735.0,7394.86334642099
280.0,740.0,9721.415041162467
280.0,745.0,12407.240393496717
280.0,750.0,15447.657089541985
280.0,755.0,18836.256065339683
280.0,760.0,22564.916213709002
280.0,765.0,26623.828663858683
280.0,770.0,31001.530790857443
280.0,775.0,35684.950461693705
280.0,780.0,40659.46132809613
280.0,785.0,45908.95020044065
280.0,790.0,51415.89764238981
280.0,795.0,57161.47288538119
280.0,800.0,63125.643966749725
280.0,805.0,69287.30363487659
280.0,810.0,75624.41106516685
280.0,815.0,82114.14880214268
280.0,820.0,88733.09364730178
280.0,825.0,95457.3994771219
280.0,830.0,102262.98927397658
280.0,835.0,109125.75302487364
280.0,840.0,116021.7476558359
280.0,845.0,122927.394847112
280.0,850.0,129819.67246328823
280.0,855.0,136676.2954299826
280.0,860.0,143475.88220615615
280.0,865.0,150198.10350101185
280.0,870.0,156823.81055646096
280.0,875.0,163335.14108602292
280.0,880.0,169715.6018106605
280.0,885.0,175950.12737824032
280.0,890.0,182025.11626653626
280.0,895.0,187928.44499682286
280.0,900.0,193649.4625917716
285.0,250.0,230927.63230734586
285.0,255.0,226385.18120123478
285.0,260.0,221606.72865619656
285.0,265.0,216594.3473401928
285.0,270.0,211351.48410185205
285.0,275.0,205883.0232483081
285.0,280.0,200195.33705152557
285.0,285.0,194296.32200168964
285.0,290.0,188195.41975370407
285.0,295.0,181903.622210021
285.0,300.0,175433.46070546214
285.0,305.0,168798.97978029182
285.0,310.0,162015.69650882753
285.0,315.0,155100.5467483646
285.0,320.0,148071.8199672186
285.0,325.0,140949.08446609016
285.0,330.0,133753.10482360542
285.0,335.0,126505.7532515157
285.0,340.0,119229.91627992815
285.0,345.0,111949.39779625123
285.0,350.0,104688.81900000782
285.0,355.0,97473.51531953189
285.0,360.0,90329.42984371544
285.0,365.0,83283.0023711204
285.0,370.0,76361.0528331451
285.0,375.0,69590.65764287245
285.0,380.0,62999.01747628171
285.0,385.0,56613.31513698344
285.0,390.0,50460.56248819047
285.0,395.0,44567.435936794274
285.0,400.0,38960.10061511052
285.0,405.0,33664.02416779632
285.0,410.0,28703.781880573268
285.0,415.0,24102.855711241384
285.0,420.0,19883.430551286154
285.0,425.0,16066.191690464588
285.0,430.0,12670.12792025489
285.0,435.0,9712.344958574336
285.0,440.0,7207.893869776429
285.0,445.0,5169.618883505677
285.0,450.0,3608.0284969357617
285.0,455.0,2531.1929972296834
285.0,460.0,1944.6706247274099
285.0,465.0,1851.4635642114765
285.0,470.0,2053.755694189715
285.0,475.0,2222.9052998974894
285.0,480.0,2347.4688287335716
285.0,485.0,2422.6831423584963
285.0,490.0,2445.9495615828687
285.0,495.0,2416.8722405476597
285.0,500.0,2337.287647904792
285.0,505.0,2211.2787017753026
285.0,510.0,2045.1650079560898
285.0,515.0,1850.7815925512525
285.0,520.0,1943.605588188289
285.0,525.0,2222.379518297256
285.0,530.0,2469.524256040895
285.0,535.0,2675.284956922747
285.0,540.0,2831.9743603561556
285.0,545.0,2934.0252405457904
285.0,550.0,2978.0378511840695
285.0,555.0,2962.8233322491924
285.0,560.0,2889.4405500758908
285.0,565.0,2761.220678028001
285.0,570.0,2583.7714000102214
285.0,575.0,2364.951272667836
285.0,580.0,2114.8047505222316
285.0,585.0,1856.5089356877063
285.0,590.0,1930.007411132526
285.0,595.0,2173.575572158415
285.0,600.0,2381.4904216311847
285.0,605.0,2545.4711600643204
285.0,610.0,2659.3347212485237
285.0,615.0,2719.043705279868
285.0,620.0,2722.749907218088
285.0,625.0,2670.8320493000638
285.0,630.0,2565.92300759717
285.0,635.0,2412.919127340223
285.0,640.0,2218.962512447686
285.0,645.0,1993.3867290459534
285.0,650.0,1828.7076684770445
285.0,655.0,1956.879850892545
285.0,660.0,2058.7315143010082
285.0,665.0,2114.6287395021654
285.0,670.0,2122.6793529632896
285.0,675.0,2083.1895009284385
285.0,680.0,1998.6862752260647
285.0,685.0,1873.9221539889922
285.0,690.0,1866.569281789994
285.0,695.0,1924.8699830799446
285.0,700.0,1938.183514161003
285.0,705.0,1906.6004708282783
285.0,710.0,1832.8559745878251
285.0,715.0,2007.23407635282
285.0,720.0,2674.5277238217127
285.0,725.0,3831.2455753013214
285.0,730.0,5422.500479695279
285.0,735.0,7371.504759641945
285.0,740.0,9676.451310066428
285.0,745.0,12334.628569367504
285.0,750.0,15341.64437052635
285.0,755.0,18691.42735380653
285.0,760.0,22376.23747758395
285.0,765.0,26386.685529245344
285.0,770.0,30711.761888545476
285.0,775.0,35338.87514670833
285.0,780.0,40253.90148756312
285.0,785.0,45441.24595980202
285.0,790.0,50883.91687322004
285.0,795.0,56563.61450999751
285.0,800.0,62460.835145807134
285.0,805.0,68554.99101448737
285.0,810.0,74824.54634947554
285.0,815.0,81247.16900501197
285.0,820.0,87799.89646113914
285.0,825.0,94459.31427579398
285.0,830.0,101201.74433736561
285.0,835.0,108003.43963194588
285.0,840.0,114840.78173799327
285.0,845.0,121690.47692149795
285.0,850.0,128529.74657451919
285.0,855.0,135336.50781748578
285.0,860.0,142089.5403828826
285.0,865.0,148768.63637903245
285.0,870.0,155354.73018805825
285.0,875.0,161830.00650869566
285.0,880.0,168177.98539477403
285.0,885.0,174383.58398125245
285.0,890.0,180433.15540210603
285.0,895.0,186314.50613476447
285.0,900.0,192016.8936193457
290.0,250.0,230927.63230734586
290.0,255.0,226385.18120123478
290.0,260.0,221606.72865619662
290.0,265.0,216594.3473401928
290.0,270.0,211351.48410185205
290.0,275.0,205883.0232483081
290.0,280.0,200195.33705152557
290.0,285.0,194296.32200168967
290.0,290.0,188195.4197537041
290.0,295.0,181903.622210021
290.0,300.0,175433.46070546217
290.0,305.0,168798.97978029185
290.0,310.0,162015.69650882756
290.0,315.0,155100.5467483646
290.0,320.0,148071.8199672186
290.0,325.0,140949.08446609013
290.0,330.0,133753.10482360536
290.0,335.0,126505.7532515157
290.0,340.0,119229.91627992813
290.0,345.0,111949.39779625117
290.0,350.0,104688.81900000782
290.0,355.0,97473.51531953189
290.0,360.0,90329.42984371544
290.0,365.0,83283.0023711204
290.0,370.0,76361.0528331451
290.0,375.0,69590.65764287245
290.0,380.0,62999.01747628171
290.0,385.0,56613.31513698344
290.0,390.0,50460.56248819047
290.0,395.0,44567.435936794274
290.0,400.0,38960.10061511053
290.0,405.0,33664.02416779632
290.0,410.0,28703.78188057327
290.0,415.0,24102.8557112414
290.0,420.0,19883.430551286154
290.0,425.0,16066.191690464588
290.0,430.0,12670.127920254892
290.0,435.0,9712.344958574331
290.0,440.0,7207.8938697764215
290.0,445.0,5169.618883505677
290.0,450.0,3608.0284969357567
290.0,455.0,2531.1929972296825
290.0,460.0,1944.6706247274162
290.0,465.0,1851.463564211477
290.0,470.0,2053.7556941897183
290.0,475.0,2222.9052998974876
290.0,480.0,2347.468828733569
290.0,485.0,2422.683142358494
290.0,490.0,2445.949561582866
290.0,495.0,2416.8722405476624
290.0,500.0,2337.2876479048
290.0,505.0,2211.2787017753126
290.0,510.0,2045.1650079560918
290.0,515.0,1850.7815925512525
290.0,520.0,1943.6055881882926
290.0,525.0,2222.3795182972613
290.0,530.0,2469.5242560408997
290.0,535.0,2675.2849569227506
290.0,540.0,2831.974360356146
290.0,545.0,2934.0252405457886
290.0,550.0,2978.0378511840713
290.0,555.0,2962.8233322491874
290.0,560.0,2889.4405500758967
290.0,565.0,2761.2206780280058
290.0,570.0,2583.771400010225
290.0,575.0,2364.9512726678386
290.0,580.0,2114.804750522233
290.0,585.0,1856.508935687707
290.0,590.0,1930.0074111325282
290.0,595.0,2173.575572158415
290.0,600.0,2381.4904216311866
290.0,605.0,2545.4711600643222
290.0,610.0,2659.3347212485205
290.0,615.0,2719.043705279873
290.0,620.0,2722.7499072180804
290.0,625.0,2670.8320493000606
290.0,630.0,2565.9230075971595
290.0,635.0,2412.919127340223
290.0,640.0,2218.96251244769
290.0,645.0,1993.3867290459536
290.0,650.0,1828.7076684770445
290.0,655.0,1956.8798508925422
290.0,660.0,2058.731514301007
290.0,665.0,2114.62873950216
290.0,670.0,2122.6793529632882
290.0,675.0,2083.189500928436
290.0,680.0,1998.6862752260588
290.0,685.0,1873.922153988992
290.0,690.0,1866.5692817899937
290.0,695.0,1924.8699830799435
290.0,700.0,1938.1835141609993
290.0,705.0,1906.6004708282765
290.0,710.0,1832.8559745878265
290.0,715.0,2007.2340763528173
290.0,720.0,2674.5277238217127
290.0,725.0,3831.245575301315
290.0,730.0,5413.2826425506955
290.0,735.0,7345.852307271093
290.0,740.0,9627.874947380293
290.0,745.0,12256.867251461406
290.0,750.0,15228.717941254685
290.0,755.0,18537.68590471233
290.0,760.0,22176.40674042061
290.0,765.0,26135.907700781787
290.0,770.0,30405.631376112648
290.0,775.0,34973.46881447355
290.0,780.0,39825.80307526013
290.0,785.0,44947.56443681976
290.0,790.0,50322.29858153871
290.0,795.0,55932.24903987773
290.0,800.0,61758.45497887775
290.0,805.0,67780.8650603431
290.0,810.0,73978.46759389267
290.0,815.0,80329.43657973717
290.0,820.0,86811.29253519648
290.0,825.0,93401.07625417186
290.0,830.0,100075.53293174044
290.0,835.0,106811.30343651281
290.0,840.0,113585.11899802928
290.0,845.0,120373.9952199829
290.0,850.0,127155.42118046417
290.0,855.0,133907.5394371332
290.0,860.0,140609.3130312324
290.0,865.0,147240.6760451726
290.0,870.0,153782.6649054881
290.0,875.0,160217.52836446828
290.0,880.0,166528.81492260538
290.0,885.0,172701.43728824082
290.0,890.0,178721.71428083236
290.0,895.0,184577.3913166613
290.0,900.0,190257.64123522484
295.0,250.0,230927.63230734592
295.0,255.0,226385.18120123484
295.0,260.0,221606.72865619656
295.0,265.0,216594.3473401928
295.0,270.0,211351.48410185205
295.0,275.0,205883.02324830808
295.0,280.0,200195.33705152554
295.0,285.0,194296.3220016897
295.0,290.0,188195.4197537042
295.0,295.0,181903.622210021
295.0,300.0,175433.46070546214
295.0,305.0,168798.97978029185
295.0,310.0,162015.6965088276
295.0,315.0,155100.5467483646
295.0,320.0,148071.8199672186
295.0,325.0,140949.0844660901
295.0,330.0,133753.10482360536
295.0,335.0,126505.7532515157
295.0,340.0,119229.91627992812
295.0,345.0,111949.39779625117
295.0,350.0,104688.81900000777
295.0,355.0,97473.51531953189
295.0,360.0,90329.42984371544
295.0,365.0,83283.0023711204
295.0,370.0,76361.0528331451
295.0,375.0,69590.65764287245
295.0,380.0,62999.01747628171
295.0,385.0,56613.31513698344
295.0,390.0,50460.56248819043
295.0,395.0,44567.435936794274
295.0,400.0,38960.10061511052
295.0,405.0,33664.02416779632
295.0,410.0,28703.781880573268
295.0,415.0,24102.855711241384
295.0,420.0,19883.430551286154
295.0,425.0,16066.191690464604
295.0,430.0,12670.127920254898
295.0,435.0,9712.344958574336
295.0,440.0,7207.893869776439
295.0,445.0,5169.618883505669
295.0,450.0,3608.0284969357567
295.0,455.0,2531.192997229674
295.0,460.0,1944.6706247274117
295.0,465.0,1851.4635642114765
295.0,470.0,2053.755694189714
295.0,475.0,2222.9052998974857
295.0,480.0,2347.4688287335757
295.0,485.0,2422.683142358497
295.0,490.0,2445.949561582866
295.0,495.0,2416.872240547663
295.0,500.0,2337.287647904791
295.0,505.0,2211.278701775302
295.0,510.0,2045.1650079560857
295.0,515.0,1850.7815925512525
295.0,520.0,1943.6055881882912
295.0,525.0,2222.379518297256
295.0,530.0,2469.524256040896
295.0,535.0,2675.2849569227483
295.0,540.0,2831.9743603561524
295.0,545.0,2934.0252405457827
295.0,550.0,2978.0378511840695
295.0,555.0,2962.823332249188
295.0,560.0,2889.4405500758926
295.0,565.0,2761.2206780280076
295.0,570.0,2583.771400010218
295.0,575.0,2364.951272667835
295.0,580.0,2114.804750522233
295.0,585.0,1856.5089356877083
295.0,590.0,1930.007411132523
295.0,595.0,2173.575572158412
295.0,600.0,2381.4904216311884
295.0,605.0,2545.4711600643222
295.0,610.0,2659.3347212485232
295.0,615.0,2719.0437052798666
295.0,620.0,2722.7499072180854
295.0,625.0,2670.8320493000633
295.0,630.0,2565.923007597166
295.0,635.0,2412.919127340223
295.0,640.0,2218.9625124476875
295.0,645.0,1993.386729045949
295.0,650.0,1828.7076684770439
295.0,655.0,1956.8798508925431
295.0,660.0,2058.731514301006
295.0,665.0,2114.628739502162
295.0,670.0,2122.679352963294
295.0,675.0,2083.1895009284335
295.0,680.0,1998.686275226055
295.0,685.0,1873.9221539889922
295.0,690.0,1866.5692817899937
295.0,695.0,1924.869983079943
295.0,700.0,1938.183514160995
295.0,705.0,1906.6004708282815
295.0,710.0,1832.8559745878272
295.0,715.0,2007.23407635282
295.0,720.0,2674.527723821712
295.0,725.0,3831.2455753013396
295.0,730.0,5402.776977165829
295.0,735.0,7317.774184920896
295.0,740.0,9575.531499948207
295.0,745.0,12173.782482041315
295.0,750.0,15108.68675389292
295.0,755.0,18374.825113723295
295.0,760.0,21965.20235502253
295.0,765.0,25871.257860162536
295.0,770.0,30082.884393875887
295.0,775.0,34588.45587733769
295.0,780.0,39374.865227505165
295.0,785.0,44427.573568697255
295.0,790.0,49730.672226835864
295.0,795.0,55266.95887567852
295.0,800.0,61018.02900995237
295.0,805.0,66964.38356211541
295.0,810.0,73085.5529814993
295.0,815.0,79360.23746572653
295.0,820.0,85766.4623332073
295.0,825.0,92281.74677820673
295.0,830.0,98883.2835271829
295.0,835.0,105548.12625632739
295.0,840.0,112253.38110178996
295.0,845.0,118976.39822111653
295.0,850.0,125694.95919538422
295.0,855.0,132387.45609689978
295.0,860.0,139033.05830115467
295.0,865.0,145611.8635609624
295.0,870.0,152105.03047784718
295.0,875.0,158494.8902304059
295.0,880.0,164765.0362350317
295.0,885.0,170900.39123999907
295.0,890.0,176887.25215992046
295.0,895.0,182713.31369056032
295.0,900.0,188367.67236814613
300.0,250.0,230927.63230734586
300.0,255.0,226385.1812012348
300.0,260.0,221606.72865619665
300.0,265.0,216594.34734019282
300.0,270.0,211351.4841018521
300.0,275.0,205883.0232483081
300.0,280.0,200195.33705152554
300.0,285.0,194296.32200168964
300.0,290.0,188195.41975370413
300.0,295.0,181903.622210021
300.0,300.0,175433.46070546223
300.0,305.0,168798.97978029185
300.0,310.0,162015.69650882753
300.0,315.0,155100.5467483646
300.0,320.0,148071.8199672186
300.0,325.0,140949.08446609016
300.0,330.0,133753.10482360536
300.0,335.0,126505.7532515157
300.0,340.0,119229.91627992812
300.0,345.0,111949.39779625121
300.0,350.0,104688.81900000777
300.0,355.0,97473.51531953189
300.0,360.0,90329.42984371539
300.0,365.0,83283.00237112046
300.0,370.0,76361.05283314508
300.0,375.0,69590.65764287245
300.0,380.0,62999.01747628171
300.0,385.0,56613.31513698341
300.0,390.0,50460.56248819047
300.0,395.0,44567.43593679427
300.0,400.0,38960.10061511051
300.0,405.0,33664.02416779632
300.0,410.0,28703.781880573268
300.0,415.0,24102.8557112414
300.0,420.0,19883.430551286147
300.0,425.0,16066.191690464593
300.0,430.0,12670.127920254898
300.0,435.0,9712.344958574331
300.0,440.0,7207.893869776439
300.0,445.0,5169.618883505677
300.0,450.0,3608.0284969357635
300.0,455.0,2531.192997229674
300.0,460.0,1944.6706247274117
300.0,465.0,1851.4635642114713
300.0,470.0,2053.7556941897205
300.0,475.0,2222.905299897484
300.0,480.0,2347.4688287335757
300.0,485.0,2422.6831423584963
300.0,490.0,2445.9495615828623
300.0,495.0,2416.8722405476656
300.0,500.0,2337.28764790479
300.0,505.0,2211.2787017753067
300.0,510.0,2045.1650079560857
300.0,515.0,1850.7815925512525
300.0,520.0,1943.605588188288
300.0,525.0,2222.379518297258
300.0,530.0,2469.5242560408947
300.0,535.0,2675.2849569227515
300.0,540.0,2831.9743603561483
300.0,545.0,2934.0252405457854
300.0,550.0,2978.0378511840686
300.0,555.0,2962.823332249187
300.0,560.0,2889.440550075901
300.0,565.0,2761.220678028003
300.0,570.0,2583.7714000102246
300.0,575.0,2364.9512726678386
300.0,580.0,2114.804750522233
300.0,585.0,1856.5089356877083
300.0,590.0,1930.0074111325225
300.0,595.0,2173.575572158421
300.0,600.0,2381.4904216311866
300.0,605.0,2545.4711600643213
300.0,610.0,2659.334721248525
300.0,615.0,2719.043705279865
300.0,620.0,2722.749907218082
300.0,625.0,2670.832049300056
300.0,630.0,2565.9230075971695
300.0,635.0,2412.919127340223
300.0,640.0,2218.962512447691
300.0,645.0,1993.3867290459507
300.0,650.0,1828.7076684770434
300.0,655.0,1956.8798508925404
300.0,660.0,2058.731514301008
300.0,665.0,2114.6287395021627
300.0,670.0,2122.6793529632937
300.0,675.0,2083.1895009284344
300.0,680.0,1998.6862752260608
300.0,685.0,1873.9221539889936
300.0,690.0,1866.5692817899903
300.0,695.0,1924.8699830799424
300.0,700.0,1938.1835141609984
300.0,705.0,1906.6004708282815
300.0,710.0,1832.85597458783
300.0,715.0,2007.234076352821
300.0,720.0,2674.5277238217127
300.0,725.0,3831.0386286646153
300.0,730.0,5390.8766397345835
300.0,735.0,7287.140261102972
300.0,740.0,9519.271913185094
300.0,745.0,12085.210168543292
300.0,750.0,14981.374916747496
300.0,755.0,18202.659719668605
300.0,760.0,21742.43115755023
300.0,765.0,25592.535305777303
300.0,770.0,29743.31184594958
300.0,775.0,34183.61667182744
300.0,780.0,38900.85415565259
300.0,785.0,43881.020463286026
300.0,790.0,49108.75941102813
300.0,795.0,54567.43231770813
300.0,800.0,60239.2031139157
300.0,805.0,66105.13961555924
300.0,810.0,72145.33137455813
300.0,815.0,78339.02389375777
300.0,820.0,84664.76829355226
300.0,825.0,91100.5847695703
300.0,830.0,97624.13745381801
300.0,835.0,104212.9176249992
300.0,840.0,110844.43167322088
300.0,845.0,117496.38983548881
300.0,850.0,124146.89153005749
300.0,855.0,130774.60313144636
300.0,860.0,137358.92425879222
300.0,865.0,143880.13906667978
300.0,870.0,150319.54962327916
300.0,875.0,156659.58916667348
300.0,880.0,162883.91383088665
300.0,885.0,168977.47224823415
300.0,890.0,174926.5532348564
300.0,895.0,180718.81249827464
300.0,900.0,186343.27993343832
305.0,250.0,230927.6323073459
305.0,255.0,226385.18120123484
305.0,260.0,221606.72865619653
305.0,265.0,216594.34734019282
305.0,270.0,211351.4841018521
305.0,275.0,205883.02324830802
305.0,280.0,200195.33705152554
305.0,285.0,194296.32200168967
305.0,290.0,188195.41975370407
305.0,295.0,181903.622210021
305.0,300.0,175433.46070546214
305.0,305.0,168798.97978029185
305.0,310.0,162015.69650882753
305.0,315.0,155100.5467483647
305.0,320.0,148071.81996721865
305.0,325.0,140949.0844660901
305.0,330.0,133753.10482360542
305.0,335.0,126505.7532515157
305.0,340.0,119229.91627992812
305.0,345.0,111949.39779625124
305.0,350.0,104688.81900000783
305.0,355.0,97473.51531953187
305.0,360.0,90329.42984371544
305.0,365.0,83283.0023711204
305.0,370.0,76361.05283314508
305.0,375.0,69590.65764287245
305.0,380.0,62999.01747628171
305.0,385.0,56613.31513698344
305.0,390.0,50460.56248819047
305.0,395.0,44567.435936794274
305.0,400.0,38960.10061511053
305.0,405.0,33664.02416779629
305.0,410.0,28703.78188057328
305.0,415.0,24102.85571124142
305.0,420.0,19883.430551286154
305.0,425.0,16066.191690464622
305.0,430.0,12670.127920254874
305.0,435.0,9712.344958574331
305.0,440.0,7207.893869776429
305.0,445.0,5169.618883505681
305.0,450.0,3608.028496935763
305.0,455.0,2531.1929972296743
305.0,460.0,1944.6706247274162
305.0,465.0,1851.463564211477
305.0,470.0,2053.7556941897205
305.0,475.0,2222.905299897491
305.0,480.0,2347.4688287335725
305.0,485.0,2422.6831423584963
305.0,490.0,2445.949561582864
305.0,495.0,2416.872240547665
305.0,500.0,2337.2876479047945
305.0,505.0,2211.2787017753058
305.0,510.0,2045.1650079560884
305.0,515.0,1850.7815925512525
305.0,520.0,1943.6055881882885
305.0,525.0,2222.379518297257
305.0,530.0,2469.524256040896
305.0,535.0,2675.284956922746
305.0,540.0,2831.9743603561483
305.0,545.0,2934.025240545781
305.0,550.0,2978.037851184066
305.0,555.0,2962.823332249188
305.0,560.0,2889.4405500758894
305.0,565.0,2761.220678028003
305.0,570.0,2583.7714000102214
305.0,575.0,2364.9512726678317
305.0,580.0,2114.8047505222326
305.0,585.0,1856.5089356877088
305.0,590.0,1930.0074111325266
305.0,595.0,2173.5755721584196
305.0,600.0,2381.4904216311884
305.0,605.0,2545.4711600643222
305.0,610.0,2659.334721248524
305.0,615.0,2719.0437052798725
305.0,620.0,2722.7499072180817
305.0,625.0,2670.832049300057
305.0,630.0,2565.9230075971664
305.0,635.0,2412.919127340222
305.0,640.0,2218.9625124476934
305.0,645.0,1993.3867290459507
305.0,650.0,1828.7076684770445
305.0,655.0,1956.8798508925454
305.0,660.0,2058.731514301007
305.0,665.0,2114.6287395021627
305.0,670.0,2122.6793529632937
305.0,675.0,2083.1895009284394
305.0,680.0,1998.6862752260613
305.0,685.0,1873.9221539889909
305.0,690.0,1866.5692817899944
305.0,695.0,1924.8699830799455
305.0,700.0,1938.1835141609977
305.0,705.0,1906.60047082828
305.0,710.0,1832.8559745878304
305.0,715.0,2007.2340763528173
305.0,720.0,2674.5277238217127
305.0,725.0,3830.3297915325643
305.0,730.0,5377.474067328848
305.0,735.0,7253.822939539405
305.0,740.0,9458.953585630508
305.0,745.0,11990.997349823168
305.0,750.0,14846.623197430617
305.0,755.0,18021.027576832123
305.0,760.0,21507.93054929932
305.0,765.0,25299.578393544594
305.0,770.0,29386.753259782967
305.0,775.0,33758.79080722291
305.0,780.0,38403.60706500458
305.0,785.0,43307.735980505204
305.0,790.0,48456.379224918965
305.0,795.0,53833.46978938937
305.0,800.0,59421.750717037794
305.0,805.0,65202.86996636324
305.0,810.0,71157.4919122403
305.0,815.0,77265.42536987743
305.0,820.0,83505.76733078479
305.0,825.0,89857.0608526801
305.0,830.0,96297.46481586293
305.0,835.0,102804.93258555865
305.0,840.0,109357.39606839359
305.0,845.0,115932.95124737067
305.0,850.0,122510.04107248214
305.0,855.0,129067.63157611167
305.0,860.0,135585.37728970128
305.0,865.0,142043.7724308328
305.0,870.0,148424.28490270293
305.0,875.0,154709.47083373833
305.0,880.0,160883.0681688188
305.0,885.0,166930.06862630337
305.0,890.0,172836.7681276653
305.0,895.0,178590.79653587655
305.0,900.0,184181.1281683569
310.0,250.0,230927.6323073459
310.0,255.0,226385.18120123484
310.0,260.0,221606.72865619662
310.0,265.0,216594.3473401928
310.0,270.0,211351.48410185208
310.0,275.0,205883.0232483081
310.0,280.0,200195.33705152554
310.0,285.0,194296.32200168964
310.0,290.0,188195.41975370413
310.0,295.0,181903.622210021
310.0,300.0,175433.4607054622
310.0,305.0,168798.97978029185
310.0,310.0,162015.69650882753
310.0,315.0,155100.54674836464
310.0,320.0,148071.81996721865
310.0,325.0,140949.08446609008
310.0,330.0,133753.1048236054
310.0,335.0,126505.7532515157
310.0,340.0,119229.91627992812
310.0,345.0,111949.39779625121
310.0,350.0,104688.81900000782
310.0,355.0,97473.51531953187
310.0,360.0,90329.42984371544
310.0,365.0,83283.0023711204
310.0,370.0,76361.05283314512
310.0,375.0,69590.65764287251
310.0,380.0,62999.01747628171
310.0,385.0,56613.31513698341
310.0,390.0,50460.56248819044
310.0,395.0,44567.43593679432
310.0,400.0,38960.10061511051
310.0,405.0,33664.02416779631
310.0,410.0,28703.781880573268
310.0,415.0,24102.855711241387
310.0,420.0,19883.430551286154
310.0,425.0,16066.191690464588
310.0,430.0,12670.127920254898
310.0,435.0,9712.344958574331
310.0,440.0,7207.8938697764215
310.0,445.0,5169.618883505677
310.0,450.0,3608.028496935763
310.0,455.0,2531.192997229683
310.0,460.0,1944.6706247274178
310.0,465.0,1851.463564211475
310.0,470.0,2053.755694189716
310.0,475.0,2222.9052998974835
310.0,480.0,2347.4688287335725
310.0,485.0,2422.683142358497
310.0,490.0,2445.9495615828714
310.0,495.0,2416.8722405476656
310.0,500.0,2337.2876479047923
310.0,505.0,2211.278701775301
310.0,510.0,2045.1650079560907
310.0,515.0,1850.7815925512525
310.0,520.0,1943.6055881882928
310.0,525.0,2222.3795182972563
310.0,530.0,2469.524256040895
310.0,535.0,2675.284956922744
310.0,540.0,2831.9743603561483
310.0,545.0,2934.025240545779
310.0,550.0,2978.0378511840663
310.0,555.0,2962.823332249189
310.0,560.0,2889.440550075891
310.0,565.0,2761.2206780280067
310.0,570.0,2583.7714000102183
310.0,575.0,2364.9512726678386
310.0,580.0,2114.8047505222276
310.0,585.0,1856.5089356877083
310.0,590.0,1930.0074111325255
310.0,595.0,2173.575572158415
310.0,600.0,2381.4904216311866
310.0,605.0,2545.4711600643177
310.0,610.0,2659.334721248527
310.0,615.0,2719.0437052798716
310.0,620.0,2722.7499072180854
310.0,625.0,2670.83204930006
310.0,630.0,2565.923007597169
310.0,635.0,2412.9191273402203
310.0,640.0,2218.9625124476916
310.0,645.0,1993.3867290459536
310.0,650.0,1828.7076684770439
310.0,655.0,1956.879850892543
310.0,660.0,2058.7315143010064
310.0,665.0,2114.628739502162
310.0,670.0,2122.6793529632882
310.0,675.0,2083.189500928435
310.0,680.0,1998.6862752260581
310.0,685.0,1873.9221539889909
310.0,690.0,1866.569281789994
310.0,695.0,1924.8699830799512
310.0,700.0,1938.1835141610018
310.0,705.0,1906.600470828284
310.0,710.0,1832.8559745878297
310.0,715.0,2007.23407635282
310.0,720.0,2674.527723821712
310.0,725.0,3829.0335767930474
310.0,730.0,5362.461685046464
310.0,735.0,7217.698041667825
310.0,740.0,9394.441446011208
310.0,745.0,11891.003490367948
310.0,750.0,14704.290561368995
310.0,755.0,17829.79147071966
310.0,760.0,21261.57062977547
310.0,765.0,24992.26703565081
310.0,770.0,29013.099708301354
310.0,775.0,33313.880579082426
310.0,780.0,37883.03613851651
310.0,785.0,42707.639376052975
310.0,790.0,47773.45365258659
310.0,795.0,53064.990113219545
310.0,800.0,58565.58006456469
310.0,805.0,64257.46339709305
310.0,810.0,70121.89365040543
310.0,815.0,76139.25970501339
310.0,820.0,82289.22339305101
310.0,825.0,88550.87157615044
310.0,830.0,94902.88050876092
310.0,835.0,101323.68962752903
310.0,840.0,107791.68134665582
310.0,845.0,114285.36302145793
310.0,850.0,120783.54701687786
310.0,855.0,127265.52478812916
310.0,860.0,133711.23106409027
310.0,865.0,140101.3945920954
310.0,870.0,146417.67245147796
310.0,875.0,152642.7656071088
310.0,880.0,158760.5141391712
310.0,885.0,164755.97137383424
310.0,890.0,170615.4569225913
310.0,895.0,176326.5893629484
310.0,900.0,181878.29992333605
315.0,250.0,230927.6323073459
315.0,255.0,226385.18120123484
315.0,260.0,221606.72865619662
315.0,265.0,216594.3473401928
315.0,270.0,211351.48410185205
315.0,275.0,205883.0232483081
315.0,280.0,200195.33705152557
315.0,285.0,194296.32200168964
315.0,290.0,188195.4197537042
315.0,295.0,181903.62221002104
315.0,300.0,175433.46070546214
315.0,305.0,168798.97978029185
315.0,310.0,162015.69650882753
315.0,315.0,155100.5467483647
315.0,320.0,148071.8199672186
315.0,325.0,140949.08446609013
315.0,330.0,133753.10482360536
315.0,335.0,126505.7532515157
315.0,340.0,119229.91627992813
315.0,345.0,111949.39779625117
315.0,350.0,104688.81900000782
315.0,355.0,97473.51531953184
315.0,360.0,90329.42984371544
315.0,365.0,83283.00237112046
315.0,370.0,76361.05283314508
315.0,375.0,69590.65764287245
315.0,380.0,62999.01747628171
315.0,385.0,56613.31513698341
315.0,390.0,50460.562488190444
315.0,395.0,44567.435936794274
315.0,400.0,38960.10061511055
315.0,405.0,33664.02416779632
315.0,410.0,28703.781880573268
315.0,415.0,24102.855711241395
315.0,420.0,19883.430551286165
315.0,425.0,16066.191690464593
315.0,430.0,12670.127920254885
315.0,435.0,9712.344958574331
315.0,440.0,7207.893869776429
315.0,445.0,5169.618883505677
315.0,450.0,3608.028496935757
315.0,455.0,2531.192997229683
315.0,460.0,1944.6706247274178
315.0,465.0,1851.463564211477
315.0,470.0,2053.755694189718
315.0,475.0,2222.9052998974857
315.0,480.0,2347.4688287335716
315.0,485.0,2422.6831423585036
315.0,490.0,2445.949561582862
315.0,495.0,2416.872240547669
315.0,500.0,2337.2876479047923
315.0,505.0,2211.278701775298
315.0,510.0,2045.1650079560907
315.0,515.0,1850.7815925512525
315.0,520.0,1943.605588188295
315.0,525.0,2222.3795182972494
315.0,530.0,2469.5242560408965
315.0,535.0,2675.284956922748
315.0,540.0,2831.974360356153
315.0,545.0,2934.025240545785
315.0,550.0,2978.0378511840713
315.0,555.0,2962.82333224919
315.0,560.0,2889.4405500758908
315.0,565.0,2761.2206780280076
315.0,570.0,2583.7714000102173
315.0,575.0,2364.951272667842
315.0,580.0,2114.8047505222326
315.0,585.0,1856.5089356877086
315.0,590.0,1930.0074111325198
315.0,595.0,2173.575572158415
315.0,600.0,2381.4904216311897
315.0,605.0,2545.471160064325
315.0,610.0,2659.3347212485214
315.0,615.0,2719.04370527987
315.0,620.0,2722.7499072180776
315.0,625.0,2670.8320493000606
315.0,630.0,2565.923007597169
315.0,635.0,2412.919127340216
315.0,640.0,2218.9625124476865
315.0,645.0,1993.3867290459543
315.0,650.0,1828.707668477042
315.0,655.0,1956.8798508925404
315.0,660.0,2058.7315143010055
315.0,665.0,2114.628739502151
315.0,670.0,2122.6793529632937
315.0,675.0,2083.189500928438
315.0,680.0,1998.6862752260586
315.0,685.0,1873.922153988992
315.0,690.0,1866.5692817899915
315.0,695.0,1924.8699830799435
315.0,700.0,1938.1835141610004
315.0,705.0,1906.600470828281
315.0,710.0,1832.8559745878304
315.0,715.0,2007.23407635282
315.0,720.0,2674.527723821714
315.0,725.0,3827.062544009455
315.0,730.0,5345.732633201833
315.0,735.0,7178.645709491046
315.0,740.0,9325.609055127254
315.0,745.0,11785.101806741195
315.0,750.0,14554.255751632076
315.0,755.0,17628.840984691156
315.0,760.0,21003.25638951783
315.0,765.0,24670.525266278175
315.0,770.0,28622.29680385777
315.0,775.0,32848.8544564465
315.0,780.0,37339.13259284295
315.0,785.0,42080.74301297617
315.0,790.0,47060.01303639545
315.0,795.0,52262.03683809084
315.0,800.0,57670.741529421655
315.0,805.0,63268.96914535612
315.0,810.0,69038.57522466301
315.0,815.0,74960.54406366943
315.0,820.0,81015.12004005666
315.0,825.0,87181.95366390924
315.0,830.0,93440.26028471657
315.0,835.0,99768.98870262405
315.0,840.0,106146.99636382563
315.0,845.0,112553.22738973038
315.0,850.0,118966.88944669485
315.0,855.0,125367.62541238514
315.0,860.0,131735.67595422838
315.0,865.0,138052.02947819539
315.0,870.0,144298.55642962636
315.0,875.0,150458.1255683587
315.0,880.0,156514.7005849388
315.0,885.0,162453.41619691884
315.0,890.0,168260.6336359156
315.0,895.0,173923.97615477155
315.0,900.0,179432.3458132159
320.0,250.0,230927.63230734586
320.0,255.0,226385.18120123484
320.0,260.0,221606.72865619653
320.0,265.0,216594.34734019282
320.0,270.0,211351.48410185205
320.0,275.0,205883.02324830808
320.0,280.0,200195.33705152554
320.0,285.0,194296.3220016897
320.0,290.0,188195.41975370413
320.0,295.0,181903.622210021
320.0,300.0,175433.46070546226
320.0,305.0,168798.97978029185
320.0,310.0,162015.69650882753
320.0,315.0,155100.5467483646
320.0,320.0,148071.8199672186
320.0,325.0,140949.08446609016
320.0,330.0,133753.1048236054
320.0,335.0,126505.7532515157
320.0,340.0,119229.91627992812
320.0,345.0,111949.39779625121
320.0,350.0,104688.81900000779
320.0,355.0,97473.51531953187
320.0,360.0,90329.42984371544
320.0,365.0,83283.0023711204
320.0,370.0,76361.0528331451
320.0,375.0,69590.65764287245
320.0,380.0,62999.01747628171
320.0,385.0,56613.31513698341
320.0,390.0,50460.562488190444
320.0,395.0,44567.435936794274
320.0,400.0,38960.10061511052
320.0,405.0,33664.02416779632
320.0,410.0,28703.78188057326
320.0,415.0,24102.855711241406
320.0,420.0,19883.43055128612
320.0,425.0,16066.191690464588
320.0,430.0,12670.127920254892
320.0,435.0,9712.344958574331
320.0,440.0,7207.8938697764215
320.0,445.0,5169.618883505677
320.0,450.0,3608.028496935763
320.0,455.0,2531.1929972296757
320.0,460.0,1944.6706247274083
320.0,465.0,1851.463564211477
320.0,470.0,2053.7556941897187
320.0,475.0,2222.9052998974876
320.0,480.0,2347.4688287335725
320.0,485.0,2422.6831423584963
320.0,490.0,2445.949561582867
320.0,495.0,2416.8722405476597
320.0,500.0,2337.2876479047914
320.0,505.0,2211.278701775308
320.0,510.0,2045.1650079560934
320.0,515.0,1850.7815925512525
320.0,520.0,1943.605588188289
320.0,525.0,2222.37951829726
320.0,530.0,2469.524256040898
320.0,535.0,2675.284956922748
320.0,540.0,2831.974360356153
320.0,545.0,2934.025240545784
320.0,550.0,2978.037851184077
320.0,555.0,2962.8233322491924
320.0,560.0,2889.4405500758935
320.0,565.0,2761.2206780280103
320.0,570.0,2583.771400010218
320.0,575.0,2364.9512726678377
320.0,580.0,2114.804750522228
320.0,585.0,1856.508935687707
320.0,590.0,1930.0074111325262
320.0,595.0,2173.575572158417
320.0,600.0,2381.4904216311857
320.0,605.0,2545.4711600643277
320.0,610.0,2659.3347212485232
320.0,615.0,2719.0437052798684
320.0,620.0,2722.7499072180804
320.0,625.0,2670.8320493000556
320.0,630.0,2565.9230075971695
320.0,635.0,2412.919127340223
320.0,640.0,2218.96251244769
320.0,645.0,1993.3867290459539
320.0,650.0,1828.7076684770439
320.0,655.0,1956.8798508925445
320.0,660.0,2058.7315143010082
320.0,665.0,2114.628739502158
320.0,670.0,2122.679352963288
320.0,675.0,2083.189500928436
320.0,680.0,1998.6862752260656
320.0,685.0,1873.922153988992
320.0,690.0,1866.5692817899944
320.0,695.0,1924.869983079949
320.0,700.0,1938.1835141610047
320.0,705.0,1906.60047082828
320.0,710.0,1832.85597458783
320.0,715.0,2007.2340763528132
320.0,720.0,2674.5277238217127
320.0,725.0,3824.3275585395218
320.0,730.0,5327.181512799517
320.0,735.0,7136.551328720227
320.0,740.0,9252.339733614737
320.0,745.0,11673.180627794887
320.0,750.0,14396.418911445351
320.0,755.0,17418.09441798071
320.0,760.0,20732.929961635622
320.0,765.0,24334.323870973432
320.0,770.0,28214.347757514828
320.0,775.0,32363.750632219868
320.0,780.0,36771.97079124332
320.0,785.0,41427.1571196005
320.0,790.0,46316.201574005245
320.0,795.0,51424.78458104771
320.0,800.0,56737.43491560194
320.0,805.0,62237.60529603446
320.0,810.0,67907.76446763247
320.0,815.0,73729.5059495524
320.0,820.0,79683.67294533706
320.0,825.0,85750.49818476202
320.0,830.0,91909.75673976875
320.0,835.0,98140.92917613829
320.0,840.0,104423.37182828123
320.0,845.0,110736.49054323898
320.0,850.0,117059.91398091923
320.0,855.0,123373.66248634919
320.0,860.0,129658.30868521066
320.0,865.0,135895.12627105162
320.0,870.0,142066.22394989314
320.0,875.0,148154.66212384537
320.0,880.0,154144.55061773333
320.0,885.0,160021.12650691412
320.0,890.0,165770.81186277652
320.0,895.0,171381.25194294503
320.0,900.0,176841.33497939224
325.0,250.0,230927.6323073459
325.0,255.0,226385.18120123484
325.0,260.0,221606.72865619662
325.0,265.0,216594.3473401928
325.0,270.0,211351.48410185205
325.0,275.0,205883.02324830808
325.0,280.0,200195.33705152554
325.0,285.0,194296.3220016897
325.0,290.0,188195.41975370407
325.0,295.0,181903.622210021
325.0,300.0,175433.46070546214
325.0,305.0,168798.97978029185
325.0,310.0,162015.69650882756
325.0,315.0,155100.54674836464
325.0,320.0,148071.81996721865
325.0,325.0,140949.08446609008
325.0,330.0,133753.10482360536
325.0,335.0,126505.7532515157
325.0,340.0,119229.91627992812
325.0,345.0,111949.39779625123
325.0,350.0,104688.8190000078
325.0,355.0,97473.51531953189
325.0,360.0,90329.42984371544
325.0,365.0,83283.00237112046
325.0,370.0,76361.05283314515
325.0,375.0,69590.65764287245
325.0,380.0,62999.01747628171
325.0,385.0,56613.31513698341
325.0,390.0,50460.56248819047
325.0,395.0,44567.435936794274
325.0,400.0,38960.10061511052
325.0,405.0,33664.02416779632
325.0,410.0,28703.781880573275
325.0,415.0,24102.855711241395
325.0,420.0,19883.430551286165
325.0,425.0,16066.191690464595
325.0,430.0,12670.127920254892
325.0,435.0,9712.344958574331
325.0,440.0,7207.893869776422
325.0,445.0,5169.618883505677
325.0,450.0,3608.028496935764
325.0,455.0,2531.1929972296743
325.0,460.0,1944.6706247274162
325.0,465.0,1851.4635642114708
325.0,470.0,2053.755694189714
325.0,475.0,2222.9052998974926
325.0,480.0,2347.4688287335757
325.0,485.0,2422.6831423584963
325.0,490.0,2445.949561582867
325.0,495.0,2416.8722405476638
325.0,500.0,2337.2876479047945
325.0,505.0,2211.2787017753067
325.0,510.0,2045.1650079560873
325.0,515.0,1850.7815925512525
325.0,520.0,1943.6055881882876
325.0,525.0,2222.3795182972563
325.0,530.0,2469.524256040895
325.0,535.0,2675.284956922746
325.0,540.0,2831.9743603561483
325.0,545.0,2934.025240545783
325.0,550.0,2978.037851184066
325.0,555.0,2962.8233322491874
325.0,560.0,2889.4405500758926
325.0,565.0,2761.2206780280076
325.0,570.0,2583.7714000102173
325.0,575.0,2364.9512726678377
325.0,580.0,2114.8047505222326
325.0,585.0,1856.508935687708
325.0,590.0,1930.0074111325252
325.0,595.0,2173.575572158421
325.0,600.0,2381.490421631185
325.0,605.0,2545.4711600643177
325.0,610.0,2659.3347212485214
325.0,615.0,2719.0437052798684
325.0,620.0,2722.7499072180804
325.0,625.0,2670.8320493000606
325.0,630.0,2565.9230075971695
325.0,635.0,2412.9191273402175
325.0,640.0,2218.9625124476916
325.0,645.0,1993.3867290459468
325.0,650.0,1828.7076684770448
325.0,655.0,1956.8798508925395
325.0,660.0,2058.7315143010037
325.0,665.0,2114.628739502158
325.0,670.0,2122.679352963293
325.0,675.0,2083.1895009284326
325.0,680.0,1998.6862752260613
325.0,685.0,1873.9221539889909
325.0,690.0,1866.5692817899944
325.0,695.0,1924.8699830799358
325.0,700.0,1938.1835141609997
325.0,705.0,1906.6004708282805
325.0,710.0,1832.8559745878304
325.0,715.0,2007.23407635282
325.0,720.0,2674.527723821716
325.0,725.0,3820.7384039642525
325.0,730.0,5306.705147726733
325.0,735.0,7091.306471489311
325.0,740.0,9174.5277146803
325.0,745.0,11555.14478652101
325.0,750.0,14230.703244989878
325.0,755.0,17197.500747370585
325.0,760.0,20450.57291990937
325.0,765.0,23983.68306198081
325.0,770.0,27789.316479305642
325.0,775.0,31858.680604511497
325.0,780.0,36181.71237200792
325.0,785.0,40747.094542050894
325.0,790.0,45542.2827838118
325.0,795.0,50553.545306702516
325.0,800.0,55766.016664794304
325.0,805.0,61163.76704001004
325.0,810.0,66729.88785525972
325.0,815.0,72446.59398404427
325.0,820.0,78295.34215852394
325.0,825.0,84256.96445476146
325.0,830.0,90311.81501450726
325.0,835.0,96439.92748321999
325.0,840.0,102621.18006585901
325.0,845.0,108835.46465142885
325.0,850.0,115062.85618331161
325.0,855.0,121283.77836156877
325.0,860.0,127479.16187534289
325.0,865.0,133630.5916547979
325.0,870.0,139720.44010253096
325.0,875.0,145731.9838544846
325.0,880.0,151649.50231912232
325.0,885.0,157458.35697800183
325.0,890.0,163145.05117391722
325.0,895.0,168697.27081327373
325.0,900.0,174103.90703086148
330.0,250.0,230927.6323073458
330.0,255.0,226385.1812012348
330.0,260.0,221606.72865619653
330.0,265.0,216594.3473401928
330.0,270.0,211351.4841018521
330.0,275.0,205883.02324830802
330.0,280.0,200195.33705152554
330.0,285.0,194296.32200168964
330.0,290.0,188195.41975370413
330.0,295.0,181903.622210021
330.0,300.0,175433.4607054622
330.0,305.0,168798.97978029185
330.0,310.0,162015.6965088276
330.0,315.0,155100.5467483646
330.0,320.0,148071.81996721865
330.0,325.0,140949.08446609008
330.0,330.0,133753.10482360542
330.0,335.0,126505.7532515157
330.0,340.0,119229.91627992813
330.0,345.0,111949.39779625121
330.0,350.0,104688.81900000779
330.0,355.0,97473.51531953187
330.0,360.0,90329.42984371539
330.0,365.0,83283.00237112046
330.0,370.0,76361.05283314512
330.0,375.0,69590.65764287251
330.0,380.0,62999.01747628171
330.0,385.0,56613.31513698344
330.0,390.0,50460.56248819044
330.0,395.0,44567.43593679427
330.0,400.0,38960.10061511052
330.0,405.0,33664.02416779632
330.0,410.0,28703.781880573275
330.0,415.0,24102.855711241384
330.0,420.0,19883.430551286154
330.0,425.0,16066.191690464591
330.0,430.0,12670.127920254892
330.0,435.0,9712.344958574331
330.0,440.0,7207.893869776439
330.0,445.0,5169.618883505681
330.0,450.0,3608.028496935763
330.0,455.0,2531.1929972296834
330.0,460.0,1944.6706247274162
330.0,465.0,1851.4635642114747
330.0,470.0,2053.7556941897183
330.0,475.0,2222.9052998974876
330.0,480.0,2347.4688287335725
330.0,485.0,2422.683142358498
330.0,490.0,2445.9495615828723
330.0,495.0,2416.8722405476656
330.0,500.0,2337.2876479047927
330.0,505.0,2211.278701775302
330.0,510.0,2045.1650079560857
330.0,515.0,1850.7815925512525
330.0,520.0,1943.6055881882944
330.0,525.0,2222.379518297255
330.0,530.0,2469.5242560409006
330.0,535.0,2675.284956922746
330.0,540.0,2831.974360356146
330.0,545.0,2934.0252405457877
330.0,550.0,2978.037851184071
330.0,555.0,2962.823332249185
330.0,560.0,2889.44055007589
330.0,565.0,2761.2206780280076
330.0,570.0,2583.771400010223
330.0,575.0,2364.9512726678395
330.0,580.0,2114.804750522237
330.0,585.0,1856.5089356877065
330.0,590.0,1930.0074111325268
330.0,595.0,2173.575572158415
330.0,600.0,2381.4904216311884
330.0,605.0,2545.471160064322
330.0,610.0,2659.3347212485232
330.0,615.0,2719.0437052798675
330.0,620.0,2722.749907218083
330.0,625.0,2670.8320493000615
330.0,630.0,2565.923007597164
330.0,635.0,2412.919127340216
330.0,640.0,2218.962512447734
330.0,645.0,1993.3867290459505
330.0,650.0,1828.7076684770434
330.0,655.0,1956.8798508925395
330.0,660.0,2058.731514301008
330.0,665.0,2114.628739502158
330.0,670.0,2122.679352963292
330.0,675.0,2083.189500928438
330.0,680.0,1998.6862752260595
330.0,685.0,1873.9221539889888
330.0,690.0,1866.5692817899912
330.0,695.0,1924.8699830799399
330.0,700.0,1938.1835141610043
330.0,705.0,1906.6004708282805
330.0,710.0,1832.8559745878238
330.0,715.0,2007.23407635282
330.0,720.0,2674.527723821716
330.0,725.0,3816.2044093159493
330.0,730.0,5284.203361997695
330.0,735.0,7042.809856754493
330.0,740.0,9092.079318279068
330.0,745.0,11430.91703694175
330.0,750.0,14057.056705379378
330.0,755.0,16967.04161546674
330.0,760.0,20156.20859901918
330.0,765.0,23618.675166264653
330.0,770.0,27347.33067588609
330.0,775.0,31333.832733525465
330.0,780.0,35568.61032362783
330.0,785.0,40040.87540762148
330.0,790.0,44738.64483846645
330.0,795.0,49648.77442565018
330.0,800.0,54757.0068275614
330.0,805.0,60048.03463892703
330.0,810.0,65505.57959824183
330.0,815.0,71112.48826840763
330.0,820.0,76850.84389175623
330.0,825.0,82702.0934083592
330.0,830.0,88647.18791500918
330.0,835.0,94666.73416622056
330.0,840.0,100741.15413868986
330.0,845.0,106850.84922273284
330.0,850.0,112976.36531697605
330.0,855.0,119098.55499325453
330.0,860.0,125198.73298770597
330.0,865.0,131258.82153963184
330.0,870.0,137261.48254289725
330.0,875.0,143190.23403799857
330.0,880.0,149029.54924664306
330.0,885.0,154764.9370635857
330.0,890.0,160383.0036463863
330.0,895.0,165871.49543228906
330.0,900.0,171219.32452641483
335.0,250.0,230927.6323073459
335.0,255.0,226385.18120123478
335.0,260.0,221606.7286561966
335.0,265.0,216594.34734019282
335.0,270.0,211351.48410185205
335.0,275.0,205883.0232483081
335.0,280.0,200195.33705152557
335.0,285.0,194296.32200168967
335.0,290.0,188195.41975370407
335.0,295.0,181903.62221002107
335.0,300.0,175433.46070546212
335.0,305.0,168798.97978029185
335.0,310.0,162015.69650882753
335.0,315.0,155100.5467483646
335.0,320.0,148071.8199672186
335.0,325.0,140949.08446609013
335.0,330.0,133753.1048236054
335.0,335.0,126505.7532515157
335.0,340.0,119229.91627992812
335.0,345.0,111949.39779625123
335.0,350.0,104688.81900000779
335.0,355.0,97473.51531953189
335.0,360.0,90329.42984371539
335.0,365.0,83283.0023711204
335.0,370.0,76361.0528331451
335.0,375.0,69590.65764287251
335.0,380.0,62999.01747628171
335.0,385.0,56613.31513698341
335.0,390.0,50460.56248819044
335.0,395.0,44567.435936794274
335.0,400.0,38960.10061511053
335.0,405.0,33664.02416779629
335.0,410.0,28703.781880573268
335.0,415.0,24102.855711241387
335.0,420.0,19883.430551286165
335.0,425.0,16066.19169046462
335.0,430.0,12670.127920254898
335.0,435.0,9712.344958574336
335.0,440.0,7207.893869776439
335.0,445.0,5169.618883505677
335.0,450.0,3608.028496935764
335.0,455.0,2531.192997229681
335.0,460.0,1944.6706247274162
335.0,465.0,1851.463564211477
335.0,470.0,2053.7556941897205
335.0,475.0,2222.9052998974917
335.0,480.0,2347.4688287335716
335.0,485.0,2422.6831423585013
335.0,490.0,2445.9495615828687
335.0,495.0,2416.87224054766
335.0,500.0,2337.2876479047927
335.0,505.0,2211.2787017753058
335.0,510.0,2045.1650079560934
335.0,515.0,1850.7815925512525
335.0,520.0,1943.605588188293
335.0,525.0,2222.3795182972585
335.0,530.0,2469.524256040894
335.0,535.0,2675.284956922744
335.0,540.0,2831.974360356146
335.0,545.0,2934.02524054579
335.0,550.0,2978.037851184064
335.0,555.0,2962.823332249187
335.0,560.0,2889.4405500758944
335.0,565.0,2761.2206780280076
335.0,570.0,2583.7714000102183
335.0,575.0,2364.951272667837
335.0,580.0,2114.8047505222303
335.0,585.0,1856.508935687707
335.0,590.0,1930.0074111325255
335.0,595.0,2173.575572158415
335.0,600.0,2381.4904216311857
335.0,605.0,2545.4711600643177
335.0,610.0,2659.334721248517
335.0,615.0,2719.0437052798666
335.0,620.0,2722.749907218077
335.0,625.0,2670.8320493000638
335.0,630.0,2565.9230075971645
335.0,635.0,2412.919127340223
335.0,640.0,2218.962512447695
335.0,645.0,1993.3867290459507
335.0,650.0,1828.707668477042
335.0,655.0,1956.879850892545
335.0,660.0,2058.731514301008
335.0,665.0,2114.628739502158
335.0,670.0,2122.6793529632896
335.0,675.0,2083.1895009284376
335.0,680.0,1998.6862752260613
335.0,685.0,1873.9221539889918
335.0,690.0,1866.569281789993
335.0,695.0,1924.8699830799414
335.0,700.0,1938.1835141610056
335.0,705.0,1906.6004708282737
335.0,710.0,1832.85597458783
335.0,715.0,2007.2340763528205
335.0,720.0,2674.5277238217127
335.0,725.0,3810.635088664933
335.0,730.0,5259.579769923603
335.0,735.0,6990.9683247995035
335.0,740.0,9004.914139919589
335.0,745.0,11300.439484195485
335.0,750.0,13875.453691161854
335.0,755.0,16726.733318337017
335.0,760.0,19849.90439930397
335.0,765.0,23239.42727649803
335.0,770.0,26888.584881947885
335.0,775.0,30789.475694661603
335.0,780.0,34933.01290982371
335.0,785.0,39308.931582688216
335.0,790.0,43905.80562881913
335.0,795.0,48711.07655090827
335.0,800.0,53711.09561276138
335.0,805.0,58891.18088230993
335.0,810.0,64235.690135469275
335.0,815.0,69728.11005521934
335.0,820.0,75351.16152239233
335.0,825.0,81086.92009535873
335.0,830.0,86916.95007425224
335.0,835.0,92822.4498752361
335.0,840.0,98784.40586086348
335.0,845.0,104783.75130935843
335.0,850.0,110801.52690687617
335.0,855.0,116819.0390203659
335.0,860.0,122818.01207566574
335.0,865.0,128780.73160565246
335.0,870.0,134690.1749489579
335.0,875.0,140530.1271156651
335.0,880.0,146285.27998390642
335.0,885.0,151941.31368119377
335.0,890.0,157484.9597113431
335.0,895.0,162904.04606257117
335.0,900.0,168187.52513895227
340.0,250.0,230927.6323073459
340.0,255.0,226385.18120123484
340.0,260.0,221606.7286561966
340.0,265.0,216594.34734019282
340.0,270.0,211351.48410185205
340.0,275.0,205883.0232483081
340.0,280.0,200195.33705152554
340.0,285.0,194296.32200168967
340.0,290.0,188195.41975370416
340.0,295.0,181903.622210021
340.0,300.0,175433.46070546214
340.0,305.0,168798.97978029185
340.0,310.0,162015.69650882756
340.0,315.0,155100.54674836464
340.0,320.0,148071.8199672186
340.0,325.0,140949.0844660901
340.0,330.0,133753.10482360536
340.0,335.0,126505.7532515157
340.0,340.0,119229.91627992812
340.0,345.0,111949.39779625121
340.0,350.0,104688.81900000782
340.0,355.0,97473.51531953187
340.0,360.0,90329.42984371544
340.0,365.0,83283.00237112046
340.0,370.0,76361.0528331451
340.0,375.0,69590.65764287245
340.0,380.0,62999.01747628171
340.0,385.0,56613.31513698344
340.0,390.0,50460.56248819047
340.0,395.0,44567.435936794274
340.0,400.0,38960.10061511053
340.0,405.0,33664.02416779632
340.0,410.0,28703.781880573282
340.0,415.0,24102.855711241406
340.0,420.0,19883.430551286165
340.0,425.0,16066.19169046459
340.0,430.0,12670.127920254898
340.0,435.0,9712.344958574331
340.0,440.0,7207.893869776439
340.0,445.0,5169.618883505677
340.0,450.0,3608.028496935764
340.0,455.0,2531.1929972296834
340.0,460.0,1944.6706247274099
340.0,465.0,1851.463564211477
340.0,470.0,2053.7556941897165
340.0,475.0,2222.9052998974853
340.0,480.0,2347.4688287335725
340.0,485.0,2422.6831423585013
340.0,490.0,2445.9495615828673
340.0,495.0,2416.8722405476633
340.0,500.0,2337.2876479047923
340.0,505.0,2211.2787017753076
340.0,510.0,2045.165007956089
340.0,515.0,1850.7815925512523
340.0,520.0,1943.6055881882935
340.0,525.0,2222.3795182972585
340.0,530.0,2469.5242560408983
340.0,535.0,2675.2849569227487
340.0,540.0,2831.9743603561597
340.0,545.0,2934.02524054579
340.0,550.0,2978.0378511840654
340.0,555.0,2962.8233322491874
340.0,560.0,2889.4405500758944
340.0,565.0,2761.220678028013
340.0,570.0,2583.7714000102233
340.0,575.0,2364.951272667838
340.0,580.0,2114.804750522229
340.0,585.0,1856.5089356877083
340.0,590.0,1930.0074111325216
340.0,595.0,2173.5755721584214
340.0,600.0,2381.4904216311866
340.0,605.0,2545.4711600643222
340.0,610.0,2659.3347212485205
340.0,615.0,2719.043705279871
340.0,620.0,2722.7499072180854
340.0,625.0,2670.8320493000533
340.0,630.0,2565.9230075971627
340.0,635.0,2412.919127340223
340.0,640.0,2218.962512447689
340.0,645.0,1993.3867290459536
340.0,650.0,1828.7076684770439
340.0,655.0,1956.879850892545
340.0,660.0,2058.731514301005
340.0,665.0,2114.628739502164
340.0,670.0,2122.679352963289
340.0,675.0,2083.189500928435
340.0,680.0,1998.6862752260608
340.0,685.0,1873.9221539889918
340.0,690.0,1866.5692817899983
340.0,695.0,1924.8699830799414
340.0,700.0,1938.1835141610047
340.0,705.0,1906.60047082828
340.0,710.0,1832.8559745878304
340.0,715.0,2007.2340763528164
340.0,720.0,2674.5277238217127
340.0,725.0,3803.940790833856
340.0,730.0,5232.742576313815
340.0,735.0,6935.697820235252
340.0,740.0,8912.966243699306
340.0,745.0,11163.6750105711
340.0,750.0,13685.896725194334
340.0,755.0,16476.62875541894
340.0,760.0,19531.774025995834
340.0,765.0,22846.123799983267
340.0,770.0,26413.34334336175
340.0,775.0,30225.961726766505
340.0,780.0,34275.367322279475
340.0,785.0,38551.810779807405
340.0,790.0,43044.417387565656
340.0,795.0,47741.210714076304
340.0,800.0,52629.14928704121
340.0,805.0,57694.17777667689
340.0,810.0,62921.29373458335
340.0,815.0,68294.63039724094
340.0,820.0,73797.5554410374
340.0,825.0,79412.78489127496
340.0,830.0,85122.51069814381
340.0,835.0,90908.53983065691
340.0,840.0,96752.4421628287
340.0,845.0,102635.70396002533
340.0,850.0,108539.88346504621
340.0,855.0,114446.76494152193
340.0,860.0,120338.50757830261
340.0,865.0,126197.78587390007
340.0,870.0,132007.9185082662
340.0,875.0,137752.98321714392
340.0,880.0,143417.9158045465
340.0,885.0,148988.5920944815
340.0,890.0,154451.89230951978
340.0,895.0,159795.748022905
340.0,900.0,165009.17242727458
345.0,250.0,230927.63230734586
345.0,255.0,226385.18120123478
345.0,260.0,221606.72865619662
345.0,265.0,216594.34734019282
345.0,270.0,211351.48410185208
345.0,275.0,205883.02324830802
345.0,280.0,200195.33705152557
345.0,285.0,194296.3220016897
345.0,290.0,188195.41975370407
345.0,295.0,181903.622210021
345.0,300.0,175433.46070546214
345.0,305.0,168798.97978029185
345.0,310.0,162015.69650882756
345.0,315.0,155100.54674836458
345.0,320.0,148071.81996721865
345.0,325.0,140949.08446609013
345.0,330.0,133753.1048236054
345.0,335.0,126505.7532515157
345.0,340.0,119229.91627992812
345.0,345.0,111949.39779625121
345.0,350.0,104688.81900000782
345.0,355.0,97473.51531953189
345.0,360.0,90329.42984371544
345.0,365.0,83283.00237112046
345.0,370.0,76361.0528331451
345.0,375.0,69590.65764287245
345.0,380.0,62999.01747628171
345.0,385.0,56613.315136983445
345.0,390.0,50460.56248819047
345.0,395.0,44567.43593679429
345.0,400.0,38960.10061511052
345.0,405.0,33664.02416779632
345.0,410.0,28703.781880573268
345.0,415.0,24102.855711241384
345.0,420.0,19883.430551286165
345.0,425.0,16066.191690464588
345.0,430.0,12670.127920254898
345.0,435.0,9712.344958574336
345.0,440.0,7207.893869776425
345.0,445.0,5169.618883505677
345.0,450.0,3608.028496935757
345.0,455.0,2531.1929972296834
345.0,460.0,1944.6706247274099
345.0,465.0,1851.4635642114702
345.0,470.0,2053.7556941897196
345.0,475.0,2222.9052998974857
345.0,480.0,2347.468828733575
345.0,485.0,2422.683142358498
345.0,490.0,2445.9495615828655
345.0,495.0,2416.872240547664
345.0,500.0,2337.287647904792
345.0,505.0,2211.2787017753085
345.0,510.0,2045.1650079560902
345.0,515.0,1850.7815925512525
345.0,520.0,1943.6055881882944
345.0,525.0,2222.37951829726
345.0,530.0,2469.524256040901
345.0,535.0,2675.2849569227496
345.0,540.0,2831.974360356155
345.0,545.0,2934.0252405457863
345.0,550.0,2978.0378511840618
345.0,555.0,2962.823332249187
345.0,560.0,2889.4405500758853
345.0,565.0,2761.2206780280076
345.0,570.0,2583.771400010223
345.0,575.0,2364.951272667835
345.0,580.0,2114.804750522233
345.0,585.0,1856.508935687707
345.0,590.0,1930.0074111325212
345.0,595.0,2173.575572158415
345.0,600.0,2381.4904216311875
345.0,605.0,2545.4711600643213
345.0,610.0,2659.334721248527
345.0,615.0,2719.0437052798748
345.0,620.0,2722.749907218087
345.0,625.0,2670.83204930006
345.0,630.0,2565.9230075971636
345.0,635.0,2412.9191273402184
345.0,640.0,2218.96251244769
345.0,645.0,1993.38672904595
345.0,650.0,1828.7076684770445
345.0,655.0,1956.8798508925418
345.0,660.0,2058.7315143010037
345.0,665.0,2114.6287395021645
345.0,670.0,2122.679352963292
345.0,675.0,2083.189500928435
345.0,680.0,1998.6862752260608
345.0,685.0,1873.9221539889909
345.0,690.0,1866.5692817899962
345.0,695.0,1924.8699830799405
345.0,700.0,1938.183514160999
345.0,705.0,1906.600470828282
345.0,710.0,1832.85597458783
345.0,715.0,2007.234076352821
345.0,720.0,2674.5277238217127
345.0,725.0,3796.033356976815
345.0,730.0,5203.6053827135875
345.0,735.0,6876.92437549663
345.0,740.0,8816.18534529634
345.0,745.0,11020.608674678631
345.0,750.0,13488.418082300304
345.0,755.0,16216.819295114437
345.0,760.0,19201.979601163068
345.0,765.0,22439.008826379395
345.0,770.0,25921.942653394544
345.0,775.0,29643.729555159065
345.0,780.0,33596.22291676702
345.0,785.0,37770.18014347666
345.0,790.0,42155.270673526946
345.0,795.0,46740.094811179755
345.0,800.0,51512.21516090985
345.0,805.0,56458.202167124145
345.0,810.0,61563.69486145372
345.0,815.0,66813.47739418595
345.0,820.0,72191.57132132034
345.0,825.0,77681.34295087725
345.0,830.0,83265.62437674539
345.0,835.0,88926.84617673514
345.0,840.0,94647.17917982965
345.0,845.0,100408.68224039713
345.0,850.0,106193.45264121128
345.0,855.0,111983.77559138261
345.0,860.0,117762.26931178113
345.0,865.0,123512.02239196816
345.0,870.0,129216.72046367756
345.0,875.0,134860.7597156491
345.0,880.0,140429.34536699366
345.0,885.0,145908.57385629305
345.0,890.0,151285.49816808038
345.0,895.0,156548.17636008855
345.0,900.0,161685.703939004
350.0,250.0,230927.6323073459
350.0,255.0,226385.18120123478
350.0,260.0,221606.72865619647
350.0,265.0,216594.3473401928
350.0,270.0,211351.4841018521
350.0,275.0,205883.02324830802
350.0,280.0,200195.33705152554
350.0,285.0,194296.32200168967
350.0,290.0,188195.41975370407
350.0,295.0,181903.622210021
350.0,300.0,175433.46070546214
350.0,305.0,168798.97978029185
350.0,310.0,162015.6965088276
350.0,315.0,155100.54674836464
350.0,320.0,148071.8199672186
350.0,325.0,140949.08446609008
350.0,330.0,133753.1048236054
350.0,335.0,126505.75325151568
350.0,340.0,119229.91627992813
350.0,345.0,111949.39779625123
350.0,350.0,104688.81900000779
350.0,355.0,97473.51531953186
350.0,360.0,90329.42984371544
350.0,365.0,83283.0023711204
350.0,370.0,76361.0528331451
350.0,375.0,69590.65764287251
350.0,380.0,62999.01747628171
350.0,385.0,56613.31513698341
350.0,390.0,50460.56248819047
350.0,395.0,44567.435936794274
350.0,400.0,38960.10061511053
350.0,405.0,33664.02416779632
350.0,410.0,28703.781880573275
350.0,415.0,24102.855711241395
350.0,420.0,19883.430551286165
350.0,425.0,16066.191690464593
350.0,430.0,12670.12792025489
350.0,435.0,9712.344958574331
350.0,440.0,7207.8938697764215
350.0,445.0,5169.618883505669
350.0,450.0,3608.0284969357567
350.0,455.0,2531.1929972296834
350.0,460.0,1944.6706247274099
350.0,465.0,1851.463564211477
350.0,470.0,2053.755694189716
350.0,475.0,2222.9052998974917
350.0,480.0,2347.468828733577
350.0,485.0,2422.6831423585013
350.0,490.0,2445.9495615828655
350.0,495.0,2416.8722405476615
350.0,500.0,2337.2876479047945
350.0,505.0,2211.2787017753067
350.0,510.0,2045.1650079560866
350.0,515.0,1850.7815925512525
350.0,520.0,1943.6055881882894
350.0,525.0,2222.379518297253
350.0,530.0,2469.5242560408988
350.0,535.0,2675.284956922748
350.0,540.0,2831.9743603561483
350.0,545.0,2934.02524054579
350.0,550.0,2978.03785118407
350.0,555.0,2962.8233322491924
350.0,560.0,2889.4405500758903
350.0,565.0,2761.220678028003
350.0,570.0,2583.7714000102214
350.0,575.0,2364.951272667835
350.0,580.0,2114.804750522237
350.0,585.0,1856.5089356877106
350.0,590.0,1930.007411132526
350.0,595.0,2173.575572158417
350.0,600.0,2381.4904216311857
350.0,605.0,2545.4711600643195
350.0,610.0,2659.334721248521
350.0,615.0,2719.04370527987
350.0,620.0,2722.7499072180813
350.0,625.0,2670.8320493000624
350.0,630.0,2565.9230075971636
350.0,635.0,2412.9191273402203
350.0,640.0,2218.9625124476865
350.0,645.0,1993.3867290459507
350.0,650.0,1828.7076684770445
350.0,655.0,1956.8798508925413
350.0,660.0,2058.731514301006
350.0,665.0,2114.6287395021595
350.0,670.0,2122.679352963289
350.0,675.0,2083.1895009284376
350.0,680.0,1998.6862752260636
350.0,685.0,1873.9221539889907
350.0,690.0,1866.5692817899937
350.0,695.0,1924.8699830799494
350.0,700.0,1938.1835141610006
350.0,705.0,1906.6004708282737
350.0,710.0,1832.8559745878304
350.0,715.0,2007.2340763528164
350.0,720.0,2674.527723821715
350.0,725.0,3786.8267834743638
350.0,730.0,5172.087994317476
350.0,735.0,6814.585084272957
350.0,740.0,8714.537966773922
350.0,745.0,10871.249055678847
350.0,750.0,13283.081325383215
350.0,755.0,15947.43650121728
350.0,760.0,18860.73357673525
350.0,765.0,22018.388223614984
350.0,770.0,25414.794030166762
350.0,775.0,29043.306854154762
350.0,780.0,32896.233871673205
350.0,785.0,36964.82912552891
350.0,790.0,41239.29749707591
350.0,795.0,45708.809025743794
350.0,800.0,50361.5253733327
350.0,805.0,55184.63996497053
350.0,810.0,60164.432950954346
350.0,815.0,65286.34162559322
350.0,820.0,70535.04635244627
350.0,825.0,75894.57139571817
350.0,830.0,81348.39939826752
350.0,835.0,86879.5976076105
350.0,840.0,92470.95338694406
350.0,845.0,98105.11608240343
350.0,850.0,103764.74199647125
350.0,855.0,109432.63904983
350.0,860.0,115091.90772235212
350.0,865.0,120726.07503245937
350.0,870.0,126319.21864843751
350.0,875.0,131856.07867687175
350.0,880.0,137322.1552372649
350.0,885.0,142703.7905454216
350.0,890.0,147988.23486924003
350.0,895.0,153163.69634334187
350.0,900.0,158219.37519956176
355.0,250.0,230927.63230734586
355.0,255.0,226385.18120123484
355.0,260.0,221606.72865619656
355.0,265.0,216594.3473401928
355.0,270.0,211351.4841018521
355.0,275.0,205883.0232483081
355.0,280.0,200195.33705152554
355.0,285.0,194296.32200168967
355.0,290.0,188195.41975370407
355.0,295.0,181903.622210021
355.0,300.0,175433.46070546214
355.0,305.0,168798.97978029185
355.0,310.0,162015.69650882753
355.0,315.0,155100.5467483646
355.0,320.0,148071.8199672186
355.0,325.0,140949.0844660901
355.0,330.0,133753.1048236054
355.0,335.0,126505.75325151568
355.0,340.0,119229.91627992812
355.0,345.0,111949.39779625121
355.0,350.0,104688.81900000782
355.0,355.0,97473.51531953184
355.0,360.0,90329.42984371544
355.0,365.0,83283.0023711204
355.0,370.0,76361.05283314508
355.0,375.0,69590.65764287245
355.0,380.0,62999.01747628171
355.0,385.0,56613.31513698344
355.0,390.0,50460.56248819044
355.0,395.0,44567.43593679427
355.0,400.0,38960.10061511052
355.0,405.0,33664.02416779632
355.0,410.0,28703.781880573268
355.0,415.0,24102.85571124142
355.0,420.0,19883.430551286154
355.0,425.0,16066.191690464588
355.0,430.0,12670.127920254892
355.0,435.0,9712.344958574336
355.0,440.0,7207.8938697764215
355.0,445.0,5169.618883505677
355.0,450.0,3608.028496935763
355.0,455.0,2531.1929972296743
355.0,460.0,1944.6706247274099
355.0,465.0,1851.463564211477
355.0,470.0,2053.7556941897137
355.0,475.0,2222.905299897482
355.0,480.0,2347.468828733574
355.0,485.0,2422.683142358492
355.0,490.0,2445.9495615828628
355.0,495.0,2416.872240547668
355.0,500.0,2337.287647904792
355.0,505.0,2211.2787017753053
355.0,510.0,2045.1650079560907
355.0,515.0,1850.7815925512525
355.0,520.0,1943.6055881882899
355.0,525.0,2222.379518297257
355.0,530.0,2469.524256040898
355.0,535.0,2675.2849569227496
355.0,540.0,2831.9743603561583
355.0,545.0,2934.0252405457877
355.0,550.0,2978.0378511840713
355.0,555.0,2962.823332249193
355.0,560.0,2889.4405500758935
355.0,565.0,2761.220678028003
355.0,570.0,2583.7714000102214
355.0,575.0,2364.951272667839
355.0,580.0,2114.804750522232
355.0,585.0,1856.508935687708
355.0,590.0,1930.0074111325255
355.0,595.0,2173.57557215842
355.0,600.0,2381.4904216311907
355.0,605.0,2545.47116006432
355.0,610.0,2659.334721248519
355.0,615.0,2719.0437052798675
355.0,620.0,2722.7499072180817
355.0,625.0,2670.832049300056
355.0,630.0,2565.9230075971686
355.0,635.0,2412.919127340216
355.0,640.0,2218.96251244769
355.0,645.0,1993.3867290459502
355.0,650.0,1828.7076684770443
355.0,655.0,1956.8798508925445
355.0,660.0,2058.7315143010055
355.0,665.0,2114.6287395021645
355.0,670.0,2122.6793529632882
355.0,675.0,2083.189500928435
355.0,680.0,1998.6862752260608
355.0,685.0,1873.9221539889909
355.0,690.0,1866.5692817899896
355.0,695.0,1924.8699830799503
355.0,700.0,1938.1835141610004
355.0,705.0,1906.6004708282737
355.0,710.0,1832.8559745878329
355.0,715.0,2007.2340763528173
355.0,720.0,2674.5277238217127
355.0,725.0,3776.2378870612
355.0,730.0,5138.117220638169
355.0,735.0,6748.629051710768
355.0,740.0,8608.008541422962
355.0,745.0,10715.629509862729
355.0,750.0,13069.982704082706
355.0,755.0,15668.653658840174
355.0,760.0,18508.30036968852
355.0,765.0,21584.631363337245
355.0,770.0,24892.385114847788
355.0,775.0,28425.31210458896
355.0,780.0,32176.161098247732
355.0,785.0,36136.6714510303
355.0,790.0,40297.57335676994
355.0,795.0,44648.59796584157
355.0,800.0,49178.499175628276
355.0,805.0,53875.088643462295
355.0,810.0,58725.285199269936
355.0,815.0,63715.179345127886
355.0,820.0,68830.11296165378
355.0,825.0,74054.77371120435
355.0,830.0,79373.302986388
355.0,835.0,84769.41562792436
355.0,840.0,90226.52908109043
355.0,845.0,95727.89919789019
355.0,850.0,101256.75956762904
355.0,855.0,106796.46108109056
355.0,860.0,112330.60842551934
355.0,865.0,117843.19035452785
355.0,870.0,123318.70088548516
355.0,875.0,128742.2490005907
355.0,880.0,134099.65496296255
355.0,885.0,139377.5319453386
355.0,890.0,144563.35228550225
355.0,895.0,149645.49828493426
355.0,900.0,154613.29802239352
360.0,250.0,230927.63230734592
360.0,255.0,226385.18120123478
360.0,260.0,221606.72865619647
360.0,265.0,216594.34734019282
360.0,270.0,211351.48410185205
360.0,275.0,205883.02324830802
360.0,280.0,200195.33705152554
360.0,285.0,194296.32200168964
360.0,290.0,188195.4197537042
360.0,295.0,181903.622210021
360.0,300.0,175433.46070546214
360.0,305.0,168798.97978029185
360.0,310.0,162015.69650882753
360.0,315.0,155100.54674836464
360.0,320.0,148071.81996721865
360.0,325.0,140949.08446609008
360.0,330.0,133753.1048236054
360.0,335.0,126505.7532515157
360.0,340.0,119229.91627992813
360.0,345.0,111949.39779625126
360.0,350.0,104688.81900000783
360.0,355.0,97473.51531953187
360.0,360.0,90329.42984371539
360.0,365.0,83283.0023711204
360.0,370.0,76361.05283314508
360.0,375.0,69590.65764287245
360.0,380.0,62999.01747628171
360.0,385.0,56613.315136983445
360.0,390.0,50460.56248819047
360.0,395.0,44567.435936794274
360.0,400.0,38960.10061511053
360.0,405.0,33664.02416779632
360.0,410.0,28703.781880573268
360.0,415.0,24102.85571124142
360.0,420.0,19883.430551286154
360.0,425.0,16066.19169046462
360.0,430.0,12670.127920254898
360.0,435.0,9712.344958574331
360.0,440.0,7207.893869776429
360.0,445.0,5169.618883505677
360.0,450.0,3608.028496935763
360.0,455.0,2531.1929972296743
360.0,460.0,1944.6706247274162
360.0,465.0,1851.4635642114763
360.0,470.0,2053.755694189713
360.0,475.0,2222.9052998974876
360.0,480.0,2347.4688287335725
360.0,485.0,2422.6831423584963
360.0,490.0,2445.9495615828705
360.0,495.0,2416.8722405476638
360.0,500.0,2337.2876479047945
360.0,505.0,2211.278701775309
360.0,510.0,2045.1650079560884
360.0,515.0,1850.7815925512525
360.0,520.0,1943.6055881882908
360.0,525.0,2222.379518297261
360.0,530.0,2469.524256040898
360.0,535.0,2675.284956922748
360.0,540.0,2831.974360356153
360.0,545.0,2934.0252405457845
360.0,550.0,2978.037851184062
360.0,555.0,2962.8233322491924
360.0,560.0,2889.4405500758903
360.0,565.0,2761.2206780280058
360.0,570.0,2583.7714000102214
360.0,575.0,2364.951272667833
360.0,580.0,2114.804750522233
360.0,585.0,1856.508935687707
360.0,590.0,1930.0074111325232
360.0,595.0,2173.575572158418
360.0,600.0,2381.490421631186
360.0,605.0,2545.4711600643177
360.0,610.0,2659.3347212485264
360.0,615.0,2719.0437052798716
360.0,620.0,2722.7499072180817
360.0,625.0,2670.8320493000624
360.0,630.0,2565.923007597166
360.0,635.0,2412.919127340222
360.0,640.0,2218.9625124476925
360.0,645.0,1993.3867290459475
360.0,650.0,1828.7076684770445
360.0,655.0,1956.879850892545
360.0,660.0,2058.731514301001
360.0,665.0,2114.628739502158
360.0,670.0,2122.6793529632896
360.0,675.0,2083.189500928436
360.0,680.0,1998.686275226055
360.0,685.0,1873.922153988992
360.0,690.0,1866.5692817899962
360.0,695.0,1924.8699830799437
360.0,700.0,1938.1835141609956
360.0,705.0,1906.6004708282767
360.0,710.0,1832.8559745878306
360.0,715.0,2007.234076352821
360.0,720.0,2674.5277238217136
360.0,725.0,3764.186968352704
360.0,730.0,5101.627661363013
360.0,735.0,6679.0183057815075
360.0,740.0,8496.600443755924
360.0,745.0,10553.809303247252
360.0,750.0,12849.252366106488
360.0,755.0,15380.687034427106
360.0,760.0,18144.99763647765
360.0,765.0,21138.172373576166
360.0,770.0,24355.281166966925
360.0,775.0,27790.455699510534
360.0,780.0,31436.873230576577
360.0,785.0,35286.74597547697
360.0,790.0,39331.3179585987
360.0,795.0,43560.87125480387
360.0,800.0,47964.74342010075
360.0,805.0,52531.357669967605
360.0,810.0,57248.26700617713
360.0,815.0,62102.21302155859
360.0,820.0,67079.19956519426
360.0,825.0,72164.58084157312
360.0,830.0,77343.16289522899
360.0,835.0,82599.31682446522
360.0,840.0,87917.10152467788
360.0,845.0,93280.39330566995
360.0,850.0,98673.01940196607
360.0,855.0,104078.89220990121
360.0,860.0,109482.1410626855
360.0,865.0,114867.23848138531
360.0,870.0,120219.11812326763
360.0,875.0,125523.28204513836
360.0,880.0,130765.89540561949
360.0,885.0,135933.86728879827
360.0,890.0,141014.91692269937
360.0,895.0,145997.62514674064
360.0,900.0,150871.47152063565
365.0,250.0,226439.28504195827
365.0,255.0,226385.18120123475
365.0,260.0,221606.7286561966
365.0,265.0,216594.3473401928
365.0,270.0,211351.4841018521
365.0,275.0,205883.02324830802
365.0,280.0,200195.33705152554
365.0,285.0,194296.32200168964
365.0,290.0,188195.41975370413
365.0,295.0,181903.622210021
365.0,300.0,175433.46070546214
365.0,305.0,168798.97978029185
365.0,310.0,162015.69650882753
365.0,315.0,155100.54674836464
365.0,320.0,148071.81996721865
365.0,325.0,140949.0844660901
365.0,330.0,133753.10482360536
365.0,335.0,126505.7532515157
365.0,340.0,119229.91627992813
365.0,345.0,111949.39779625119
365.0,350.0,104688.81900000782
365.0,355.0,97473.51531953184
365.0,360.0,90329.42984371544
365.0,365.0,83283.00237112043
365.0,370.0,76361.0528331451
365.0,375.0,69590.65764287251
365.0,380.0,62999.01747628171
365.0,385.0,56613.31513698341
365.0,390.0,50460.562488190444
365.0,395.0,44567.435936794274
365.0,400.0,38960.10061511053
365.0,405.0,33664.02416779629
365.0,410.0,28703.781880573268
365.0,415.0,24102.85571124139
365.0,420.0,19883.430551286165
365.0,425.0,16066.191690464588
365.0,430.0,12670.127920254894
365.0,435.0,9712.344958574336
365.0,440.0,7207.8938697764215
365.0,445.0,5169.618883505677
365.0,450.0,3608.028496935764
365.0,455.0,2531.1929972296834
365.0,460.0,1944.6706247274099
365.0,465.0,1851.4635642114763
365.0,470.0,2053.755694189709
365.0,475.0,2222.905299897484
365.0,480.0,2347.4688287335757
365.0,485.0,2422.6831423584963
365.0,490.0,2445.9495615828746
365.0,495.0,2416.8722405476656
365.0,500.0,2337.2876479048005
365.0,505.0,2211.278701775299
365.0,510.0,2045.1650079560923
365.0,515.0,1850.7815925512525
365.0,520.0,1943.6055881882894
365.0,525.0,2222.3795182972613
365.0,530.0,2469.5242560408915
365.0,535.0,2675.284956922749
365.0,540.0,2831.9743603561524
365.0,545.0,2934.0252405457813
365.0,550.0,2978.0378511840718
365.0,555.0,2962.8233322491883
365.0,560.0,2889.4405500758935
365.0,565.0,2761.2206780280076
365.0,570.0,2583.77140001022
365.0,575.0,2364.951272667833
365.0,580.0,2114.804750522228
365.0,585.0,1856.508935687708
365.0,590.0,1930.0074111325255
365.0,595.0,2173.5755721584223
365.0,600.0,2381.4904216311916
365.0,605.0,2545.471160064318
365.0,610.0,2659.334721248521
365.0,615.0,2719.0437052798657
365.0,620.0,2722.7499072180854
365.0,625.0,2670.832049300056
365.0,630.0,2565.923007597164
365.0,635.0,2412.919127340223
365.0,640.0,2218.96251244769
365.0,645.0,1993.3867290459525
365.0,650.0,1828.7076684770434
365.0,655.0,1956.8798508925418
365.0,660.0,2058.731514301007
365.0,665.0,2114.6287395021645
365.0,670.0,2122.6793529632923
365.0,675.0,2083.1895009284317
365.0,680.0,1998.6862752260615
365.0,685.0,1873.9221539889895
365.0,690.0,1866.5692817899876
365.0,695.0,1924.8699830799442
365.0,700.0,1938.183514161001
365.0,705.0,1906.600470828285
365.0,710.0,1832.8559745878283
365.0,715.0,2007.2340763528198
365.0,720.0,2674.527723821714
365.0,725.0,3750.5984690141586
365.0,730.0,5062.562467185166
365.0,735.0,6605.728652050061
365.0,740.0,8380.336917344246
365.0,745.0,10385.874581452706
365.0,750.0,12621.055329298508
365.0,755.0,15083.796803030587
365.0,760.0,17771.197103417344
365.0,765.0,20679.510817313894
365.0,770.0,23804.125536006773
365.0,775.0,27139.540156166062
365.0,780.0,30679.346530778937
365.0,785.0,34416.216244485964
365.0,790.0,38341.894402911916
365.0,795.0,42447.202332506546
365.0,800.0,46722.050979917025
365.0,805.0,51155.46656823711
365.0,810.0,55735.62972512436
365.0,815.0,60449.92884534632
365.0,820.0,65285.02792444807
365.0,825.0,70226.94851333578
365.0,830.0,75261.16484251541
365.0,835.0,80372.71057513158
365.0,840.0,85546.29511860317
365.0,845.0,90766.42697670245
365.0,850.0,96017.54129984633
365.0,855.0,101284.12860051187
365.0,860.0,106550.86156547123
365.0,865.0,111802.71700468978
365.0,870.0,117025.09023648156
365.0,875.0,122203.89957793552
365.0,880.0,127325.67908731451
365.0,885.0,132377.65823554422
365.0,890.0,137347.82774869495
365.0,895.0,142224.99142129635
365.0,900.0,146998.80422036516
370.0,250.0,221663.5598910601
370.0,255.0,221663.5598910601
370.0,260.0,221606.7286561965
370.0,265.0,216594.34734019285
370.0,270.0,211351.48410185208
370.0,275.0,205883.0232483081
370.0,280.0,200195.33705152554
370.0,285.0,194296.32200168964
370.0,290.0,188195.41975370407
370.0,295.0,181903.62221002107
370.0,300.0,175433.46070546212
370.0,305.0,168798.97978029185
370.0,310.0,162015.69650882753
370.0,315.0,155100.5467483647
370.0,320.0,148071.8199672186
370.0,325.0,140949.08446609013
370.0,330.0,133753.10482360536
370.0,335.0,126505.7532515157
370.0,340.0,119229.91627992813
370.0,345.0,111949.39779625123
370.0,350.0,104688.81900000783
370.0,355.0,97473.51531953186
370.0,360.0,90329.42984371544
370.0,365.0,83283.00237112043
370.0,370.0,76361.05283314508
370.0,375.0,69590.65764287245
370.0,380.0,62999.01747628171
370.0,385.0,56613.31513698344
370.0,390.0,50460.56248819044
370.0,395.0,44567.43593679431
370.0,400.0,38960.10061511052
370.0,405.0,33664.02416779632
370.0,410.0,28703.781880573297
370.0,415.0,24102.855711241384
370.0,420.0,19883.430551286154
370.0,425.0,16066.19169046459
370.0,430.0,12670.127920254898
370.0,435.0,9712.344958574331
370.0,440.0,7207.893869776439
370.0,445.0,5169.618883505677
370.0,450.0,3608.0284969357635
370.0,455.0,2531.1929972296834
370.0,460.0,1944.6706247274162
370.0,465.0,1851.4635642114747
370.0,470.0,2053.7556941897137
370.0,475.0,2222.905299897488
370.0,480.0,2347.4688287335694
370.0,485.0,2422.683142358499
370.0,490.0,2445.9495615828714
370.0,495.0,2416.8722405476615
370.0,500.0,2337.287647904796
370.0,505.0,2211.278701775306
370.0,510.0,2045.1650079560936
370.0,515.0,1850.7815925512525
370.0,520.0,1943.605588188289
370.0,525.0,2222.3795182972563
370.0,530.0,2469.5242560408997
370.0,535.0,2675.284956922754
370.0,540.0,2831.9743603561524
370.0,545.0,2934.0252405457873
370.0,550.0,2978.037851184064
370.0,555.0,2962.8233322491897
370.0,560.0,2889.4405500758926
370.0,565.0,2761.2206780280076
370.0,570.0,2583.771400010221
370.0,575.0,2364.9512726678377
370.0,580.0,2114.804750522236
370.0,585.0,1856.508935687708
370.0,590.0,1930.0074111325252
370.0,595.0,2173.575572158422
370.0,600.0,2381.4904216311884
370.0,605.0,2545.471160064324
370.0,610.0,2659.334721248519
370.0,615.0,2719.0437052798716
370.0,620.0,2722.7499072180804
370.0,625.0,2670.8320493000538
370.0,630.0,2565.923007597167
370.0,635.0,2412.919127340223
370.0,640.0,2218.9625124476843
370.0,645.0,1993.3867290459555
370.0,650.0,1828.7076684770439
370.0,655.0,1956.879850892543
370.0,660.0,2058.7315143010073
370.0,665.0,2114.6287395021645
370.0,670.0,2122.6793529632873
370.0,675.0,2083.189500928436
370.0,680.0,1998.6862752260613
370.0,685.0,1873.922153988993
370.0,690.0,1866.5692817899928
370.0,695.0,1924.8699830799474
370.0,700.0,1938.183514161001
370.0,705.0,1906.6004708282783
370.0,710.0,1832.8559745878304
370.0,715.0,2007.2340763528164
370.0,720.0,2674.527723821714
370.0,725.0,3735.401616788794
370.0,730.0,5020.874063885076
370.0,735.0,6528.7504524103515
370.0,740.0,8259.261871730188
370.0,745.0,10211.939137278798
370.0,750.0,12385.592162712284
370.0,755.0,14778.28757776488
370.0,760.0,17387.324873468297
370.0,765.0,20209.211701930133
370.0,770.0,23239.63929778137
370.0,775.0,26473.45930531589
370.0,780.0,29904.66356195959
370.0,785.0,33526.368588845624
370.0,790.0,37330.80665090738
370.0,795.0,41309.325256583186
370.0,800.0,45452.396865230585
370.0,805.0,49749.640349251335
370.0,810.0,54189.85543065367
370.0,815.0,58761.07087853804
370.0,820.0,63450.6067497389
370.0,825.0,68245.15039095303
370.0,830.0,73130.84534183872
370.0,835.0,78093.39170892579
370.0,840.0,83118.15606645177
370.0,845.0,88190.28850255086
370.0,850.0,93294.84410861813
370.0,855.0,98416.90601533944
370.0,860.0,103541.70703299357
370.0,865.0,108654.74704491266
370.0,870.0,113741.90354030854
370.0,875.0,118789.533016234
370.0,880.0,123784.56142791352
370.0,885.0,128714.56236896409
370.0,890.0,133567.8222010618
370.0,895.0,138333.391886879
370.0,900.0,143001.1257807108
375.0,250.0,216653.8737307287
375.0,255.0,216653.8737307287
375.0,260.0,216653.87373072866
375.0,265.0,216594.34734019267
375.0,270.0,211351.48410185205
375.0,275.0,205883.02324830802
375.0,280.0,200195.33705152554
375.0,285.0,194296.32200168967
375.0,290.0,188195.41975370407
375.0,295.0,181903.622210021
375.0,300.0,175433.46070546223
375.0,305.0,168798.97978029185
375.0,310.0,162015.6965088276
375.0,315.0,155100.54674836464
375.0,320.0,148071.8199672186
375.0,325.0,140949.08446609013
375.0,330.0,133753.10482360542
375.0,335.0,126505.7532515157
375.0,340.0,119229.91627992812
375.0,345.0,111949.39779625117
375.0,350.0,104688.81900000782
375.0,355.0,97473.51531953184
375.0,360.0,90329.42984371544
375.0,365.0,83283.00237112046
375.0,370.0,76361.0528331451
375.0,375.0,69590.65764287251
375.0,380.0,62999.01747628171
375.0,385.0,56613.31513698341
375.0,390.0,50460.56248819044
375.0,395.0,44567.435936794274
375.0,400.0,38960.10061511052
375.0,405.0,33664.02416779632
375.0,410.0,28703.781880573275
375.0,415.0,24102.8557112414
375.0,420.0,19883.430551286147
375.0,425.0,16066.191690464593
375.0,430.0,12670.127920254892
375.0,435.0,9712.344958574336
375.0,440.0,7207.8938697764215
375.0,445.0,5169.618883505667
375.0,450.0,3608.028496935764
375.0,455.0,2531.1929972296743
375.0,460.0,1944.6706247274117
375.0,465.0,1851.4635642114754
375.0,470.0,2053.7556941897155
375.0,475.0,2222.9052998974857
375.0,480.0,2347.4688287335694
375.0,485.0,2422.683142358497
375.0,490.0,2445.9495615828696
375.0,495.0,2416.8722405476633
375.0,500.0,2337.2876479047936
375.0,505.0,2211.278701775305
375.0,510.0,2045.1650079560864
375.0,515.0,1850.7815925512473
375.0,520.0,1943.605588188289
375.0,525.0,2222.3795182972644
375.0,530.0,2469.524256040897
375.0,535.0,2675.2849569227515
375.0,540.0,2831.974360356155
375.0,545.0,2934.0252405457863
375.0,550.0,2978.0378511840618
375.0,555.0,2962.823332249185
375.0,560.0,2889.4405500758944
375.0,565.0,2761.2206780280076
375.0,570.0,2583.771400010226
375.0,575.0,2364.951272667839
375.0,580.0,2114.8047505222303
375.0,585.0,1856.5089356877083
375.0,590.0,1930.0074111325252
375.0,595.0,2173.575572158415
375.0,600.0,2381.490421631187
375.0,605.0,2545.4711600643204
375.0,610.0,2659.334721248524
375.0,615.0,2719.0437052798648
375.0,620.0,2722.7499072180854
375.0,625.0,2670.8320493000606
375.0,630.0,2565.9230075971655
375.0,635.0,2412.9191273402203
375.0,640.0,2218.9625124476956
375.0,645.0,1993.3867290459505
375.0,650.0,1828.707668477042
375.0,655.0,1956.8798508925418
375.0,660.0,2058.731514301005
375.0,665.0,2114.628739502162
375.0,670.0,2122.6793529632896
375.0,675.0,2083.1895009284326
375.0,680.0,1998.6862752260613
375.0,685.0,1873.9221539889916
375.0,690.0,1866.5692817899944
375.0,695.0,1924.8699830799465
375.0,700.0,1938.183514160996
375.0,705.0,1906.6004708282833
375.0,710.0,1832.8559745878304
375.0,715.0,2007.2340763528173
375.0,720.0,2674.527723821715
375.0,725.0,3718.5310515545884
375.0,730.0,4976.524826704115
375.0,735.0,6448.089307363544
375.0,740.0,8133.440519377997
375.0,745.0,10032.144937378174
375.0,750.0,12143.099327743737
375.0,755.0,14464.508481530342
375.0,760.0,16993.86113807531
375.0,765.0,19727.90473634192
375.0,770.0,22662.619960253203
375.0,775.0,25793.196350045167
375.0,780.0,29114.01050820831
375.0,785.0,32618.608620854102
375.0,790.0,36299.69512257028
375.0,795.0,40149.12934050955
375.0,800.0,44157.93185633614
375.0,805.0,48316.302113697086
375.0,810.0,52613.648486476726
375.0,815.0,57038.631609099604
375.0,820.0,61579.22128788398
375.0,825.0,66222.76677226347
375.0,830.0,70956.07960913345
375.0,835.0,75765.5277553055
375.0,840.0,80637.13912666989
375.0,845.0,85556.71233719106
375.0,850.0,90509.93206580804
375.0,855.0,95482.48629361781
375.0,860.0,100460.18259916939
375.0,865.0,105429.060775905
375.0,870.0,110375.49925214199
375.0,875.0,115286.31311277159
375.0,880.0,120148.84194370813
375.0,885.0,124951.02619443457
375.0,890.0,129681.47126498917
375.0,895.0,134329.4990336461
375.0,900.0,138885.18702168902
380.0,250.0,211413.65706791412
380.0,255.0,211413.6570679141
380.0,260.0,211413.65706791406
380.0,265.0,211413.6570679141
380.0,270.0,211351.48410185205
380.0,275.0,205883.02324830802
380.0,280.0,200195.33705152554
380.0,285.0,194296.32200168964
380.0,290.0,188195.41975370416
380.0,295.0,181903.622210021
380.0,300.0,175433.46070546214
380.0,305.0,168798.97978029185
380.0,310.0,162015.69650882753
380.0,315.0,155100.5467483646
380.0,320.0,148071.8199672186
380.0,325.0,140949.08446609008
380.0,330.0,133753.10482360536
380.0,335.0,126505.7532515157
380.0,340.0,119229.91627992812
380.0,345.0,111949.39779625117
380.0,350.0,104688.81900000782
380.0,355.0,97473.51531953184
380.0,360.0,90329.42984371539
380.0,365.0,83283.00237112041
380.0,370.0,76361.0528331451
380.0,375.0,69590.65764287245
380.0,380.0,62999.01747628171
380.0,385.0,56613.315136983445
380.0,390.0,50460.56248819047
380.0,395.0,44567.435936794274
380.0,400.0,38960.10061511049
380.0,405.0,33664.0241677963
380.0,410.0,28703.78188057326
380.0,415.0,24102.855711241387
380.0,420.0,19883.430551286154
380.0,425.0,16066.191690464622
380.0,430.0,12670.127920254898
380.0,435.0,9712.344958574331
380.0,440.0,7207.893869776429
380.0,445.0,5169.618883505672
380.0,450.0,3608.028496935764
380.0,455.0,2531.1929972296834
380.0,460.0,1944.6706247274162
380.0,465.0,1851.46356421147
380.0,470.0,2053.7556941897205
380.0,475.0,2222.9052998974857
380.0,480.0,2347.4688287335675
380.0,485.0,2422.6831423585036
380.0,490.0,2445.9495615828732
380.0,495.0,2416.872240547659
380.0,500.0,2337.2876479047964
380.0,505.0,2211.2787017753035
380.0,510.0,2045.1650079560904
380.0,515.0,1850.781592551247
380.0,520.0,1943.6055881882876
380.0,525.0,2222.379518297256
380.0,530.0,2469.5242560409006
380.0,535.0,2675.2849569227474
380.0,540.0,2831.974360356153
380.0,545.0,2934.025240545784
380.0,550.0,2978.0378511840686
380.0,555.0,2962.82333224919
380.0,560.0,2889.44055007589
380.0,565.0,2761.2206780280076
380.0,570.0,2583.771400010221
380.0,575.0,2364.951272667834
380.0,580.0,2114.804750522232
380.0,585.0,1856.508935687708
380.0,590.0,1930.0074111325243
380.0,595.0,2173.5755721584205
380.0,600.0,2381.4904216311875
380.0,605.0,2545.4711600643204
380.0,610.0,2659.334721248517
380.0,615.0,2719.0437052798707
380.0,620.0,2722.7499072180854
380.0,625.0,2670.8320493000597
380.0,630.0,2565.92300759717
380.0,635.0,2412.919127340216
380.0,640.0,2218.962512447692
380.0,645.0,1993.3867290459507
380.0,650.0,1828.7076684770439
380.0,655.0,1956.8798508925395
380.0,660.0,2058.731514301005
380.0,665.0,2114.628739502159
380.0,670.0,2122.679352963292
380.0,675.0,2083.189500928436
380.0,680.0,1998.6862752260586
380.0,685.0,1873.9221539889904
380.0,690.0,1866.5692817899944
380.0,695.0,1924.8699830799417
380.0,700.0,1938.1835141609959
380.0,705.0,1906.6004708282826
380.0,710.0,1832.8559745878272
380.0,715.0,2007.2340763528173
380.0,720.0,2674.527723821717
380.0,725.0,3699.9274245938745
380.0,730.0,4929.487691186282
380.0,735.0,6363.766621192782
380.0,740.0,8002.959824620761
380.0,745.0,9846.662372242821
380.0,750.0,11893.84913567298
380.0,755.0,14142.852709557219
380.0,760.0,16591.33923503556
380.0,765.0,19236.282769588415
380.0,770.0,22073.93916573369
380.0,775.0,25099.820714643327
380.0,780.0,28308.673056241478
380.0,785.0,31694.456040841433
380.0,790.0,35250.33032936339
380.0,795.0,38968.65152610831
380.0,800.0,42840.973545175555
380.0,805.0,46858.062710296916
380.0,810.0,51009.92379000325
380.0,815.0,55285.83877522549
380.0,820.0,59674.418746364136
380.0,825.0,64163.668660929085
380.0,830.0,68741.06436144718
380.0,835.0,73393.64057765255
380.0,840.0,78108.08821945719
380.0,845.0,82870.85884572507
380.0,850.0,87668.27388633482
380.0,855.0,92486.63599999131
380.0,860.0,97312.33988902082
380.0,865.0,102131.9799553652
380.0,870.0,106932.45237894282
380.0,875.0,111701.04949477634
380.0,880.0,116425.54474033564
380.0,885.0,121094.2668912491
380.0,890.0,125696.16278742303
380.0,895.0,130220.84823668329
380.0,900.0,134658.64724194017
385.0,250.0,205947.7772076379
385.0,255.0,205947.77720763785
385.0,260.0,205947.77720763793
385.0,265.0,205947.77720763782
385.0,270.0,205947.7772076379
385.0,275.0,205883.02324830837
385.0,280.0,200195.33705152554
385.0,285.0,194296.32200168964
385.0,290.0,188195.41975370416
385.0,295.0,181903.622210021
385.0,300.0,175433.46070546214
385.0,305.0,168798.97978029185
385.0,310.0,162015.69650882753
385.0,315.0,155100.5467483646
385.0,320.0,148071.8199672186
385.0,325.0,140949.08446609008
385.0,330.0,133753.10482360542
385.0,335.0,126505.7532515157
385.0,340.0,119229.91627992812
385.0,345.0,111949.39779625126
385.0,350.0,104688.81900000782
385.0,355.0,97473.51531953184
385.0,360.0,90329.42984371544
385.0,365.0,83283.0023711204
385.0,370.0,76361.05283314512
385.0,375.0,69590.65764287245
385.0,380.0,62999.01747628171
385.0,385.0,56613.31513698344
385.0,390.0,50460.56248819047
385.0,395.0,44567.435936794274
385.0,400.0,38960.10061511049
385.0,405.0,33664.02416779632
385.0,410.0,28703.781880573268
385.0,415.0,24102.855711241384
385.0,420.0,19883.430551286154
385.0,425.0,16066.191690464622
385.0,430.0,12670.127920254898
385.0,435.0,9712.344958574331
385.0,440.0,7207.893869776429
385.0,445.0,5169.618883505677
385.0,450.0,3608.0284969357567
385.0,455.0,2531.1929972296743
385.0,460.0,1944.6706247274178
385.0,465.0,1851.4635642114747
385.0,470.0,2053.7556941897165
385.0,475.0,2222.9052998974876
385.0,480.0,2347.4688287335716
385.0,485.0,2422.683142358501
385.0,490.0,2445.9495615828605
385.0,495.0,2416.872240547663
385.0,500.0,2337.287647904791
385.0,505.0,2211.278701775307
385.0,510.0,2045.1650079560902
385.0,515.0,1850.7815925512525
385.0,520.0,1943.6055881882933
385.0,525.0,2222.3795182972635
385.0,530.0,2469.524256040897
385.0,535.0,2675.28495692275
385.0,540.0,2831.9743603561524
385.0,545.0,2934.025240545784
385.0,550.0,2978.0378511840677
385.0,555.0,2962.823332249185
385.0,560.0,2889.440550075892
385.0,565.0,2761.2206780280076
385.0,570.0,2583.7714000102187
385.0,575.0,2364.951272667839
385.0,580.0,2114.804750522228
385.0,585.0,1856.5089356877065
385.0,590.0,1930.0074111325232
385.0,595.0,2173.575572158415
385.0,600.0,2381.490421631188
385.0,605.0,2545.471160064319
385.0,610.0,2659.3347212485237
385.0,615.0,2719.043705279866
385.0,620.0,2722.749907218084
385.0,625.0,2670.8320493000633
385.0,630.0,2565.923007597163
385.0,635.0,2412.919127340216
385.0,640.0,2218.962512447689
385.0,645.0,1993.3867290459473
385.0,650.0,1828.707668477042
385.0,655.0,1956.879850892545
385.0,660.0,2058.7315143010073
385.0,665.0,2114.6287395021636
385.0,670.0,2122.6793529632896
385.0,675.0,2083.1895009284353
385.0,680.0,1998.6862752260556
385.0,685.0,1873.9221539889922
385.0,690.0,1866.5692817899867
385.0,695.0,1924.8699830799476
385.0,700.0,1938.1835141609965
385.0,705.0,1906.6004708282833
385.0,710.0,1832.8559745878304
385.0,715.0,2007.2340763528164
385.0,720.0,2674.4861914232697
385.0,725.0,3679.5379624226002
385.0,730.0,4879.746686277478
385.0,735.0,6275.820030046283
385.0,740.0,7867.928738903184
385.0,745.0,9655.690198432036
385.0,750.0,11638.149285761174
385.0,755.0,13813.756542946836
385.0,760.0,16180.344009603512
385.0,765.0,18735.099366238854
385.0,770.0,21474.53934424771
385.0,775.0,24394.483639000373
385.0,780.0,27490.030796034418
385.0,785.0,30755.537714256203
385.0,790.0,34184.60450603215
385.0,795.0,37770.06645951923
385.0,800.0,41503.99475928823
385.0,805.0,45377.70742908572
385.0,810.0,49381.791676890054
385.0,815.0,53506.138446588
385.0,820.0,57739.98954278759
385.0,825.0,62071.997203945546
385.0,830.0,66490.29549241671
385.0,835.0,70982.58236794078
385.0,840.0,75536.2108537559
385.0,845.0,80138.28730865465
385.0,850.0,84775.77452008447
385.0,855.0,89435.59714096735
385.0,860.0,94104.74692695371
385.0,865.0,98770.38528241786
385.0,870.0,103419.9408026879
385.0,875.0,108041.19977301691
385.0,880.0,112622.38795400276
385.0,885.0,117152.24240282031
385.0,890.0,121620.07253653117
385.0,895.0,126015.8101037147
385.0,900.0,130330.0481676744
390.0,250.0,200262.58891821132
390.0,255.0,200262.58891821135
390.0,260.0,200262.58891821132
390.0,265.0,200262.58891821132
390.0,270.0,200262.58891821132
390.0,275.0,200262.58891821132
390.0,280.0,200195.33705152557
390.0,285.0,194296.32200168964
390.0,290.0,188195.41975370413
390.0,295.0,181903.622210021
390.0,300.0,175433.46070546214
390.0,305.0,168798.97978029185
390.0,310.0,162015.69650882753
390.0,315.0,155100.54674836458
390.0,320.0,148071.8199672186
390.0,325.0,140949.08446609016
390.0,330.0,133753.1048236054
390.0,335.0,126505.7532515157
390.0,340.0,119229.91627992812
390.0,345.0,111949.39779625117
390.0,350.0,104688.81900000779
390.0,355.0,97473.51531953186
390.0,360.0,90329.42984371539
390.0,365.0,83283.0023711204
390.0,370.0,76361.05283314508
390.0,375.0,69590.65764287251
390.0,380.0,62999.017476281704
390.0,385.0,56613.31513698341
390.0,390.0,50460.56248819047
390.0,395.0,44567.435936794274
390.0,400.0,38960.10061511053
390.0,405.0,33664.02416779631
390.0,410.0,28703.781880573268
390.0,415.0,24102.855711241406
390.0,420.0,19883.430551286154
390.0,425.0,16066.191690464588
390.0,430.0,12670.127920254898
390.0,435.0,9712.344958574331
390.0,440.0,7207.893869776439
390.0,445.0,5169.618883505677
390.0,450.0,3608.0284969357576
390.0,455.0,2531.1929972296834
390.0,460.0,1944.6706247274099
390.0,465.0,1851.463564211477
390.0,470.0,2053.7556941897155
390.0,475.0,2222.90529989749
390.0,480.0,2347.4688287335757
390.0,485.0,2422.6831423584945
390.0,490.0,2445.949561582867
390.0,495.0,2416.8722405476615
390.0,500.0,2337.2876479047954
390.0,505.0,2211.2787017753035
390.0,510.0,2045.16500795609
390.0,515.0,1850.7815925512525
390.0,520.0,1943.6055881882914
390.0,525.0,2222.3795182972585
390.0,530.0,2469.524256040895
390.0,535.0,2675.2849569227515
390.0,540.0,2831.974360356153
390.0,545.0,2934.0252405457823
390.0,550.0,2978.03785118407
390.0,555.0,2962.823332249193
390.0,560.0,2889.440550075894
390.0,565.0,2761.220678028013
390.0,570.0,2583.7714000102196
390.0,575.0,2364.9512726678386
390.0,580.0,2114.804750522236
390.0,585.0,1856.5089356877127
390.0,590.0,1930.0074111325234
390.0,595.0,2173.575572158423
390.0,600.0,2381.490421631189
390.0,605.0,2545.4711600643163
390.0,610.0,2659.334721248519
390.0,615.0,2719.043705279875
390.0,620.0,2722.7499072180854
390.0,625.0,2670.8320493000533
390.0,630.0,2565.9230075971695
390.0,635.0,2412.9191273402184
390.0,640.0,2218.9625124476897
390.0,645.0,1993.3867290459527
390.0,650.0,1828.7076684770434
390.0,655.0,1956.879850892545
390.0,660.0,2058.731514301007
390.0,665.0,2114.6287395021627
390.0,670.0,2122.679352963293
390.0,675.0,2083.189500928438
390.0,680.0,1998.686275226061
390.0,685.0,1873.9221539889909
390.0,690.0,1866.5692817899962
390.0,695.0,1924.8699830799399
390.0,700.0,1938.1835141609993
390.0,705.0,1906.6004708282805
390.0,710.0,1832.8559745878308
390.0,715.0,2007.23407635282
390.0,720.0,2673.7277489501307
390.0,725.0,3657.3169859513882
390.0,730.0,4827.297375714699
390.0,735.0,6184.303674657851
390.0,740.0,7728.478200508652
390.0,745.0,9459.45514875731
390.0,750.0,11376.341958495841
390.0,755.0,13477.697788277106
390.0,760.0,15761.509456178339
390.0,765.0,18225.165500213963
390.0,770.0,20865.429305970567
390.0,775.0,23678.412514867876
390.0,780.0,26659.550147334005
390.0,785.0,29803.579038761112
390.0,790.0,33104.521275374675
390.0,795.0,36555.67432049593
390.0,800.0,40149.6094353505
390.0,805.0,43878.17981492781
390.0,810.0,47732.539589421875
390.0,815.0,51703.17448465709
390.0,820.0,55779.944519260134
390.0,825.0,59952.13864977996
390.0,830.0,64208.54079368522
390.0,835.0,68537.5061824612
390.0,840.0,72927.04656099866
390.0,845.0,77364.92237059507
390.0,850.0,81838.73976562897
390.0,855.0,86336.0501259358
390.0,860.0,90844.44965807082
390.0,865.0,95351.67672066504
390.0,870.0,99845.70467215225
390.0,875.0,104314.82829137082
390.0,880.0,108747.74216597626
390.0,885.0,113133.60983693991
390.0,890.0,117462.12291764101
390.0,895.0,121723.54984088521
390.0,900.0,125908.7743018956
395.0,250.0,194365.97085681703
395.0,255.0,194365.97085681703
395.0,260.0,194365.97085681703
395.0,265.0,194365.97085681703
395.0,270.0,194365.97085681703
395.0,275.0,194365.970856817
395.0,280.0,194365.97085681703
395.0,285.0,194296.32200168978
395.0,290.0,188195.41975370407
395.0,295.0,181903.622210021
395.0,300.0,175433.46070546214
395.0,305.0,168798.97978029185
395.0,310.0,162015.69650882753
395.0,315.0,155100.5467483647
395.0,320.0,148071.8199672186
395.0,325.0,140949.08446609013
395.0,330.0,133753.10482360536
395.0,335.0,126505.7532515157
395.0,340.0,119229.91627992812
395.0,345.0,111949.39779625127
395.0,350.0,104688.81900000783
395.0,355.0,97473.51531953189
395.0,360.0,90329.42984371544
395.0,365.0,83283.0023711204
395.0,370.0,76361.0528331451
395.0,375.0,69590.65764287251
395.0,380.0,62999.01747628171
395.0,385.0,56613.31513698341
395.0,390.0,50460.56248819047
395.0,395.0,44567.435936794274
395.0,400.0,38960.10061511053
395.0,405.0,33664.02416779632
395.0,410.0,28703.781880573268
395.0,415.0,24102.855711241384
395.0,420.0,19883.430551286154
395.0,425.0,16066.191690464588
395.0,430.0,12670.127920254885
395.0,435.0,9712.344958574336
395.0,440.0,7207.8938697764215
395.0,445.0,5169.618883505677
395.0,450.0,3608.0284969357635
395.0,455.0,2531.1929972296834
395.0,460.0,1944.6706247274162
395.0,465.0,1851.4635642114742
395.0,470.0,2053.7556941897183
395.0,475.0,2222.9052998974876
395.0,480.0,2347.468828733574
395.0,485.0,2422.6831423584995
395.0,490.0,2445.9495615828637
395.0,495.0,2416.8722405476656
395.0,500.0,2337.287647904793
395.0,505.0,2211.278701775305
395.0,510.0,2045.165007956094
395.0,515.0,1850.7815925512523
395.0,520.0,1943.6055881882885
395.0,525.0,2222.379518297256
395.0,530.0,2469.5242560408956
395.0,535.0,2675.284956922748
395.0,540.0,2831.9743603561483
395.0,545.0,2934.0252405457813
395.0,550.0,2978.0378511840618
395.0,555.0,2962.823332249187
395.0,560.0,2889.4405500758908
395.0,565.0,2761.2206780280067
395.0,570.0,2583.7714000102214
395.0,575.0,2364.951272667839
395.0,580.0,2114.804750522228
395.0,585.0,1856.5089356877083
395.0,590.0,1930.0074111325255
395.0,595.0,2173.5755721584187
395.0,600.0,2381.4904216311875
395.0,605.0,2545.4711600643177
395.0,610.0,2659.3347212485196
395.0,615.0,2719.043705279867
395.0,620.0,2722.7499072180804
395.0,625.0,2670.8320493000556
395.0,630.0,2565.9230075971636
395.0,635.0,2412.9191273402184
395.0,640.0,2218.9625124476925
395.0,645.0,1993.3867290459507
395.0,650.0,1828.7076684770443
395.0,655.0,1956.879850892545
395.0,660.0,2058.7315143010073
395.0,665.0,2114.6287395021723
395.0,670.0,2122.6793529632896
395.0,675.0,2083.1895009284412
395.0,680.0,1998.6862752260613
395.0,685.0,1873.9221539889872
395.0,690.0,1866.5692817899946
395.0,695.0,1924.869983079943
395.0,700.0,1938.1835141609997
395.0,705.0,1906.6004708282753
395.0,710.0,1832.8559745878324
395.0,715.0,2007.2340763528173
395.0,720.0,2671.9647168033853
395.0,725.0,3633.226375472888
395.0,730.0,4772.147194558853
395.0,735.0,6089.2883020224235
395.0,740.0,7584.760882011726
395.0,745.0,9258.211194379915
395.0,750.0,11108.802450745257
395.0,755.0,13135.193635193938
395.0,760.0,15335.51564023342
395.0,765.0,17707.345377168534
395.0,770.0,20247.67879624666
395.0,775.0,22952.904003790336
395.0,780.0,25818.775871090784
395.0,785.0,28840.39368247515
395.0,790.0,32012.183451929934
395.0,795.0,35327.88653828827
395.0,800.0,38780.55610505537
395.0,805.0,42362.56279530582
395.0,810.0,46065.610735346694
395.0,815.0,49880.76464204673
395.0,820.0,53798.48841505197
395.0,825.0,57808.69515334316
395.0,830.0,61900.808079895316
395.0,835.0,66063.83140545845
395.0,840.0,70286.42974862618
395.0,845.0,74557.01436867917
395.0,850.0,78863.83419281624
395.0,855.0,83195.06943738731
395.0,860.0,87538.92555274832
395.0,865.0,91883.72525556081
395.0,870.0,96217.99656096855
395.0,875.0,100530.55495998576
395.0,880.0,104810.57820829685
395.0,885.0,109047.67256053479
395.0,890.0,113231.92968818455
395.0,895.0,117353.97392903572
395.0,900.0,121404.99990831877
400.0,250.0,188267.34669845598
400.0,255.0,188267.34669845598
400.0,260.0,188267.34669845595
400.0,265.0,188267.34669845598
400.0,270.0,188267.34669845595
400.0,275.0,188267.34669845598
400.0,280.0,188267.34669845598
400.0,285.0,188267.34669845595
400.0,290.0,188195.4197537053
400.0,295.0,181903.62221002104
400.0,300.0,175433.46070546214
400.0,305.0,168798.97978029185
400.0,310.0,162015.69650882753
400.0,315.0,155100.5467483646
400.0,320.0,148071.8199672186
400.0,325.0,140949.08446609008
400.0,330.0,133753.10482360536
400.0,335.0,126505.7532515157
400.0,340.0,119229.91627992813
400.0,345.0,111949.39779625117
400.0,350.0,104688.81900000783
400.0,355.0,97473.51531953189
400.0,360.0,90329.42984371539
400.0,365.0,83283.0023711204
400.0,370.0,76361.05283314508
400.0,375.0,69590.65764287251
400.0,380.0,62999.01747628171
400.0,385.0,56613.31513698341
400.0,390.0,50460.56248819047
400.0,395.0,44567.43593679427
400.0,400.0,38960.10061511049
400.0,405.0,33664.02416779632
400.0,410.0,28703.781880573268
400.0,415.0,24102.855711241406
400.0,420.0,19883.430551286154
400.0,425.0,16066.191690464619
400.0,430.0,12670.127920254887
400.0,435.0,9712.344958574336
400.0,440.0,7207.8938697764215
400.0,445.0,5169.618883505677
400.0,450.0,3608.0284969357567
400.0,455.0,2531.1929972296834
400.0,460.0,1944.6706247274162
400.0,465.0,1851.463564211477
400.0,470.0,2053.75569418972
400.0,475.0,2222.9052998974876
400.0,480.0,2347.4688287335707
400.0,485.0,2422.683142358497
400.0,490.0,2445.9495615828614
400.0,495.0,2416.8722405476638
400.0,500.0,2337.2876479047914
400.0,505.0,2211.2787017753058
400.0,510.0,2045.1650079560827
400.0,515.0,1850.781592551247
400.0,520.0,1943.6055881882876
400.0,525.0,2222.3795182972613
400.0,530.0,2469.5242560408997
400.0,535.0,2675.2849569227487
400.0,540.0,2831.974360356146
400.0,545.0,2934.0252405457827
400.0,550.0,2978.037851184069
400.0,555.0,2962.823332249185
400.0,560.0,2889.440550075887
400.0,565.0,2761.2206780280076
400.0,570.0,2583.7714000102214
400.0,575.0,2364.9512726678345
400.0,580.0,2114.804750522229
400.0,585.0,1856.508935687708
400.0,590.0,1930.0074111325227
400.0,595.0,2173.575572158421
400.0,600.0,2381.490421631185
400.0,605.0,2545.4711600643172
400.0,610.0,2659.334721248515
400.0,615.0,2719.0437052798684
400.0,620.0,2722.7499072180854
400.0,625.0,2670.832049300054
400.0,630.0,2565.9230075971673
400.0,635.0,2412.919127340223
400.0,640.0,2218.9625124476916
400.0,645.0,1993.3867290459527
400.0,650.0,1828.7076684770484
400.0,655.0,1956.8798508925445
400.0,660.0,2058.731514301008
400.0,665.0,2114.6287395021545
400.0,670.0,2122.679352963289
400.0,675.0,2083.189500928437
400.0,680.0,1998.6862752260586
400.0,685.0,1873.922153988989
400.0,690.0,1866.5692817899926
400.0,695.0,1924.8699830799414
400.0,700.0,1938.1835141610036
400.0,705.0,1906.600470828282
400.0,710.0,1832.8559745878265
400.0,715.0,2007.2340763528132
400.0,720.0,2669.1344181711906
400.0,725.0,3607.2359720974155
400.0,730.0,4714.315669268297
400.0,735.0,5990.861183973759
400.0,740.0,7436.950675100575
400.0,745.0,9052.238452653157
400.0,750.0,10835.937353637622
400.0,755.0,12786.797942852923
400.0,760.0,14903.084924691617
400.0,765.0,17182.55142645159
400.0,770.0,19622.412074617914
400.0,775.0,22219.31602222366
400.0,780.0,24969.321279103107
400.0,785.0,27867.871838069634
400.0,790.0,30909.779164224892
400.0,795.0,34089.209612009414
400.0,800.0,37399.67925253386
400.0,805.0,40834.05742556998
400.0,810.0,44384.58008657433
400.0,815.0,48042.87369822099
400.0,820.0,51799.99004389725
400.0,825.0,55646.45192351241
400.0,830.0,59572.30926195263
400.0,835.0,63567.204733111794
400.0,840.0,67620.44761142135
400.0,845.0,71721.09422126993
400.0,850.0,75858.03309345485
400.0,855.0,80020.07276328288
400.0,860.0,84196.03007539584
400.0,865.0,88374.81688842995
400.0,870.0,92545.52320838478
400.0,875.0,96697.49499463565
400.0,880.0,100820.40518107699
400.0,885.0,104904.31679826978
400.0,890.0,108939.73746101579
400.0,895.0,112917.66487083041
400.0,900.0,116829.62335243732
405.0,250.0,181977.69040417045
405.0,255.0,181977.69040417045
405.0,260.0,181977.69040417043
405.0,265.0,181977.69040417043
405.0,270.0,181977.69040417043
405.0,275.0,181977.69040417048
405.0,280.0,181977.69040417043
405.0,285.0,181977.69040417043
405.0,290.0,181977.69040417045
405.0,295.0,181903.62221002104
405.0,300.0,175433.46070546214
405.0,305.0,168798.97978029185
405.0,310.0,162015.69650882753
405.0,315.0,155100.54674836464
405.0,320.0,148071.8199672186
405.0,325.0,140949.08446609016
405.0,330.0,133753.10482360536
405.0,335.0,126505.7532515157
405.0,340.0,119229.91627992813
405.0,345.0,111949.39779625123
405.0,350.0,104688.81900000782
405.0,355.0,97473.51531953186
405.0,360.0,90329.42984371544
405.0,365.0,83283.0023711204
405.0,370.0,76361.05283314508
405.0,375.0,69590.65764287245
405.0,380.0,62999.01747628167
405.0,385.0,56613.31513698341
405.0,390.0,50460.56248819047
405.0,395.0,44567.43593679427
405.0,400.0,38960.10061511053
405.0,405.0,33664.02416779632
405.0,410.0,28703.78188057326
405.0,415.0,24102.8557112414
405.0,420.0,19883.430551286132
405.0,425.0,16066.19169046462
405.0,430.0,12670.127920254892
405.0,435.0,9712.344958574331
405.0,440.0,7207.8938697764215
405.0,445.0,5169.618883505669
405.0,450.0,3608.0284969357554
405.0,455.0,2531.1929972296803
405.0,460.0,1944.6706247274162
405.0,465.0,1851.463564211474
405.0,470.0,2053.755694189714
405.0,475.0,2222.90529989749
405.0,480.0,2347.468828733572
405.0,485.0,2422.683142358494
405.0,490.0,2445.949561582863
405.0,495.0,2416.872240547664
405.0,500.0,2337.287647904789
405.0,505.0,2211.278701775309
405.0,510.0,2045.165007956088
405.0,515.0,1850.781592551247
405.0,520.0,1943.6055881882903
405.0,525.0,2222.3795182972613
405.0,530.0,2469.5242560408974
405.0,535.0,2675.284956922752
405.0,540.0,2831.974360356153
405.0,545.0,2934.0252405457854
405.0,550.0,2978.037851184071
405.0,555.0,2962.8233322491883
405.0,560.0,2889.4405500758894
405.0,565.0,2761.2206780280058
405.0,570.0,2583.7714000102196
405.0,575.0,2364.9512726678336
405.0,580.0,2114.804750522228
405.0,585.0,1856.508935687708
405.0,590.0,1930.0074111325252
405.0,595.0,2173.5755721584223
405.0,600.0,2381.4904216311866
405.0,605.0,2545.4711600643222
405.0,610.0,2659.334721248516
405.0,615.0,2719.0437052798675
405.0,620.0,2722.7499072180835
405.0,625.0,2670.832049300061
405.0,630.0,2565.923007597164
405.0,635.0,2412.919127340223
405.0,640.0,2218.9625124476865
405.0,645.0,1993.3867290459548
405.0,650.0,1828.7076684770443
405.0,655.0,1956.8798508925388
405.0,660.0,2058.7315143010073
405.0,665.0,2114.62873950216
405.0,670.0,2122.6793529632882
405.0,675.0,2083.189500928438
405.0,680.0,1998.6862752260608
405.0,685.0,1873.9221539889863
405.0,690.0,1866.5692817899999
405.0,695.0,1924.8699830799426
405.0,700.0,1938.1835141609997
405.0,705.0,1906.600470828282
405.0,710.0,1832.8559745878272
405.0,715.0,2007.2340763528173
405.0,720.0,2665.1788072657646
405.0,725.0,3579.3239068105704
405.0,730.0,4653.834511897198
405.0,735.0,5889.125845064183
405.0,740.0,7285.2419097598995
405.0,745.0,8841.841745400507
405.0,750.0,10558.182288968692
405.0,755.0,12433.097985797715
405.0,760.0,14464.977550006784
405.0,765.0,16651.7385346406
405.0,770.0,18990.800616791697
405.0,775.0,21479.05872397639
405.0,780.0,24112.85730752118
405.0,785.0,26887.967198151786
405.0,790.0,29799.566544983718
405.0,795.0,32842.22733288274
405.0,800.0,36009.90889249715
405.0,805.0,39295.95965609253
405.0,810.0,42693.12818053629
405.0,815.0,46193.584155310346
405.0,820.0,49788.949762661374
405.0,825.0,53470.34136429834
405.0,830.0,57228.421084643596
405.0,835.0,61053.45745874937
405.0,840.0,64935.39394528283
405.0,845.0,68863.92378333703
405.0,850.0,72828.5694252103
405.0,855.0,76818.76461150487
405.0,860.0,80823.93708723123
405.0,865.0,84833.58998101183
405.0,870.0,88837.37999393482
405.0,875.0,92825.19074330061
405.0,880.0,96787.19988403589
405.0,885.0,100713.93895051283
405.0,890.0,104596.34521530916
405.0,895.0,108425.80522220135
405.0,900.0,112194.18999792493
410.0,250.0,175509.51558857138
410.0,255.0,175509.51558857132
410.0,260.0,175509.51558857138
410.0,265.0,175509.51558857138
410.0,270.0,175509.5155885713
410.0,275.0,175509.51558857138
410.0,280.0,175509.51558857132
410.0,285.0,175509.51558857138
410.0,290.0,175509.51558857132
410.0,295.0,175509.51558857138
410.0,300.0,175433.46070546214
410.0,305.0,168798.97978029185
410.0,310.0,162015.69650882753
410.0,315.0,155100.54674836464
410.0,320.0,148071.8199672186
410.0,325.0,140949.08446609013
410.0,330.0,133753.1048236054
410.0,335.0,126505.7532515157
410.0,340.0,119229.91627992819
410.0,345.0,111949.39779625123
410.0,350.0,104688.81900000782
410.0,355.0,97473.51531953184
410.0,360.0,90329.42984371544
410.0,365.0,83283.0023711204
410.0,370.0,76361.05283314508
410.0,375.0,69590.65764287251
410.0,380.0,62999.01747628171
410.0,385.0,56613.31513698341
410.0,390.0,50460.56248819044
410.0,395.0,44567.435936794274
410.0,400.0,38960.10061511051
410.0,405.0,33664.02416779631
410.0,410.0,28703.78188057326
410.0,415.0,24102.855711241406
410.0,420.0,19883.430551286154
410.0,425.0,16066.191690464608
410.0,430.0,12670.127920254874
410.0,435.0,9712.344958574336
410.0,440.0,7207.893869776439
410.0,445.0,5169.618883505677
410.0,450.0,3608.028496935757
410.0,455.0,2531.1929972296834
410.0,460.0,1944.6706247274115
410.0,465.0,1851.463564211477
410.0,470.0,2053.755694189719
410.0,475.0,2222.90529989749
410.0,480.0,2347.4688287335675
410.0,485.0,2422.6831423584963
410.0,490.0,2445.9495615828723
410.0,495.0,2416.872240547665
410.0,500.0,2337.287647904795
410.0,505.0,2211.278701775306
410.0,510.0,2045.1650079560904
410.0,515.0,1850.7815925512525
410.0,520.0,1943.6055881882908
410.0,525.0,2222.379518297257
410.0,530.0,2469.5242560408988
410.0,535.0,2675.284956922744
410.0,540.0,2831.974360356146
410.0,545.0,2934.0252405457827
410.0,550.0,2978.0378511840686
410.0,555.0,2962.823332249183
410.0,560.0,2889.4405500758926
410.0,565.0,2761.220678028003
410.0,570.0,2583.7714000102183
410.0,575.0,2364.9512726678386
410.0,580.0,2114.80475052223
410.0,585.0,1856.5089356877065
410.0,590.0,1930.0074111325275
410.0,595.0,2173.575572158415
410.0,600.0,2381.490421631185
410.0,605.0,2545.4711600643163
410.0,610.0,2659.3347212485196
410.0,615.0,2719.0437052798684
410.0,620.0,2722.749907218084
410.0,625.0,2670.8320493000597
410.0,630.0,2565.923007597168
410.0,635.0,2412.9191273402203
410.0,640.0,2218.9625124476893
410.0,645.0,1993.3867290459498
410.0,650.0,1828.7076684770445
410.0,655.0,1956.879850892545
410.0,660.0,2058.7315143010032
410.0,665.0,2114.6287395021636
410.0,670.0,2122.6793529632896
410.0,675.0,2083.189500928434
410.0,680.0,1998.6862752260586
410.0,685.0,1873.922153988989
410.0,690.0,1866.5692817899908
410.0,695.0,1924.8699830799453
410.0,700.0,1938.1835141610013
410.0,705.0,1906.600470828284
410.0,710.0,1832.8559745878304
410.0,715.0,2007.2340763528168
410.0,720.0,2660.0448759245073
410.0,725.0,3549.4768493262663
410.0,730.0,4590.747581800858
410.0,735.0,5784.201597295333
410.0,740.0,7129.84831284163
410.0,745.0,8627.348823760636
410.0,750.0,10275.999235270403
410.0,755.0,12074.710709545348
410.0,760.0,14021.986641689677
410.0,765.0,16115.897622352593
410.0,770.0,18354.055073826436
410.0,775.0,20733.584651524026
410.0,780.0,23251.100667762974
410.0,785.0,25902.682912215558
410.0,790.0,28683.857300971285
410.0,795.0,31589.58177598275
410.0,800.0,34614.2387970273
410.0,805.0,37751.63561368677
410.0,810.0,40995.0132847934
410.0,815.0,44337.065126242655
410.0,820.0,47769.964938091354
410.0,825.0,51285.404993191994
410.0,830.0,54874.643390603436
410.0,835.0,58528.56000062839
410.0,840.0,62237.719884153914
410.0,845.0,65992.44276773123
410.0,850.0,69782.8769246428
410.0,855.0,73599.07565619049
410.0,860.0,77431.07450290583
410.0,865.0,81268.9673355541
410.0,870.0,85102.9795904025
410.0,875.0,88923.53709696987
410.0,880.0,92721.32920428964
410.0,885.0,96487.36520937584
410.0,890.0,100213.02342149343
410.0,895.0,103890.09253288497
410.0,900.0,107510.80529171549
415.0,250.0,168876.84946779098
415.0,255.0,168876.84946779098
415.0,260.0,168876.84946779098
415.0,265.0,168876.84946779098
415.0,270.0,168876.84946779098
415.0,275.0,168876.84946779098
415.0,280.0,168876.84946779098
415.0,285.0,168876.84946779095
415.0,290.0,168876.84946779098
415.0,295.0,168876.84946779098
415.0,300.0,168876.84946779098
415.0,305.0,168798.97978029182
415.0,310.0,162015.69650882753
415.0,315.0,155100.54674836464
415.0,320.0,148071.8199672186
415.0,325.0,140949.0844660901
415.0,330.0,133753.10482360536
415.0,335.0,126505.7532515157
415.0,340.0,119229.91627992812
415.0,345.0,111949.39779625121
415.0,350.0,104688.81900000779
415.0,355.0,97473.51531953186
415.0,360.0,90329.42984371544
415.0,365.0,83283.0023711204
415.0,370.0,76361.05283314512
415.0,375.0,69590.65764287251
415.0,380.0,62999.01747628171
415.0,385.0,56613.31513698341
415.0,390.0,50460.56248819044
415.0,395.0,44567.43593679432
415.0,400.0,38960.10061511052
415.0,405.0,33664.02416779632
415.0,410.0,28703.781880573268
415.0,415.0,24102.855711241387
415.0,420.0,19883.430551286154
415.0,425.0,16066.19169046462
415.0,430.0,12670.127920254892
415.0,435.0,9712.344958574336
415.0,440.0,7207.893869776422
415.0,445.0,5169.618883505681
415.0,450.0,3608.028496935757
415.0,455.0,2531.19299722968
415.0,460.0,1944.6706247274162
415.0,465.0,1851.463564211477
415.0,470.0,2053.7556941897233
415.0,475.0,2222.9052998974894
415.0,480.0,2347.4688287335694
415.0,485.0,2422.683142358494
415.0,490.0,2445.949561582863
415.0,495.0,2416.872240547664
415.0,500.0,2337.2876479047914
415.0,505.0,2211.278701775301
415.0,510.0,2045.1650079560893
415.0,515.0,1850.7815925512525
415.0,520.0,1943.6055881882885
415.0,525.0,2222.3795182972567
415.0,530.0,2469.5242560408974
415.0,535.0,2675.284956922755
415.0,540.0,2831.974360356146
415.0,545.0,2934.0252405457845
415.0,550.0,2978.0378511840713
415.0,555.0,2962.8233322491856
415.0,560.0,2889.4405500758867
415.0,565.0,2761.2206780280076
415.0,570.0,2583.7714000102214
415.0,575.0,2364.9512726678386
415.0,580.0,2114.804750522232
415.0,585.0,1856.5089356877065
415.0,590.0,1930.0074111325216
415.0,595.0,2173.575572158415
415.0,600.0,2381.4904216311857
415.0,605.0,2545.4711600643222
415.0,610.0,2659.334721248518
415.0,615.0,2719.043705279866
415.0,620.0,2722.7499072180804
415.0,625.0,2670.8320493000606
415.0,630.0,2565.9230075971714
415.0,635.0,2412.9191273402175
415.0,640.0,2218.9625124476856
415.0,645.0,1993.3867290459477
415.0,650.0,1828.7076684770434
415.0,655.0,1956.8798508925393
415.0,660.0,2058.7315143010023
415.0,665.0,2114.6287395021645
415.0,670.0,2122.679352963293
415.0,675.0,2083.189500928439
415.0,680.0,1998.6862752260595
415.0,685.0,1873.9221539889897
415.0,690.0,1866.569281789991
415.0,695.0,1924.8699830799358
415.0,700.0,1938.183514161005
415.0,705.0,1906.600470828282
415.0,710.0,1832.8559745878308
415.0,715.0,2007.2340763528182
415.0,720.0,2653.6850159213413
415.0,725.0,3517.690170354601
415.0,730.0,4525.11071155544
415.0,735.0,5676.222884910743
415.0,740.0,6971.001719461945
415.0,745.0,8409.10828726121
415.0,750.0,9989.873489655483
415.0,755.0,11712.278564871849
415.0,760.0,13574.932741743909
415.0,765.0,15576.048692988708
415.0,770.0,17713.4166542109
415.0,775.0,19984.378263789953
415.0,780.0,22385.80132929658
415.0,785.0,24914.056831425685
415.0,790.0,27564.99952547291
415.0,795.0,30333.95348606326
415.0,800.0,33215.70386193387
415.0,805.0,36204.495959094944
415.0,810.0,39294.042561898816
415.0,815.0,42477.54013140039
415.0,820.0,45747.694210674854
415.0,825.0,49096.754021656816
415.0,830.0,52516.55588409179
415.0,835.0,55998.574736127
415.0,840.0,59533.9827154753
415.0,845.0,63113.71347955322
415.0,850.0,66728.53072780318
415.0,855.0,70369.09924401362
415.0,860.0,74026.05671610437
415.0,865.0,77690.08460901826
415.0,870.0,81351.9764724284
415.0,875.0,85002.7022351271
415.0,880.0,88633.4672773442
415.0,885.0,92235.76534874119
415.0,890.0,95801.4247067922
415.0,895.0,99322.64716429794
415.0,900.0,102792.04003817316
420.0,250.0,162095.19234790775
420.0,255.0,162095.19234790766
420.0,260.0,162095.19234790775
420.0,265.0,162095.19234790775
420.0,270.0,162095.19234790775
420.0,275.0,162095.19234790772
420.0,280.0,162095.19234790766
420.0,285.0,162095.19234790775
420.0,290.0,162095.19234790775
420.0,295.0,162095.19234790775
420.0,300.0,162095.19234790772
420.0,305.0,162095.19234790775
420.0,310.0,162015.69650882884
420.0,315.0,155100.5467483646
420.0,320.0,148071.81996721865
420.0,325.0,140949.08446609016
420.0,330.0,133753.10482360542
420.0,335.0,126505.75325151566
420.0,340.0,119229.91627992812
420.0,345.0,111949.39779625117
420.0,350.0,104688.81900000782
420.0,355.0,97473.51531953186
420.0,360.0,90329.42984371544
420.0,365.0,83283.00237112041
420.0,370.0,76361.05283314508
420.0,375.0,69590.65764287245
420.0,380.0,62999.01747628171
420.0,385.0,56613.31513698344
420.0,390.0,50460.562488190444
420.0,395.0,44567.43593679428
420.0,400.0,38960.10061511052
420.0,405.0,33664.02416779629
420.0,410.0,28703.78188057326
420.0,415.0,24102.855711241406
420.0,420.0,19883.430551286165
420.0,425.0,16066.19169046462
420.0,430.0,12670.127920254892
420.0,435.0,9712.344958574331
420.0,440.0,7207.893869776422
420.0,445.0,5169.618883505677
420.0,450.0,3608.028496935763
420.0,455.0,2531.1929972296834
420.0,460.0,1944.6706247274162
420.0,465.0,1851.463564211477
420.0,470.0,2053.755694189709
420.0,475.0,2222.9052998974876
420.0,480.0,2347.468828733572
420.0,485.0,2422.683142358496
420.0,490.0,2445.9495615828687
420.0,495.0,2416.8722405476615
420.0,500.0,2337.2876479047927
420.0,505.0,2211.2787017753053
420.0,510.0,2045.1650079560832
420.0,515.0,1850.7815925512473
420.0,520.0,1943.6055881882894
420.0,525.0,2222.3795182972613
420.0,530.0,2469.524256040897
420.0,535.0,2675.284956922748
420.0,540.0,2831.974360356153
420.0,545.0,2934.0252405457804
420.0,550.0,2978.037851184069
420.0,555.0,2962.823332249193
420.0,560.0,2889.440550075889
420.0,565.0,2761.2206780280058
420.0,570.0,2583.7714000102214
420.0,575.0,2364.951272667836
420.0,580.0,2114.8047505222326
420.0,585.0,1856.508935687708
420.0,590.0,1930.0074111325243
420.0,595.0,2173.5755721584187
420.0,600.0,2381.490421631184
420.0,605.0,2545.471160064324
420.0,610.0,2659.3347212485214
420.0,615.0,2719.043705279866
420.0,620.0,2722.7499072180817
420.0,625.0,2670.8320493000624
420.0,630.0,2565.9230075971695
420.0,635.0,2412.9191273402184
420.0,640.0,2218.9625124476925
420.0,645.0,1993.3867290459502
420.0,650.0,1828.707668477044
420.0,655.0,1956.8798508925436
420.0,660.0,2058.731514301008
420.0,665.0,2114.6287395021645
420.0,670.0,2122.679352963289
420.0,675.0,2083.189500928439
420.0,680.0,1998.686275226061
420.0,685.0,1873.9221539889909
420.0,690.0,1866.5692817899942
420.0,695.0,1924.8699830799449
420.0,700.0,1938.1835141610006
420.0,705.0,1906.600470828275
420.0,710.0,1832.8559745878272
420.0,715.0,2007.2340763528132
420.0,720.0,2646.0573309415245
420.0,725.0,3483.968012751509
420.0,730.0,4456.991397512723
420.0,735.0,5565.338448358642
420.0,740.0,6808.950559009297
420.0,745.0,8187.487235782003
420.0,750.0,9700.310325349667
420.0,755.0,11346.465006480477
420.0,760.0,13124.657980097556
420.0,765.0,15033.23350463586
420.0,770.0,17070.14812000377
420.0,775.0,19232.945076367723
420.0,780.0,21518.729619981023
420.0,785.0,23924.146381576815
420.0,790.0,26445.360153337464
420.0,795.0,29078.0413218968
420.0,800.0,31817.3571464551
420.0,805.0,34657.969928433406
420.0,810.0,37594.042921125416
420.0,815.0,40619.2545735352
420.0,820.0,43726.82141257952
420.0,825.0,46909.52954574345
420.0,830.0,50159.77443687761
420.0,835.0,53469.608281750996
420.0,840.0,56830.79401282093
420.0,845.0,60234.864702957544
420.0,850.0,63673.186939025596
420.0,855.0,67137.02660206967
420.0,860.0,70617.61543555667
420.0,865.0,74106.21680036817
420.0,870.0,77594.18911397352
420.0,875.0,81073.04562904351
420.0,880.0,84534.5094289547
420.0,885.0,87970.56277412457
420.0,890.0,91373.49021812205
420.0,895.0,94735.91520429123
420.0,900.0,98050.83013584104
425.0,250.0,155181.46401700948
425.0,255.0,155181.4640170094
425.0,260.0,155181.4640170094
425.0,265.0,155181.46401700942
425.0,270.0,155181.46401700948
425.0,275.0,155181.46401700948
425.0,280.0,155181.4640170094
425.0,285.0,155181.4640170095
425.0,290.0,155181.46401700948
425.0,295.0,155181.4640170094
425.0,300.0,155181.46401700948
425.0,305.0,155181.46401700948
425.0,310.0,155181.46401700948
425.0,315.0,155100.54674836484
425.0,320.0,148071.8199672186
425.0,325.0,140949.08446609008
425.0,330.0,133753.10482360536
425.0,335.0,126505.7532515157
425.0,340.0,119229.91627992812
425.0,345.0,111949.39779625117
425.0,350.0,104688.81900000783
425.0,355.0,97473.51531953184
425.0,360.0,90329.42984371544
425.0,365.0,83283.0023711204
425.0,370.0,76361.0528331451
425.0,375.0,69590.65764287251
425.0,380.0,62999.01747628171
425.0,385.0,56613.315136983416
425.0,390.0,50460.562488190444
425.0,395.0,44567.435936794274
425.0,400.0,38960.10061511049
425.0,405.0,33664.02416779632
425.0,410.0,28703.781880573268
425.0,415.0,24102.855711241387
425.0,420.0,19883.430551286154
425.0,425.0,16066.19169046459
425.0,430.0,12670.127920254892
425.0,435.0,9712.344958574331
425.0,440.0,7207.893869776439
425.0,445.0,5169.618883505677
425.0,450.0,3608.0284969357617
425.0,455.0,2531.192997229684
425.0,460.0,1944.6706247274162
425.0,465.0,1851.463564211477
425.0,470.0,2053.7556941897196
425.0,475.0,2222.90529989749
425.0,480.0,2347.468828733574
425.0,485.0,2422.683142358492
425.0,490.0,2445.9495615828696
425.0,495.0,2416.8722405476633
425.0,500.0,2337.287647904793
425.0,505.0,2211.2787017753035
425.0,510.0,2045.1650079560873
425.0,515.0,1850.7815925512525
425.0,520.0,1943.6055881882899
425.0,525.0,2222.379518297262
425.0,530.0,2469.524256040897
425.0,535.0,2675.284956922749
425.0,540.0,2831.9743603561483
425.0,545.0,2934.025240545805
425.0,550.0,2978.037851184064
425.0,555.0,2962.82333224919
425.0,560.0,2889.4405500758935
425.0,565.0,2761.220678028004
425.0,570.0,2583.771400010238
425.0,575.0,2364.951272667839
425.0,580.0,2114.804750522228
425.0,585.0,1856.5089356877065
425.0,590.0,1930.0074111325252
425.0,595.0,2173.575572158415
425.0,600.0,2381.490421631184
425.0,605.0,2545.471160064316
425.0,610.0,2659.334721248527
425.0,615.0,2719.0437052798684
425.0,620.0,2722.7499072180844
425.0,625.0,2670.8320493000556
425.0,630.0,2565.923007597164
425.0,635.0,2412.9191273402266
425.0,640.0,2218.962512447689
425.0,645.0,1993.3867290459482
425.0,650.0,1828.7076684770443
425.0,655.0,1956.879850892545
425.0,660.0,2058.731514301007
425.0,665.0,2114.628739502164
425.0,670.0,2122.6793529632873
425.0,675.0,2083.189500928433
425.0,680.0,1998.6862752260613
425.0,685.0,1873.922153988987
425.0,690.0,1866.5692817899915
425.0,695.0,1924.8699830799428
425.0,700.0,1938.183514161006
425.0,705.0,1906.600470828287
425.0,710.0,1832.8559745878265
425.0,715.0,2007.2340763528132
425.0,720.0,2637.1258928540165
425.0,725.0,3448.323269216135
425.0,730.0,4386.468359373211
425.0,735.0,5451.710322434442
425.0,740.0,6643.958145482093
425.0,745.0,7962.86870305601
425.0,750.0,9407.83141681341
425.0,755.0,10977.949755610247
425.0,760.0,12672.020017709936
425.0,765.0,14488.50803343601
425.0,770.0,16425.52460652938
425.0,775.0,18480.800669459113
425.0,780.0,20651.66324964317
425.0,785.0,22935.013424971483
425.0,790.0,25327.307479086507
425.0,795.0,27824.542444101346
425.0,800.0,30422.24714047256
425.0,805.0,33115.47968666074
425.0,810.0,35898.83226367012
425.0,815.0,38766.44368065638
425.0,820.0,41712.02001689785
425.0,825.0,44728.8633157403
425.0,830.0,47809.9080007197
425.0,835.0,50947.76438251426
425.0,840.0,54134.76835136086
425.0,845.0,57363.03611055805
425.0,850.0,60624.522624362275
425.0,855.0,63911.082331076206
425.0,860.0,67214.53062256594
425.0,865.0,70526.70460863039
425.0,870.0,73839.52177711415
425.0,875.0,77145.03530730632
425.0,880.0,80435.48500035338
425.0,885.0,83703.34302802262
425.0,890.0,86941.35396520824
425.0,895.0,90142.56884196693
425.0,900.0,93300.37321251865
430.0,250.0,148153.93869466393
430.0,255.0,148153.93869466393
430.0,260.0,148153.93869466393
430.0,265.0,148153.93869466393
430.0,270.0,148153.93869466393
430.0,275.0,148153.93869466393
430.0,280.0,148153.93869466393
430.0,285.0,148153.93869466393
430.0,290.0,148153.93869466393
430.0,295.0,148153.93869466393
430.0,300.0,148153.93869466393
430.0,305.0,148153.93869466393
430.0,310.0,148153.93869466393
430.0,315.0,148153.93869466393
430.0,320.0,148071.8199672186
430.0,325.0,140949.08446609016
430.0,330.0,133753.10482360542
430.0,335.0,126505.7532515157
430.0,340.0,119229.91627992812
430.0,345.0,111949.39779625117
430.0,350.0,104688.81900000783
430.0,355.0,97473.51531953186
430.0,360.0,90329.42984371544
430.0,365.0,83283.0023711204
430.0,370.0,76361.05283314508
430.0,375.0,69590.65764287251
430.0,380.0,62999.017476281704
430.0,385.0,56613.31513698341
430.0,390.0,50460.56248819044
430.0,395.0,44567.435936794274
430.0,400.0,38960.10061511052
430.0,405.0,33664.02416779632
430.0,410.0,28703.78188057326
430.0,415.0,24102.855711241384
430.0,420.0,19883.430551286165
430.0,425.0,16066.191690464628
430.0,430.0,12670.127920254898
430.0,435.0,9712.344958574336
430.0,440.0,7207.893869776439
430.0,445.0,5169.618883505669
430.0,450.0,3608.0284969357567
430.0,455.0,2531.1929972296834
430.0,460.0,1944.6706247274162
430.0,465.0,1851.463564211477
430.0,470.0,2053.7556941897133
430.0,475.0,2222.9052998974835
430.0,480.0,2347.468828733574
430.0,485.0,2422.6831423584963
430.0,490.0,2445.949561582865
430.0,495.0,2416.872240547659
430.0,500.0,2337.2876479047945
430.0,505.0,2211.2787017753058
430.0,510.0,2045.1650079560873
430.0,515.0,1850.7815925512473
430.0,520.0,1943.6055881882885
430.0,525.0,2222.379518297255
430.0,530.0,2469.524256040897
430.0,535.0,2675.284956922744
430.0,540.0,2831.9743603561565
430.0,545.0,2934.025240545783
430.0,550.0,2978.0378511840713
430.0,555.0,2962.823332249183
430.0,560.0,2889.440550075888
430.0,565.0,2761.2206780280076
430.0,570.0,2583.77140001022
430.0,575.0,2364.9512726678386
430.0,580.0,2114.80475052223
430.0,585.0,1856.508935687708
430.0,590.0,1930.0074111325255
430.0,595.0,2173.5755721584205
430.0,600.0,2381.490421631184
430.0,605.0,2545.471160064323
430.0,610.0,2659.3347212485255
430.0,615.0,2719.0437052798675
430.0,620.0,2722.7499072180854
430.0,625.0,2670.8320493000624
430.0,630.0,2565.923007597173
430.0,635.0,2412.919127340222
430.0,640.0,2218.9625124476897
430.0,645.0,1993.3867290459505
430.0,650.0,1828.7076684770439
430.0,655.0,1956.879850892545
430.0,660.0,2058.7315143010032
430.0,665.0,2114.62873950216
430.0,670.0,2122.679352963289
430.0,675.0,2083.1895009284376
430.0,680.0,1998.6862752260627
430.0,685.0,1873.9221539889907
430.0,690.0,1866.5692817899944
430.0,695.0,1924.8699830799428
430.0,700.0,1938.1835141609947
430.0,705.0,1906.6004708282824
430.0,710.0,1832.8559745878329
430.0,715.0,2007.2340763528189
430.0,720.0,2626.8609378995898
430.0,725.0,3410.77746663688
430.0,730.0,4313.630977142385
430.0,735.0,5335.5126891413975
430.0,740.0,6476.300808864995
430.0,745.0,7735.648928632374
430.0,750.0,9112.971113661359
430.0,755.0,10607.42393615155
430.0,760.0,12217.88590334748
430.0,765.0,13942.934906912018
430.0,770.0,15780.824484680968
430.0,775.0,17729.45982721969
430.0,780.0,19786.37456933258
430.0,785.0,21948.70947655522
430.0,790.0,24213.194160525112
430.0,795.0,26576.13293025103
430.0,800.0,29033.395808728823
430.0,805.0,31580.41561264369
430.0,810.0,34212.19181543554
430.0,815.0,36923.30168997136
430.0,820.0,39707.91897468804
430.0,825.0,42559.840029124985
430.0,830.0,45472.517162695905
430.0,835.0,48439.09854292775
430.0,840.0,51452.47383805299
430.0,845.0,54505.32453027733
430.0,850.0,57590.1776702065
430.0,855.0,60699.46173228293
430.0,860.0,63825.56318772176
430.0,865.0,66960.88242928547
430.0,870.0,70097.88776933434
430.0,875.0,73229.16636910778
430.0,880.0,76347.47114846777
430.0,885.0,79445.76294516187
430.0,890.0,82517.24743678833
430.0,895.0,85555.40658851026
430.0,900.0,88554.02463136101
435.0,250.0,141032.17035521343
435.0,255.0,141032.1703552134
435.0,260.0,141032.1703552134
435.0,265.0,141032.1703552134
435.0,270.0,141032.1703552134
435.0,275.0,141032.17035521343
435.0,280.0,141032.1703552134
435.0,285.0,141032.1703552134
435.0,290.0,141032.17035521343
435.0,295.0,141032.1703552134
435.0,300.0,141032.17035521337
435.0,305.0,141032.17035521337
435.0,310.0,141032.1703552134
435.0,315.0,141032.1703552134
435.0,320.0,141032.1703552134
435.0,325.0,140949.0844660901
435.0,330.0,133753.10482360536
435.0,335.0,126505.7532515157
435.0,340.0,119229.91627992819
435.0,345.0,111949.39779625121
435.0,350.0,104688.81900000783
435.0,355.0,97473.51531953184
435.0,360.0,90329.42984371544
435.0,365.0,83283.00237112044
435.0,370.0,76361.05283314508
435.0,375.0,69590.65764287251
435.0,380.0,62999.01747628171
435.0,385.0,56613.315136983445
435.0,390.0,50460.56248819047
435.0,395.0,44567.43593679428
435.0,400.0,38960.100615110496
435.0,405.0,33664.02416779632
435.0,410.0,28703.78188057326
435.0,415.0,24102.855711241384
435.0,420.0,19883.430551286154
435.0,425.0,16066.191690464593
435.0,430.0,12670.127920254898
435.0,435.0,9712.344958574331
435.0,440.0,7207.893869776439
435.0,445.0,5169.618883505681
435.0,450.0,3608.0284969357576
435.0,455.0,2531.192997229683
435.0,460.0,1944.6706247274162
435.0,465.0,1851.463564211477
435.0,470.0,2053.755694189718
435.0,475.0,2222.90529989749
435.0,480.0,2347.4688287335757
435.0,485.0,2422.6831423584945
435.0,490.0,2445.949561582863
435.0,495.0,2416.8722405476665
435.0,500.0,2337.287647904789
435.0,505.0,2211.278701775308
435.0,510.0,2045.1650079560875
435.0,515.0,1850.7815925512525
435.0,520.0,1943.605588188289
435.0,525.0,2222.379518297261
435.0,530.0,2469.524256040898
435.0,535.0,2675.284956922748
435.0,540.0,2831.974360356153
435.0,545.0,2934.0252405457827
435.0,550.0,2978.037851184065
435.0,555.0,2962.823332249193
435.0,560.0,2889.440550075896
435.0,565.0,2761.220678028003
435.0,570.0,2583.7714000102183
435.0,575.0,2364.951272667832
435.0,580.0,2114.8047505222294
435.0,585.0,1856.508935687707
435.0,590.0,1930.0074111325255
435.0,595.0,2173.575572158418
435.0,600.0,2381.490421631188
435.0,605.0,2545.471160064319
435.0,610.0,2659.33472124852
435.0,615.0,2719.043705279872
435.0,620.0,2722.7499072180844
435.0,625.0,2670.8320493000606
435.0,630.0,2565.9230075971695
435.0,635.0,2412.919127340216
435.0,640.0,2218.962512447688
435.0,645.0,1993.3867290459505
435.0,650.0,1828.707668477042
435.0,655.0,1956.8798508925463
435.0,660.0,2058.7315143010073
435.0,665.0,2114.628739502158
435.0,670.0,2122.679352963287
435.0,675.0,2083.1895009284335
435.0,680.0,1998.686275226057
435.0,685.0,1873.9221539889886
435.0,690.0,1866.5692817899903
435.0,695.0,1924.8699830799446
435.0,700.0,1938.1835141609977
435.0,705.0,1906.6004708282833
435.0,710.0,1832.8559745878297
435.0,715.0,2007.2340763528164
435.0,720.0,2615.2389996747856
435.0,725.0,3371.360559792378
435.0,730.0,4238.578617724632
435.0,735.0,5216.930610822199
435.0,740.0,6306.265910129066
435.0,745.0,7506.234531610947
435.0,750.0,8816.272651040608
435.0,755.0,10235.585199835732
435.0,760.0,11763.125990988041
435.0,765.0,13397.575989026596
435.0,770.0,15137.320485810897
435.0,775.0,16980.426070065118
435.0,780.0,18924.618372761197
435.0,785.0,20967.2616291962
435.0,790.0,23105.341114620976
435.0,795.0,25335.449479516727
435.0,800.0,27653.777933491376
435.0,805.0,30056.113100314855
435.0,810.0,32537.840198922244
435.0,815.0,35093.95299557528
435.0,820.0,37719.07073789591
435.0,825.0,40407.4620245803
435.0,830.0,43153.07530513652
435.0,835.0,45949.575449602686
435.0,840.0,48790.38559894634
435.0,845.0,51668.73330829981
435.0,850.0,54577.69984561413
435.0,855.0,57510.27140959091
435.0,860.0,60459.390993880064
435.0,865.0,63418.00964358674
435.0,870.0,66379.13593260554
435.0,875.0,69335.88261760362
435.0,880.0,72281.5096018528
435.0,885.0,75209.46254519925
435.0,890.0,78113.40668165534
435.0,895.0,80987.25563633698
435.0,900.0,83825.19525615919
440.0,250.0,133836.91025205087
440.0,255.0,133836.9102520509
440.0,260.0,133836.91025205087
440.0,265.0,133836.9102520509
440.0,270.0,133836.91025205093
440.0,275.0,133836.91025205087
440.0,280.0,133836.91025205087
440.0,285.0,133836.9102520509
440.0,290.0,133836.91025205087
440.0,295.0,133836.91025205087
440.0,300.0,133836.91025205087
440.0,305.0,133836.91025205087
440.0,310.0,133836.91025205087
440.0,315.0,133836.91025205093
440.0,320.0,133836.91025205087
440.0,325.0,133836.91025205087
440.0,330.0,133753.10482360626
440.0,335.0,126505.7532515157
440.0,340.0,119229.91627992812
440.0,345.0,111949.39779625117
440.0,350.0,104688.81900000783
440.0,355.0,97473.51531953184
440.0,360.0,90329.42984371539
440.0,365.0,83283.0023711204
440.0,370.0,76361.0528331451
440.0,375.0,69590.65764287251
440.0,380.0,62999.01747628171
440.0,385.0,56613.31513698341
440.0,390.0,50460.56248819044
440.0,395.0,44567.435936794274
440.0,400.0,38960.10061511053
440.0,405.0,33664.02416779632
440.0,410.0,28703.781880573268
440.0,415.0,24102.855711241387
440.0,420.0,19883.430551286147
440.0,425.0,16066.191690464604
440.0,430.0,12670.127920254892
440.0,435.0,9712.344958574336
440.0,440.0,7207.8938697764215
440.0,445.0,5169.618883505681
440.0,450.0,3608.0284969357567
440.0,455.0,2531.1929972296834
440.0,460.0,1944.6706247274162
440.0,465.0,1851.4635642114763
440.0,470.0,2053.7556941897187
440.0,475.0,2222.9052998974876
440.0,480.0,2347.4688287335757
440.0,485.0,2422.683142358497
440.0,490.0,2445.9495615828687
440.0,495.0,2416.872240547664
440.0,500.0,2337.2876479047923
440.0,505.0,2211.2787017752994
440.0,510.0,2045.1650079560877
440.0,515.0,1850.781592551247
440.0,520.0,1943.6055881882953
440.0,525.0,2222.3795182972603
440.0,530.0,2469.524256040898
440.0,535.0,2675.2849569227483
440.0,540.0,2831.9743603561574
440.0,545.0,2934.025240545788
440.0,550.0,2978.037851184071
440.0,555.0,2962.8233322491874
440.0,560.0,2889.440550075892
440.0,565.0,2761.2206780280076
440.0,570.0,2583.771400010226
440.0,575.0,2364.951272667836
440.0,580.0,2114.8047505222335
440.0,585.0,1856.5089356877065
440.0,590.0,1930.0074111325282
440.0,595.0,2173.5755721584223
440.0,600.0,2381.4904216311897
440.0,605.0,2545.4711600643222
440.0,610.0,2659.3347212485205
440.0,615.0,2719.0437052798716
440.0,620.0,2722.7499072180835
440.0,625.0,2670.8320493000565
440.0,630.0,2565.9230075971677
440.0,635.0,2412.9191273402184
440.0,640.0,2218.9625124476897
440.0,645.0,1993.3867290459502
440.0,650.0,1828.7076684770443
440.0,655.0,1956.8798508925454
440.0,660.0,2058.731514301007
440.0,665.0,2114.628739502158
440.0,670.0,2122.6793529632873
440.0,675.0,2083.189500928438
440.0,680.0,1998.6862752260565
440.0,685.0,1873.9221539889907
440.0,690.0,1866.5692817899878
440.0,695.0,1924.8699830799442
440.0,700.0,1938.1835141609995
440.0,705.0,1906.60047082828
440.0,710.0,1832.8559745878306
440.0,715.0,2007.2340763528164
440.0,720.0,2602.2429772721607
440.0,725.0,3330.110639715904
440.0,730.0,4161.419866910362
440.0,735.0,5096.158673180613
440.0,740.0,6134.149786639872
440.0,745.0,7275.039653256756
440.0,750.0,8518.284386910085
440.0,755.0,9863.132957137108
440.0,760.0,11308.608063411952
440.0,765.0,12853.48529406627
440.0,770.0,14496.271300363835
440.0,775.0,16235.181827646005
440.0,780.0,18068.12052667521
440.0,785.0,19992.659516424257
440.0,790.0,22006.022678153106
440.0,795.0,24105.07262627253
440.0,800.0,26286.302224954303
440.0,805.0,28545.831398188242
440.0,810.0,30879.409822813228
440.0,815.0,33282.425898351816
440.0,820.0,35749.922170295526
440.0,825.0,38276.61714688951
440.0,830.0,40856.93321181821
440.0,835.0,43485.0301032508
440.0,840.0,46154.843221835035
440.0,845.0,48860.12585112203
440.0,850.0,51594.494240234024
440.0,855.0,54351.474411628784
440.0,860.0,57124.54952655995
440.0,865.0,59907.206661455726
440.0,870.0,62692.98192690296
440.0,875.0,65475.50297979433
440.0,880.0,68248.52814359932
440.0,885.0,71005.98153905247
440.0,890.0,73741.98383479494
440.0,895.0,76450.87843902926
440.0,900.0,79127.25315761523
445.0,250.0,126590.0183347681
445.0,255.0,126590.0183347681
445.0,260.0,126590.0183347681
445.0,265.0,126590.01833476804
445.0,270.0,126590.01833476807
445.0,275.0,126590.01833476804
445.0,280.0,126590.01833476809
445.0,285.0,126590.01833476807
445.0,290.0,126590.01833476804
445.0,295.0,126590.01833476807
445.0,300.0,126590.0183347681
445.0,305.0,126590.01833476807
445.0,310.0,126590.01833476804
445.0,315.0,126590.0183347681
445.0,320.0,126590.0183347681
445.0,325.0,126590.01833476807
445.0,330.0,126590.01833476809
445.0,335.0,126505.75325151622
445.0,340.0,119229.91627992813
445.0,345.0,111949.39779625117
445.0,350.0,104688.81900000782
445.0,355.0,97473.51531953187
445.0,360.0,90329.42984371544
445.0,365.0,83283.0023711204
445.0,370.0,76361.05283314512
445.0,375.0,69590.65764287251
445.0,380.0,62999.01747628171
445.0,385.0,56613.31513698344
445.0,390.0,50460.56248819044
445.0,395.0,44567.435936794274
445.0,400.0,38960.10061511053
445.0,405.0,33664.02416779631
445.0,410.0,28703.78188057326
445.0,415.0,24102.855711241384
445.0,420.0,19883.430551286132
445.0,425.0,16066.191690464619
445.0,430.0,12670.127920254892
445.0,435.0,9712.344958574331
445.0,440.0,7207.8938697764215
445.0,445.0,5169.618883505681
445.0,450.0,3608.0284969357567
445.0,455.0,2531.192997229677
445.0,460.0,1944.6706247274099
445.0,465.0,1851.4635642114742
445.0,470.0,2053.7556941897165
445.0,475.0,2222.9052998974826
445.0,480.0,2347.4688287335725
445.0,485.0,2422.6831423584945
445.0,490.0,2445.9495615828732
445.0,495.0,2416.8722405476615
445.0,500.0,2337.287647904788
445.0,505.0,2211.278701775299
445.0,510.0,2045.1650079560882
445.0,515.0,1850.7815925512525
445.0,520.0,1943.6055881882949
445.0,525.0,2222.379518297258
445.0,530.0,2469.524256040901
445.0,535.0,2675.2849569227537
445.0,540.0,2831.9743603561515
445.0,545.0,2934.025240545782
445.0,550.0,2978.037851184062
445.0,555.0,2962.823332249184
445.0,560.0,2889.4405500758926
445.0,565.0,2761.2206780280076
445.0,570.0,2583.7714000102196
445.0,575.0,2364.9512726678317
445.0,580.0,2114.8047505222326
445.0,585.0,1856.5089356877083
445.0,590.0,1930.0074111325257
445.0,595.0,2173.575572158421
445.0,600.0,2381.4904216311907
445.0,605.0,2545.4711600643222
445.0,610.0,2659.334721248519
445.0,615.0,2719.0437052798716
445.0,620.0,2722.749907218078
445.0,625.0,2670.832049300061
445.0,630.0,2565.9230075971705
445.0,635.0,2412.919127340223
445.0,640.0,2218.9625124476897
445.0,645.0,1993.3867290459557
445.0,650.0,1828.7076684770445
445.0,655.0,1956.8798508925463
445.0,660.0,2058.731514301007
445.0,665.0,2114.6287395021645
445.0,670.0,2122.6793529632914
445.0,675.0,2083.189500928438
445.0,680.0,1998.6862752260613
445.0,685.0,1873.9221539889952
445.0,690.0,1866.5692817899946
445.0,695.0,1924.8699830799396
445.0,700.0,1938.183514161
445.0,705.0,1906.6004708282765
445.0,710.0,1832.8559745878304
445.0,715.0,2007.2340763528168
445.0,720.0,2587.862138574059
445.0,725.0,3287.0735645384375
445.0,730.0,4082.2716855180574
445.0,735.0,4973.3995708396415
445.0,740.0,5960.255677223074
445.0,745.0,7042.4831368361
445.0,750.0,8219.556155911416
445.0,755.0,9490.763826963816
445.0,760.0,10855.191800287337
445.0,765.0,12311.702394569531
445.0,770.0,13858.91384394821
445.0,775.0,15495.179476156038
445.0,780.0,17218.5676852725
445.0,785.0,19026.84360071694
445.0,790.0,20917.453355815447
445.0,795.0,22887.511821733384
445.0,800.0,24933.79459681185
445.0,805.0,27052.734925281376
445.0,810.0,29240.4260704524
445.0,815.0,31492.62948529892
445.0,820.0,33804.78892285954
445.0,825.0,36172.050411832475
445.0,830.0,38589.28780607534
445.0,835.0,41051.13340636799
445.0,840.0,43552.01296549077
445.0,845.0,46086.184227324615
445.0,850.0,48647.778032382506
445.0,855.0,51230.84094670657
445.0,860.0,53829.37834738031
445.0,865.0,56437.39692031796
445.0,870.0,59048.94560090646
445.0,875.0,61658.15409917642
445.0,880.0,64259.2683034327
445.0,885.0,66846.68202876397
445.0,890.0,69414.96476707688
445.0,895.0,71958.88528902283
445.0,900.0,74473.43113502754
450.0,250.0,119314.3699816173
450.0,255.0,119314.36998161727
450.0,260.0,119314.36998161727
450.0,265.0,119314.36998161724
450.0,270.0,119314.3699816173
450.0,275.0,119314.3699816173
450.0,280.0,119314.36998161727
450.0,285.0,119314.36998161724
450.0,290.0,119314.36998161729
450.0,295.0,119314.3699816173
450.0,300.0,119314.36998161727
450.0,305.0,119314.3699816173
450.0,310.0,119314.36998161727
450.0,315.0,119314.36998161727
450.0,320.0,119314.3699816173
450.0,325.0,119314.3699816173
450.0,330.0,119314.3699816173
450.0,335.0,119314.3699816173
450.0,340.0,119229.91627992813
450.0,345.0,111949.39779625127
450.0,350.0,104688.81900000777
450.0,355.0,97473.51531953187
450.0,360.0,90329.42984371544
450.0,365.0,83283.00237112046
450.0,370.0,76361.0528331451
450.0,375.0,69590.65764287251
450.0,380.0,62999.01747628171
450.0,385.0,56613.31513698341
450.0,390.0,50460.56248819044
450.0,395.0,44567.435936794274
450.0,400.0,38960.10061511049
450.0,405.0,33664.02416779632
450.0,410.0,28703.781880573268
450.0,415.0,24102.855711241395
450.0,420.0,19883.430551286147
450.0,425.0,16066.191690464619
450.0,430.0,12670.127920254898
450.0,435.0,9712.344958574336
450.0,440.0,7207.893869776422
450.0,445.0,5169.618883505679
450.0,450.0,3608.0284969357567
450.0,455.0,2531.1929972296834
450.0,460.0,1944.6706247274112
450.0,465.0,1851.4635642114756
450.0,470.0,2053.7556941897155
450.0,475.0,2222.9052998974926
450.0,480.0,2347.4688287335757
450.0,485.0,2422.6831423584963
450.0,490.0,2445.949561582868
450.0,495.0,2416.872240547665
450.0,500.0,2337.2876479047973
450.0,505.0,2211.278701775311
450.0,510.0,2045.1650079560857
450.0,515.0,1850.7815925597376
450.0,520.0,1943.605588188288
450.0,525.0,2222.3795182972594
450.0,530.0,2469.5242560409006
450.0,535.0,2675.284956922741
450.0,540.0,2831.9743603561515
450.0,545.0,2934.025240545786
450.0,550.0,2978.0378511840713
450.0,555.0,2962.8233322491933
450.0,560.0,2889.44055007589
450.0,565.0,2761.220678028004
450.0,570.0,2583.7714000102187
450.0,575.0,2364.9512726678386
450.0,580.0,2114.80475052223
450.0,585.0,1856.5089356877065
450.0,590.0,1930.007411132527
450.0,595.0,2173.575572158415
450.0,600.0,2381.4904216311884
450.0,605.0,2545.471160064325
450.0,610.0,2659.3347212485205
450.0,615.0,2719.0437052798698
450.0,620.0,2722.749907218087
450.0,625.0,2670.8320493000556
450.0,630.0,2565.923007597166
450.0,635.0,2412.919127340223
450.0,640.0,2218.962512447685
450.0,645.0,1993.3867290459484
450.0,650.0,1828.7076684770443
450.0,655.0,1956.8798508925408
450.0,660.0,2058.731514301007
450.0,665.0,2114.628739502158
450.0,670.0,2122.6793529632932
450.0,675.0,2083.189500928439
450.0,680.0,1998.6862752260586
450.0,685.0,1873.9221539889922
450.0,690.0,1866.569281789995
450.0,695.0,1924.8699830799424
450.0,700.0,1938.1835141610013
450.0,705.0,1906.6004708282808
450.0,710.0,1832.8559745878272
450.0,715.0,2007.2340763528312
450.0,720.0,2572.0920604196867
450.0,725.0,3242.302522922312
450.0,730.0,4001.2585108218204
450.0,735.0,4848.862669918708
450.0,740.0,5784.891676746859
450.0,745.0,6808.985811620894
450.0,750.0,7920.63582527577
450.0,755.0,9119.167410209455
450.0,760.0,10403.723716332566
450.0,765.0,11773.246470080108
450.0,770.0,13226.456359361251
450.0,775.0,14761.83343067357
450.0,780.0,16377.598301976208
450.0,785.0,18071.69502371846
450.0,790.0,19841.776415815642
450.0,795.0,21685.19266807459
450.0,800.0,23598.98391686579
450.0,805.0,25579.877400016754
450.0,810.0,27624.2896521488
450.0,815.0,29728.334033610052
450.0,820.0,31887.833701750387
450.0,825.0,34098.33993502315
450.0,830.0,36355.15552383881
450.0,835.0,38653.36275240679
450.0,840.0,40987.855328173806
450.0,845.0,43353.373473069674
450.0,850.0,45744.54128721843
450.0,855.0,48155.90543134369
450.0,860.0,50581.97415680482
450.0,865.0,53017.255736472696
450.0,870.0,55456.29542134902
450.0,875.0,57893.71015170823
450.0,880.0,60324.22039237869
450.0,885.0,62742.678620259794
450.0,890.0,65144.09416629374
450.0,895.0,67523.6542909007
450.0,900.0,69876.74154204452
455.0,250.0,112033.75907684924
455.0,255.0,112033.75907684925
455.0,260.0,112033.75907684925
455.0,265.0,112033.75907684925
455.0,270.0,112033.75907684924
455.0,275.0,112033.75907684922
455.0,280.0,112033.75907684925
455.0,285.0,112033.75907684927
455.0,290.0,112033.7590768493
455.0,295.0,112033.75907684927
455.0,300.0,112033.75907684928
455.0,305.0,112033.75907684925
455.0,310.0,112033.75907684928
455.0,315.0,112033.75907684928
455.0,320.0,112033.75907684925
455.0,325.0,112033.75907684925
455.0,330.0,112033.75907684925
455.0,335.0,112033.7590768493
455.0,340.0,112033.75907684925
455.0,345.0,111949.39779625123
455.0,350.0,104688.81900000782
455.0,355.0,97473.51531953186
455.0,360.0,90329.42984371544
455.0,365.0,83283.00237112038
455.0,370.0,76361.05283314508
455.0,375.0,69590.65764287245
455.0,380.0,62999.01747628171
455.0,385.0,56613.31513698341
455.0,390.0,50460.56248819047
455.0,395.0,44567.435936794274
455.0,400.0,38960.10061511053
455.0,405.0,33664.0241677963
455.0,410.0,28703.78188057326
455.0,415.0,24102.8557112414
455.0,420.0,19883.430551286165
455.0,425.0,16066.191690464619
455.0,430.0,12670.127920254874
455.0,435.0,9712.344958574331
455.0,440.0,7207.893869776422
455.0,445.0,5169.618883505677
455.0,450.0,3608.028496935763
455.0,455.0,2531.192997229674
455.0,460.0,1944.6706247274103
455.0,465.0,1851.463564211477
455.0,470.0,2053.7556941897133
455.0,475.0,2222.905299897489
455.0,480.0,2347.468828733573
455.0,485.0,2422.683142358497
455.0,490.0,2445.949561582872
455.0,495.0,2416.872240547673
455.0,500.0,2337.2876479047936
455.0,505.0,2211.2787017753058
455.0,510.0,2045.1650079560893
455.0,515.0,1850.7815925512532
455.0,520.0,1943.6055881882894
455.0,525.0,2222.379518297262
455.0,530.0,2469.524256040898
455.0,535.0,2675.2849569227483
455.0,540.0,2831.9743603561537
455.0,545.0,2934.025240545785
455.0,550.0,2978.0378511840745
455.0,555.0,2962.82333224919
455.0,560.0,2889.4405500758917
455.0,565.0,2761.2206780280076
455.0,570.0,2583.7714000102196
455.0,575.0,2364.9512726678386
455.0,580.0,2114.804750522234
455.0,585.0,1856.5089356877065
455.0,590.0,1930.0074111325255
455.0,595.0,2173.575572158421
455.0,600.0,2381.4904216311916
455.0,605.0,2545.471160064323
455.0,610.0,2659.334721248513
455.0,615.0,2719.0437052798707
455.0,620.0,2722.7499072180804
455.0,625.0,2670.832049300053
455.0,630.0,2565.923007597171
455.0,635.0,2412.919127340223
455.0,640.0,2218.96251244769
455.0,645.0,1993.386729045953
455.0,650.0,1828.707668477042
455.0,655.0,1956.8798508925393
455.0,660.0,2058.7315143010037
455.0,665.0,2114.6287395021627
455.0,670.0,2122.6793529632923
455.0,675.0,2083.1895009284367
455.0,680.0,1998.6862752260613
455.0,685.0,1873.922153988991
455.0,690.0,1866.5692817899928
455.0,695.0,1924.8699830799424
455.0,700.0,1938.183514160996
455.0,705.0,1906.6004708282833
455.0,710.0,1832.8559745878306
455.0,715.0,2007.2340763528164
455.0,720.0,2554.9345090655333
455.0,725.0,3195.8575420954908
455.0,730.0,3918.511325870754
455.0,735.0,4722.762582456619
455.0,740.0,5608.36876850338
455.0,745.0,6574.967943655273
455.0,750.0,7622.066130168462
455.0,755.0,8749.022479550704
455.0,760.0,9955.032676819155
455.0,765.0,11239.111118530438
455.0,770.0,12600.072490414956
455.0,775.0,14036.51344182386
455.0,780.0,15546.795100660887
455.0,785.0,17129.02719271445
455.0,790.0,18781.05451905372
455.0,795.0,20500.446502611543
455.0,800.0,22284.490441735965
455.0,805.0,24130.1890029962
455.0,810.0,26034.26235475747
455.0,815.0,27993.15518669648
455.0,820.0,30003.04869151523
455.0,825.0,32059.877404855168
455.0,830.0,34159.35062205777
455.0,835.0,36296.97794041608
455.0,840.0,38468.098326648564
455.0,845.0,40667.911983983315
455.0,850.0,42891.51420368866
455.0,855.0,45133.93033195192
455.0,860.0,47390.15097180177
455.0,865.0,49655.16656585327
455.0,870.0,51924.00057433374
455.0,875.0,54191.74055994525
455.0,880.0,56453.56662116904
455.0,885.0,58704.77676087187
455.0,890.0,60940.80893593469
455.0,895.0,63157.25969436015
455.0,900.0,65349.89946060365
460.0,250.0,104772.797998271
460.0,255.0,104772.79799827098
460.0,260.0,104772.79799827101
460.0,265.0,104772.797998271
460.0,270.0,104772.797998271
460.0,275.0,104772.79799827098
460.0,280.0,104772.79799827098
460.0,285.0,104772.79799827101
460.0,290.0,104772.79799827098
460.0,295.0,104772.79799827098
460.0,300.0,104772.79799827101
460.0,305.0,104772.79799827101
460.0,310.0,104772.79799827095
460.0,315.0,104772.79799827098
460.0,320.0,104772.79799827095
460.0,325.0,104772.79799827098
460.0,330.0,104772.79799827095
460.0,335.0,104772.79799827095
460.0,340.0,104772.79799827101
460.0,345.0,104772.79799827098
460.0,350.0,104688.81900000783
460.0,355.0,97473.51531953184
460.0,360.0,90329.42984371544
460.0,365.0,83283.00237112046
460.0,370.0,76361.0528331451
460.0,375.0,69590.65764287251
460.0,380.0,62999.01747628171
460.0,385.0,56613.31513698341
460.0,390.0,50460.56248819047
460.0,395.0,44567.435936794274
460.0,400.0,38960.10061511053
460.0,405.0,33664.02416779632
460.0,410.0,28703.781880573268
460.0,415.0,24102.855711241365
460.0,420.0,19883.430551286136
460.0,425.0,16066.191690464588
460.0,430.0,12670.12792025489
460.0,435.0,9712.344958574331
460.0,440.0,7207.893869776422
460.0,445.0,5169.618883505675
460.0,450.0,3608.0284969357635
460.0,455.0,2531.192997229674
460.0,460.0,1944.670624727421
460.0,465.0,1851.4635642114756
460.0,470.0,2053.7556941897155
460.0,475.0,2222.905299897492
460.0,480.0,2347.4688287335757
460.0,485.0,2422.683142358498
460.0,490.0,2445.9495615828705
460.0,495.0,2416.87224054766
460.0,500.0,2337.287647904795
460.0,505.0,2211.2787017753053
460.0,510.0,2045.1650079560895
460.0,515.0,1850.7815925512523
460.0,520.0,1943.6055881882885
460.0,525.0,2222.3795182972613
460.0,530.0,2469.5242560408965
460.0,535.0,2675.2849569227465
460.0,540.0,2831.974360356148
460.0,545.0,2934.0252405457873
460.0,550.0,2978.037851184064
460.0,555.0,2962.823332249185
460.0,560.0,2889.4405500758917
460.0,565.0,2761.2206780280076
460.0,570.0,2583.771400010218
460.0,575.0,2364.9512726678427
460.0,580.0,2114.8047505222303
460.0,585.0,1856.5089356877065
460.0,590.0,1930.0074111325291
460.0,595.0,2173.575572158421
460.0,600.0,2381.4904216311884
460.0,605.0,2545.4711600643213
460.0,610.0,2659.3347212485137
460.0,615.0,2719.0437052798716
460.0,620.0,2722.749907218087
460.0,625.0,2670.832049300064
460.0,630.0,2565.9230075971636
460.0,635.0,2412.9191273402234
460.0,640.0,2218.9625124476934
460.0,645.0,1993.3867290459548
460.0,650.0,1828.7076684770434
460.0,655.0,1956.8798508925445
460.0,660.0,2058.731514301007
460.0,665.0,2114.6287395021645
460.0,670.0,2122.679352963294
460.0,675.0,2083.189500928439
460.0,680.0,1998.686275226059
460.0,685.0,1873.9221539889918
460.0,690.0,1866.5692817899867
460.0,695.0,1924.869983079943
460.0,700.0,1938.183514161003
460.0,705.0,1906.6004708282833
460.0,710.0,1832.8559745878329
460.0,715.0,2007.2340763528161
460.0,720.0,2536.397265983194
460.0,725.0,3147.8049540049274
460.0,730.0,3834.166720009238
460.0,735.0,4595.3177866403685
460.0,740.0,5430.998979414399
460.0,745.0,6340.846909361276
460.0,750.0,7324.381855193157
460.0,755.0,8380.993662094057
460.0,760.0,9509.926075837715
460.0,765.0,10710.260023197285
460.0,770.0,11980.896426546253
460.0,775.0,13320.539200208823
460.0,780.0,14727.679112635093
460.0,785.0,16200.579210967273
460.0,790.0,17737.26248936132
460.0,795.0,19335.502438180523
460.0,800.0,20992.817039546262
460.0,805.0,22706.466674684343
460.0,810.0,24473.45628659275
460.0,815.0,26290.541997573786
460.0,820.0,28154.24222716202
460.0,825.0,30060.853192941744
460.0,830.0,32006.4685176636
460.0,835.0,33987.002514744294
460.0,840.0,35998.216593007724
460.0,845.0,38035.748112273315
460.0,850.0,40095.14094500808
460.0,855.0,42171.87695517251
460.0,860.0,44261.40759985692
460.0,865.0,46359.18488703509
460.0,870.0,48460.690988537295
460.0,875.0,50561.465897998045
460.0,880.0,52657.13264336087
460.0,885.0,54743.41969625123
460.0,890.0,56816.180364943575
460.0,895.0,58871.40910317001
460.0,900.0,60905.254806250814
465.0,250.0,97556.81457154898
465.0,255.0,97556.81457154894
465.0,260.0,97556.81457154898
465.0,265.0,97556.81457154901
465.0,270.0,97556.81457154898
465.0,275.0,97556.81457154898
465.0,280.0,97556.81457154897
465.0,285.0,97556.81457154894
465.0,290.0,97556.81457154898
465.0,295.0,97556.81457154898
465.0,300.0,97556.81457154898
465.0,305.0,97556.81457154901
465.0,310.0,97556.81457154898
465.0,315.0,97556.81457154898
465.0,320.0,97556.81457154898
465.0,325.0,97556.81457154898
465.0,330.0,97556.81457154894
465.0,335.0,97556.81457154898
465.0,340.0,97556.81457154898
465.0,345.0,97556.81457154898
465.0,350.0,97556.81457154898
465.0,355.0,97473.51531953263
465.0,360.0,90329.42984371544
465.0,365.0,83283.0023711204
465.0,370.0,76361.05283314515
465.0,375.0,69590.65764287245
465.0,380.0,62999.01747628171
465.0,385.0,56613.31513698341
465.0,390.0,50460.56248819044
465.0,395.0,44567.43593679428
465.0,400.0,38960.10061511052
465.0,405.0,33664.02416779632
465.0,410.0,28703.781880573268
465.0,415.0,24102.8557112414
465.0,420.0,19883.430551286154
465.0,425.0,16066.191690464588
465.0,430.0,12670.127920254892
465.0,435.0,9712.344958574331
465.0,440.0,7207.893869776439
465.0,445.0,5169.618883505677
465.0,450.0,3608.0284969357635
465.0,455.0,2531.1929972296834
465.0,460.0,1944.6706247274112
465.0,465.0,1851.463564211471
465.0,470.0,2053.7556941897155
465.0,475.0,2222.9052998974876
465.0,480.0,2347.4688287335775
465.0,485.0,2422.683142358497
465.0,490.0,2445.9495615828696
465.0,495.0,2416.8722405476656
465.0,500.0,2337.2876479047927
465.0,505.0,2211.2787017753003
465.0,510.0,2045.1650079560877
465.0,515.0,1850.7815925512525
465.0,520.0,1943.605588188289
465.0,525.0,2222.3795182972613
465.0,530.0,2469.5242560408965
465.0,535.0,2675.284956922746
465.0,540.0,2831.9743603561556
465.0,545.0,2934.0252405457877
465.0,550.0,2978.0378511840686
465.0,555.0,2962.8233322491874
465.0,560.0,2889.4405500758917
465.0,565.0,2761.220678028007
465.0,570.0,2583.771400010218
465.0,575.0,2364.95127266784
465.0,580.0,2114.804750522235
465.0,585.0,1856.508935687708
465.0,590.0,1930.0074111325275
465.0,595.0,2173.575572158415
465.0,600.0,2381.4904216311857
465.0,605.0,2545.47116006432
465.0,610.0,2659.33472124852
465.0,615.0,2719.043705279871
465.0,620.0,2722.7499072180854
465.0,625.0,2670.8320493000556
465.0,630.0,2565.923007597164
465.0,635.0,2412.919127340222
465.0,640.0,2218.9625124476916
465.0,645.0,1993.3867290459539
465.0,650.0,1828.707668477042
465.0,655.0,1956.8798508925436
465.0,660.0,2058.731514301007
465.0,665.0,2114.628739502158
465.0,670.0,2122.6793529632882
465.0,675.0,2083.1895009284335
465.0,680.0,1998.6862752260552
465.0,685.0,1873.9221539889913
465.0,690.0,1866.569281789988
465.0,695.0,1924.869983079944
465.0,700.0,1938.183514161004
465.0,705.0,1906.60047082828
465.0,710.0,1832.855974587831
465.0,715.0,2007.2340763528164
465.0,720.0,2516.493905484098
465.0,725.0,3098.2168340704566
465.0,730.0,3748.3659636447615
465.0,735.0,4466.749324522632
465.0,740.0,5253.093697963424
465.0,745.0,6107.035139234869
465.0,750.0,7028.10741537228
465.0,755.0,8015.728672612574
465.0,760.0,9069.186737544866
465.0,765.0,10187.623535737848
465.0,770.0,11370.019176657543
465.0,775.0,12615.1763025377
465.0,780.0,13921.705326335219
465.0,785.0,15288.011189482218
465.0,790.0,16712.282250724926
465.0,795.0,18192.481871955304
465.0,800.0,19726.343197392696
465.0,805.0,21311.367528014554
465.0,810.0,22944.826579979825
465.0,815.0,24623.768783805663
465.0,820.0,26345.029641361543
465.0,825.0,28105.24601112976
465.0,830.0,29900.874050417016
465.0,835.0,31728.210409506446
465.0,840.0,33583.416158131404
465.0,845.0,35462.542830460385
465.0,850.0,37361.559910652955
465.0,855.0,39276.383046075585
465.0,860.0,41202.9022749034
465.0,865.0,43137.00958395986
465.0,870.0,45074.62517553229
465.0,875.0,47011.7219063721
465.0,880.0,48944.34747217402
465.0,885.0,50868.64403168476
465.0,890.0,52780.865095323206
465.0,895.0,54677.3896343218
465.0,900.0,56554.73349138573
470.0,250.0,90411.74554582828
470.0,255.0,90411.74554582831
470.0,260.0,90411.74554582828
470.0,265.0,90411.74554582828
470.0,270.0,90411.74554582828
470.0,275.0,90411.74554582828
470.0,280.0,90411.74554582828
470.0,285.0,90411.74554582828
470.0,290.0,90411.74554582828
470.0,295.0,90411.74554582828
470.0,300.0,90411.74554582828
470.0,305.0,90411.74554582828
470.0,310.0,90411.74554582828
470.0,315.0,90411.74554582828
470.0,320.0,90411.74554582828
470.0,325.0,90411.74554582828
470.0,330.0,90411.74554582828
470.0,335.0,90411.74554582828
470.0,340.0,90411.74554582828
470.0,345.0,90411.74554582828
470.0,350.0,90411.74554582828
470.0,355.0,90411.74554582828
470.0,360.0,90329.42984371577
470.0,365.0,83283.0023711204
470.0,370.0,76361.05283314506
470.0,375.0,69590.65764287245
470.0,380.0,62999.01747628171
470.0,385.0,56613.31513698341
470.0,390.0,50460.56248819044
470.0,395.0,44567.435936794274
470.0,400.0,38960.10061511052
470.0,405.0,33664.02416779632
470.0,410.0,28703.78188057326
470.0,415.0,24102.855711241387
470.0,420.0,19883.430551286154
470.0,425.0,16066.19169046462
470.0,430.0,12670.127920254885
470.0,435.0,9712.344958574331
470.0,440.0,7207.893869776439
470.0,445.0,5169.618883505669
470.0,450.0,3608.028496935764
470.0,455.0,2531.1929972296825
470.0,460.0,1944.6706247274099
470.0,465.0,1851.463564211477
470.0,470.0,2053.75569418972
470.0,475.0,2222.9052998974903
470.0,480.0,2347.468828733572
470.0,485.0,2422.6831423584968
470.0,490.0,2445.9495615828673
470.0,495.0,2416.872240547667
470.0,500.0,2337.2876479047936
470.0,505.0,2211.2787017753044
470.0,510.0,2045.1650079560848
470.0,515.0,1850.7815925512525
470.0,520.0,1943.6055881882921
470.0,525.0,2222.379518297258
470.0,530.0,2469.5242560409033
470.0,535.0,2675.284956922748
470.0,540.0,2831.9743603561533
470.0,545.0,2934.02524054578
470.0,550.0,2978.0378511840695
470.0,555.0,2962.8233322491924
470.0,560.0,2889.4405500758944
470.0,565.0,2761.2206780280076
470.0,570.0,2583.771400010225
470.0,575.0,2364.9512726678395
470.0,580.0,2114.804750522236
470.0,585.0,1856.5089356877065
470.0,590.0,1930.0074111325257
470.0,595.0,2173.575572158422
470.0,600.0,2381.4904216311897
470.0,605.0,2545.471160064327
470.0,610.0,2659.334721248519
470.0,615.0,2719.0437052798743
470.0,620.0,2722.7499072180785
470.0,625.0,2670.8320493000547
470.0,630.0,2565.9230075971655
470.0,635.0,2412.919127340221
470.0,640.0,2218.9625124476906
470.0,645.0,1993.3867290459505
470.0,650.0,1828.7076684770439
470.0,655.0,1956.8798508925445
470.0,660.0,2058.7315143010073
470.0,665.0,2114.6287395021636
470.0,670.0,2122.6793529632937
470.0,675.0,2083.189500928438
470.0,680.0,1998.6862752260613
470.0,685.0,1873.9221539889909
470.0,690.0,1866.5692817899917
470.0,695.0,1924.8699830799471
470.0,700.0,1938.1835141609943
470.0,705.0,1906.60047082828
470.0,710.0,1832.85597458783
470.0,715.0,2007.2340763528173
470.0,720.0,2495.243531860259
470.0,725.0,3047.170427417356
470.0,730.0,3661.2541191535834
470.0,735.0,4337.279605418657
470.0,740.0,5074.962188137151
470.0,745.0,5873.938368340813
470.0,750.0,6733.754874663393
470.0,755.0,7653.856134355849
470.0,760.0,8633.570573584202
470.0,765.0,9672.096201773904
470.0,770.0,10768.48598884197
470.0,775.0,11921.633583138871
470.0,780.0,13130.25993727335
470.0,785.0,14392.901408525631
470.0,790.0,15707.899877661052
470.0,795.0,17073.39538401985
470.0,800.0,18487.321707680505
470.0,805.0,19947.40524077361
470.0,810.0,21451.167385529367
470.0,815.0,22995.930596302816
470.0,820.0,24578.82805685218
470.0,825.0,26196.816853142787
470.0,830.0,27846.694376544856
470.0,835.0,29525.117575149317
470.0,840.0,31228.624571831715
470.0,845.0,32953.65808748937
470.0,850.0,34696.59005504373
470.0,855.0,36453.746783152026
470.0,860.0,38221.43403280516
470.0,865.0,39995.961400190245
470.0,870.0,41773.66545913324
470.0,875.0,43550.931194920304
470.0,880.0,45324.21136206112
470.0,885.0,47090.043508143055
470.0,890.0,48845.064523701076
470.0,895.0,50586.02269555563
470.0,900.0,52309.78735261432
475.0,250.0,83364.02569967233
475.0,255.0,83364.02569967233
475.0,260.0,83364.02569967233
475.0,265.0,83364.02569967233
475.0,270.0,83364.02569967233
475.0,275.0,83364.02569967233
475.0,280.0,83364.02569967233
475.0,285.0,83364.02569967233
475.0,290.0,83364.02569967233
475.0,295.0,83364.02569967233
475.0,300.0,83364.02569967233
475.0,305.0,83364.02569967233
475.0,310.0,83364.02569967233
475.0,315.0,83364.02569967233
475.0,320.0,83364.02569967233
475.0,325.0,83364.02569967233
475.0,330.0,83364.02569967233
475.0,335.0,83364.02569967233
475.0,340.0,83364.02569967233
475.0,345.0,83364.02569967233
475.0,350.0,83364.02569967233
475.0,355.0,83364.02569967233
475.0,360.0,83364.02569967233
475.0,365.0,83283.00237112046
475.0,370.0,76361.0528331451
475.0,375.0,69590.65764287251
475.0,380.0,62999.01747628171
475.0,385.0,56613.31513698344
475.0,390.0,50460.56248819047
475.0,395.0,44567.435936794274
475.0,400.0,38960.10061511053
475.0,405.0,33664.02416779632
475.0,410.0,28703.781880573275
475.0,415.0,24102.855711241387
475.0,420.0,19883.430551286132
475.0,425.0,16066.191690464593
475.0,430.0,12670.127920254898
475.0,435.0,9712.344958574336
475.0,440.0,7207.893869776439
475.0,445.0,5169.618883505677
475.0,450.0,3608.028496935757
475.0,455.0,2531.1929972296834
475.0,460.0,1944.6706247274162
475.0,465.0,1851.4635642114713
475.0,470.0,2053.755694189719
475.0,475.0,2222.90529989749
475.0,480.0,2347.468828733573
475.0,485.0,2422.683142358498
475.0,490.0,2445.9495615828696
475.0,495.0,2416.8722405476624
475.0,500.0,2337.287647904789
475.0,505.0,2211.2787017753003
475.0,510.0,2045.165007956089
475.0,515.0,1850.781592551247
475.0,520.0,1943.6055881882908
475.0,525.0,2222.3795182972613
475.0,530.0,2469.524256040898
475.0,535.0,2675.2849569227537
475.0,540.0,2831.974360356153
475.0,545.0,2934.0252405457923
475.0,550.0,2978.0378511840663
475.0,555.0,2962.8233322491856
475.0,560.0,2889.4405500758903
475.0,565.0,2761.2206780280076
475.0,570.0,2583.7714000102187
475.0,575.0,2364.9512726678317
475.0,580.0,2114.804750522227
475.0,585.0,1856.508935687708
475.0,590.0,1930.007411132519
475.0,595.0,2173.5755721584173
475.0,600.0,2381.4904216311875
475.0,605.0,2545.471160064322
475.0,610.0,2659.334721248514
475.0,615.0,2719.043705279866
475.0,620.0,2722.7499072180804
475.0,625.0,2670.8320493000633
475.0,630.0,2565.9230075971636
475.0,635.0,2412.919127340216
475.0,640.0,2218.9625124476916
475.0,645.0,1993.3867290459532
475.0,650.0,1828.707668477042
475.0,655.0,1956.879850892545
475.0,660.0,2058.7315143010096
475.0,665.0,2114.6287395021586
475.0,670.0,2122.6793529632937
475.0,675.0,2083.189500928441
475.0,680.0,1998.6862752260565
475.0,685.0,1873.922153988992
475.0,690.0,1866.5692817899887
475.0,695.0,1924.8699830799392
475.0,700.0,1938.1835141610009
475.0,705.0,1906.6004708282826
475.0,710.0,1832.8559745878272
475.0,715.0,2007.2340763528198
475.0,720.0,2472.6704846366197
475.0,725.0,2994.7475772984935
475.0,730.0,3572.979207844526
475.0,735.0,4207.13133867669
475.0,740.0,4896.910324916074
475.0,745.0,5641.954218624223
475.0,750.0,6441.822423757031
475.0,755.0,7295.984002834325
475.0,760.0,8203.80500240663
475.0,765.0,9164.535221553904
475.0,770.0,10177.29489168999
475.0,775.0,11241.061766026762
475.0,780.0,12354.659129226926
475.0,785.0,13516.745232131807
475.0,790.0,14725.80463083892
475.0,795.0,15980.141863505056
475.0,800.0,17277.87783402581
475.0,805.0,18616.94918891313
475.0,810.0,19995.110877759536
475.0,815.0,21409.941978626197
475.0,820.0,22858.854756852194
475.0,825.0,24339.106809578556
475.0,830.0,25847.81603825601
475.0,835.0,27381.97808971688
475.0,840.0,28938.48582167956
475.0,845.0,30514.150281230006
475.0,850.0,32105.72264228461
475.0,855.0,33709.91652887117
475.0,860.0,35323.43015927604
475.0,865.0,36942.96777699547
475.0,870.0,38565.259891316666
475.0,875.0,40187.08192297781
475.0,880.0,41805.27094218636
475.0,885.0,43416.74028514009
475.0,890.0,45018.49194071979
475.0,895.0,46607.62670371999
475.0,900.0,48181.35218987623
480.0,250.0,76440.47133741937
480.0,255.0,76440.47133741938
480.0,260.0,76440.47133741932
480.0,265.0,76440.47133741934
480.0,270.0,76440.47133741937
480.0,275.0,76440.47133741932
480.0,280.0,76440.47133741932
480.0,285.0,76440.47133741932
480.0,290.0,76440.47133741934
480.0,295.0,76440.47133741932
480.0,300.0,76440.47133741934
480.0,305.0,76440.47133741934
480.0,310.0,76440.47133741932
480.0,315.0,76440.47133741932
480.0,320.0,76440.47133741938
480.0,325.0,76440.47133741932
480.0,330.0,76440.47133741932
480.0,335.0,76440.47133741932
480.0,340.0,76440.47133741932
480.0,345.0,76440.47133741932
480.0,350.0,76440.47133741932
480.0,355.0,76440.47133741932
480.0,360.0,76440.47133741932
480.0,365.0,76440.47133741932
480.0,370.0,76361.0528331451
480.0,375.0,69590.65764287251
480.0,380.0,62999.01747628171
480.0,385.0,56613.31513698344
480.0,390.0,50460.56248819047
480.0,395.0,44567.435936794274
480.0,400.0,38960.10061511053
480.0,405.0,33664.02416779632
480.0,410.0,28703.781880573268
480.0,415.0,24102.8557112414
480.0,420.0,19883.430551286165
480.0,425.0,16066.191690464619
480.0,430.0,12670.127920254894
480.0,435.0,9712.344958574336
480.0,440.0,7207.893869776428
480.0,445.0,5169.618883505677
480.0,450.0,3608.0284969357635
480.0,455.0,2531.1929972296834
480.0,460.0,1944.6706247274162
480.0,465.0,1851.4635642114756
480.0,470.0,2053.7556941897174
480.0,475.0,2222.905299897489
480.0,480.0,2347.4688287335716
480.0,485.0,2422.683142358493
480.0,490.0,2445.949561582867
480.0,495.0,2416.8722405476688
480.0,500.0,2337.287647904789
480.0,505.0,2211.278701775307
480.0,510.0,2045.165007956092
480.0,515.0,1850.7815925512525
480.0,520.0,1943.6055881882935
480.0,525.0,2222.379518297261
480.0,530.0,2469.524256040893
480.0,535.0,2675.284956922748
480.0,540.0,2831.974360356155
480.0,545.0,2934.0252405457813
480.0,550.0,2978.0378511840718
480.0,555.0,2962.823332249185
480.0,560.0,2889.4405500758917
480.0,565.0,2761.220678028004
480.0,570.0,2583.7714000102196
480.0,575.0,2364.951272667842
480.0,580.0,2114.8047505222303
480.0,585.0,1856.5089356877083
480.0,590.0,1930.0074111325264
480.0,595.0,2173.575572158415
480.0,600.0,2381.4904216311857
480.0,605.0,2545.4711600643213
480.0,610.0,2659.33472124852
480.0,615.0,2719.043705279866
480.0,620.0,2722.7499072180854
480.0,625.0,2670.832049300066
480.0,630.0,2565.9230075971645
480.0,635.0,2412.919127340214
480.0,640.0,2218.962512447692
480.0,645.0,1993.3867290459557
480.0,650.0,1828.7076684770484
480.0,655.0,1956.8798508925463
480.0,660.0,2058.731514301008
480.0,665.0,2114.6287395021645
480.0,670.0,2122.6793529632887
480.0,675.0,2083.189500928442
480.0,680.0,1998.6862752260595
480.0,685.0,1873.922153988992
480.0,690.0,1866.5692817899917
480.0,695.0,1924.869983079944
480.0,700.0,1938.1835141609945
480.0,705.0,1906.600470828272
480.0,710.0,1832.8559745878304
480.0,715.0,2007.205995153887
480.0,720.0,2448.8040210899376
480.0,725.0,2941.0341696670826
480.0,730.0,3483.6914501705746
480.0,735.0,4076.526614151021
480.0,740.0,4719.239568237502
480.0,745.0,5411.471125609506
480.0,750.0,6152.793322086583
480.0,755.0,6942.698586304357
480.0,760.0,7780.588109238155
480.0,765.0,8665.759805541094
480.0,770.0,9597.396294123997
480.0,775.0,10574.553347560388
480.0,780.0,11596.14926584436
480.0,785.0,12660.955620080533
480.0,790.0,13767.589784103719
480.0,795.0,14914.509626738374
480.0,800.0,16100.010676417005
480.0,805.0,17322.225993071763
480.0,810.0,18579.128894737492
480.0,815.0,19868.538588165397
480.0,820.0,21188.12865243233
480.0,825.0,22535.438222298042
480.0,830.0,23907.885622422247
480.0,835.0,25302.78411621412
480.0,840.0,26717.359361606144
480.0,845.0,28148.768110469737
480.0,850.0,29594.117655118742
480.0,855.0,31050.485512785865
480.0,860.0,32514.938850493385
480.0,865.0,33984.55318389898
480.0,870.0,35456.42993739164
480.0,875.0,36927.712519575754
480.0,880.0,38395.60065151847
480.0,885.0,39857.36277380981
480.0,890.0,41310.3464524313
480.0,895.0,42751.98679605394
480.0,900.0,44179.81298440817
485.0,250.0,69668.15672771867
485.0,255.0,69668.15672771863
485.0,260.0,69668.15672771867
485.0,265.0,69668.15672771867
485.0,270.0,69668.15672771867
485.0,275.0,69668.15672771863
485.0,280.0,69668.15672771867
485.0,285.0,69668.15672771863
485.0,290.0,69668.15672771867
485.0,295.0,69668.15672771867
485.0,300.0,69668.15672771867
485.0,305.0,69668.15672771867
485.0,310.0,69668.15672771863
485.0,315.0,69668.15672771867
485.0,320.0,69668.15672771867
485.0,325.0,69668.15672771867
485.0,330.0,69668.15672771867
485.0,335.0,69668.15672771867
485.0,340.0,69668.15672771863
485.0,345.0,69668.15672771867
485.0,350.0,69668.15672771863
485.0,355.0,69668.15672771863
485.0,360.0,69668.15672771863
485.0,365.0,69668.15672771863
485.0,370.0,69668.15672771867
485.0,375.0,69590.65764287251
485.0,380.0,62999.01747628171
485.0,385.0,56613.31513698341
485.0,390.0,50460.562488190444
485.0,395.0,44567.43593679428
485.0,400.0,38960.10061511053
485.0,405.0,33664.02416779629
485.0,410.0,28703.78188057326
485.0,415.0,24102.855711241384
485.0,420.0,19883.430551286165
485.0,425.0,16066.191690464593
485.0,430.0,12670.127920254892
485.0,435.0,9712.344958574331
485.0,440.0,7207.893869776422
485.0,445.0,5169.618883505677
485.0,450.0,3608.0284969357635
485.0,455.0,2531.1929972296834
485.0,460.0,1944.670624727416
485.0,465.0,1851.4635642114742
485.0,470.0,2053.7556941897224
485.0,475.0,2222.9052998974876
485.0,480.0,2347.4688287335757
485.0,485.0,2422.6831423584963
485.0,490.0,2445.949561582867
485.0,495.0,2416.872240547663
485.0,500.0,2337.287647904796
485.0,505.0,2211.2787017752967
485.0,510.0,2045.1650079560868
485.0,515.0,1850.7815925512525
485.0,520.0,1943.6055881882894
485.0,525.0,2222.379518297264
485.0,530.0,2469.524256040901
485.0,535.0,2675.284956922746
485.0,540.0,2831.974360356153
485.0,545.0,2934.025240545787
485.0,550.0,2978.037851184064
485.0,555.0,2962.8233322491874
485.0,560.0,2889.4405500758935
485.0,565.0,2761.220678028005
485.0,570.0,2583.7714000102246
485.0,575.0,2364.9512726678395
485.0,580.0,2114.80475052223
485.0,585.0,1856.5089356877083
485.0,590.0,1930.0074111325257
485.0,595.0,2173.575572158417
485.0,600.0,2381.4904216311875
485.0,605.0,2545.47116006432
485.0,610.0,2659.334721248515
485.0,615.0,2719.0437052798743
485.0,620.0,2722.7499072180863
485.0,625.0,2670.8320493000597
485.0,630.0,2565.9230075971645
485.0,635.0,2412.9191273402234
485.0,640.0,2218.96251244769
485.0,645.0,1993.3867290459516
485.0,650.0,1828.7076684770443
485.0,655.0,1956.879850892545
485.0,660.0,2058.7315143010014
485.0,665.0,2114.6287395021627
485.0,670.0,2122.6793529632882
485.0,675.0,2083.1895009284344
485.0,680.0,1998.6862752260586
485.0,685.0,1873.922153988992
485.0,690.0,1866.5692817899921
485.0,695.0,1924.8699830799442
485.0,700.0,1938.1835141610065
485.0,705.0,1906.6004708282776
485.0,710.0,1832.8559745878272
485.0,715.0,2006.4415733043618
485.0,720.0,2423.677985396616
485.0,725.0,2886.119606609664
485.0,730.0,3393.5425930779547
485.0,735.0,3945.686142817405
485.0,740.0,4542.2461833832895
485.0,745.0,5182.867609570616
485.0,750.0,5867.135292603815
485.0,755.0,6594.564136097402
485.0,760.0,7364.588500392701
485.0,765.0,8176.551355055071
485.0,770.0,9029.693546166443
485.0,775.0,9923.143580255919
485.0,780.0,10855.908327359122
485.0,785.0,11826.865032300413
485.0,790.0,12834.754994463216
485.0,795.0,13878.17923219792
485.0,800.0,14955.59639061004
485.0,805.0,16065.323080810718
485.0,810.0,17205.53675955957
485.0,815.0,18374.281170618313
485.0,820.0,19569.47428071913
485.0,825.0,20788.9185539508
485.0,830.0,22030.313326105435
485.0,835.0,23291.2689664166
485.0,840.0,24569.32245471261
485.0,845.0,25861.95395704247
485.0,850.0,27166.603957791678
485.0,855.0,28480.690499464512
485.0,860.0,29801.626095496693
485.0,865.0,31126.833912460454
485.0,870.0,32453.76286835267
485.0,875.0,33779.9013548387
485.0,880.0,35102.78936628994
485.0,885.0,36420.028897445525
485.0,890.0,37729.29255454982
485.0,895.0,39028.330406124034
485.0,900.0,40314.97517544974
490.0,250.0,63074.28199130153
490.0,255.0,63074.281991301556
490.0,260.0,63074.281991301556
490.0,265.0,63074.281991301556
490.0,270.0,63074.28199130154
490.0,275.0,63074.28199130153
490.0,280.0,63074.281991301534
490.0,285.0,63074.281991301556
490.0,290.0,63074.281991301556
490.0,295.0,63074.281991301556
490.0,300.0,63074.281991301534
490.0,305.0,63074.281991301556
490.0,310.0,63074.281991301556
490.0,315.0,63074.281991301556
490.0,320.0,63074.281991301556
490.0,325.0,63074.281991301556
490.0,330.0,63074.281991301556
490.0,335.0,63074.281991301534
490.0,340.0,63074.28199130153
490.0,345.0,63074.281991301556
490.0,350.0,63074.28199130153
490.0,355.0,63074.281991301556
490.0,360.0,63074.281991301556
490.0,365.0,63074.28199130153
490.0,370.0,63074.28199130153
490.0,375.0,63074.281991301556
490.0,380.0,62999.01747628171
490.0,385.0,56613.31513698341
490.0,390.0,50460.562488190444
490.0,395.0,44567.435936794274
490.0,400.0,38960.10061511049
490.0,405.0,33664.02416779632
490.0,410.0,28703.781880573268
490.0,415.0,24102.855711241395
490.0,420.0,19883.430551286154
490.0,425.0,16066.19169046462
490.0,430.0,12670.127920254892
490.0,435.0,9712.344958574331
490.0,440.0,7207.893869776439
490.0,445.0,5169.618883505676
490.0,450.0,3608.0284969357567
490.0,455.0,2531.1929972296834
490.0,460.0,1944.6706247274162
490.0,465.0,1851.4635642114765
490.0,470.0,2053.755694189714
490.0,475.0,2222.9052998974857
490.0,480.0,2347.4688287335716
490.0,485.0,2422.683142358497
490.0,490.0,2445.949561582867
490.0,495.0,2416.872240547661
490.0,500.0,2337.2876479047923
490.0,505.0,2211.2787017753008
490.0,510.0,2045.1650079560884
490.0,515.0,1850.7815925512516
490.0,520.0,1943.6055881882935
490.0,525.0,2222.379518297261
490.0,530.0,2469.524256040901
490.0,535.0,2675.2849569227533
490.0,540.0,2831.9743603561587
490.0,545.0,2934.0252405457786
490.0,550.0,2978.037851184062
490.0,555.0,2962.8233322491856
490.0,560.0,2889.4405500758935
490.0,565.0,2761.220678028006
490.0,570.0,2583.771400010221
490.0,575.0,2364.9512726678377
490.0,580.0,2114.8047505222335
490.0,585.0,1856.5089356877083
490.0,590.0,1930.0074111325198
490.0,595.0,2173.575572158422
490.0,600.0,2381.4904216311847
490.0,605.0,2545.471160064318
490.0,610.0,2659.334721248518
490.0,615.0,2719.0437052798743
490.0,620.0,2722.749907218083
490.0,625.0,2670.8320493000565
490.0,630.0,2565.923007597169
490.0,635.0,2412.9191273402184
490.0,640.0,2218.96251244769
490.0,645.0,1993.3867290459536
490.0,650.0,1828.7076684770445
490.0,655.0,1956.8798508925377
490.0,660.0,2058.7315143010064
490.0,665.0,2114.6287395021636
490.0,670.0,2122.6793529632882
490.0,675.0,2083.189500928438
490.0,680.0,1998.68627522606
490.0,685.0,1873.922153988992
490.0,690.0,1866.5692817899915
490.0,695.0,1924.869983079948
490.0,700.0,1938.1835141610009
490.0,705.0,1906.6004708282737
490.0,710.0,1832.85597458783
490.0,715.0,2004.6258992817288
490.0,720.0,2397.3304736075725
490.0,725.0,2830.0963196175553
490.0,730.0,3302.685334598653
490.0,735.0,3814.8286637095916
490.0,740.0,4366.220706653246
490.0,745.0,4956.511879051578
490.0,750.0,5585.300342342509
490.0,755.0,6252.122960937101
490.0,760.0,6956.445783086737
490.0,765.0,7697.65437199786
490.0,770.0,8475.044333435857
490.0,775.0,9287.81239528418
490.0,780.0,10135.04839079168
490.0,785.0,11015.72848122319
490.0,790.0,11928.709924250785
490.0,795.0,12872.727652001799
490.0,800.0,13846.392869178013
490.0,805.0,14848.19381722894
490.0,810.0,15876.498779576365
490.0,815.0,16929.561325387458
490.0,820.0,18005.52771223918
490.0,825.0,19102.446291186796
490.0,830.0,20218.27868785817
490.0,835.0,21350.91247118308
490.0,840.0,22498.174972872104
490.0,845.0,23657.84788526236
490.0,850.0,24827.68224729953
490.0,855.0,26005.413426422016
490.0,860.0,27188.775720278398
490.0,865.0,28375.51623260677
490.0,870.0,29563.407724396773
490.0,875.0,30750.260197023097
490.0,880.0,31933.931031048152
490.0,885.0,33112.33357419552
490.0,890.0,34283.44414474739
490.0,895.0,35445.307487338265
490.0,900.0,36596.04078371406
495.0,250.0,56686.03108734623
495.0,255.0,56686.03108734622
495.0,260.0,56686.03108734622
495.0,265.0,56686.03108734622
495.0,270.0,56686.03108734623
495.0,275.0,56686.03108734622
495.0,280.0,56686.03108734622
495.0,285.0,56686.03108734624
495.0,290.0,56686.03108734622
495.0,295.0,56686.03108734622
495.0,300.0,56686.03108734622
495.0,305.0,56686.03108734622
495.0,310.0,56686.03108734624
495.0,315.0,56686.03108734623
495.0,320.0,56686.03108734622
495.0,325.0,56686.03108734622
495.0,330.0,56686.03108734622
495.0,335.0,56686.03108734622
495.0,340.0,56686.03108734622
495.0,345.0,56686.03108734622
495.0,350.0,56686.03108734622
495.0,355.0,56686.03108734622
495.0,360.0,56686.03108734622
495.0,365.0,56686.03108734624
495.0,370.0,56686.03108734622
495.0,375.0,56686.03108734622
495.0,380.0,56686.03108734622
495.0,385.0,56613.31513698341
495.0,390.0,50460.56248819044
495.0,395.0,44567.435936794274
495.0,400.0,38960.10061511052
495.0,405.0,33664.02416779632
495.0,410.0,28703.781880573268
495.0,415.0,24102.855711241395
495.0,420.0,19883.430551286154
495.0,425.0,16066.19169046462
495.0,430.0,12670.127920254898
495.0,435.0,9712.344958574331
495.0,440.0,7207.8938697764215
495.0,445.0,5169.618883505672
495.0,450.0,3608.0284969357567
495.0,455.0,2531.1929972296834
495.0,460.0,1944.6706247274083
495.0,465.0,1851.463564211477
495.0,470.0,2053.7556941897205
495.0,475.0,2222.9052998974876
495.0,480.0,2347.468828733575
495.0,485.0,2422.6831423585036
495.0,490.0,2445.9495615828673
495.0,495.0,2416.87224054766
495.0,500.0,2337.2876479047973
495.0,505.0,2211.278701775303
495.0,510.0,2045.1650079560875
495.0,515.0,1850.7815925512525
495.0,520.0,1943.6055881882935
495.0,525.0,2222.3795182972613
495.0,530.0,2469.524256040896
495.0,535.0,2675.284956922748
495.0,540.0,2831.974360356151
495.0,545.0,2934.025240545784
495.0,550.0,2978.0378511840654
495.0,555.0,2962.8233322491856
495.0,560.0,2889.4405500758917
495.0,565.0,2761.2206780280076
495.0,570.0,2583.7714000102224
495.0,575.0,2364.9512726678395
495.0,580.0,2114.804750522229
495.0,585.0,1856.508935687708
495.0,590.0,1930.0074111325246
495.0,595.0,2173.575572158418
495.0,600.0,2381.4904216311907
495.0,605.0,2545.4711600643222
495.0,610.0,2659.3347212485223
495.0,615.0,2719.0437052798793
495.0,620.0,2722.7499072180863
495.0,625.0,2670.8320493000624
495.0,630.0,2565.923007597169
495.0,635.0,2412.9191273402234
495.0,640.0,2218.96251244769
495.0,645.0,1993.3867290459525
495.0,650.0,1828.7076684770445
495.0,655.0,1956.8798508925458
495.0,660.0,2058.731514301005
495.0,665.0,2114.628739502158
495.0,670.0,2122.6793529632896
495.0,675.0,2083.189500928437
495.0,680.0,1998.6862752260595
495.0,685.0,1873.9221539889918
495.0,690.0,1866.569281789996
495.0,695.0,1924.869983079947
495.0,700.0,1938.1835141610038
495.0,705.0,1906.600470828284
495.0,710.0,1832.8559745878272
495.0,715.0,2001.753409218651
495.0,720.0,2369.8035031454633
495.0,725.0,2773.0593315944557
495.0,730.0,3211.2728517666415
495.0,735.0,3684.1705170998293
495.0,740.0,4191.447646493368
495.0,745.0,4732.761743364245
495.0,750.0,5307.724967937764
495.0,755.0,5915.896002963858
495.0,760.0,6556.7715830233155
495.0,765.0,7229.777980514781
495.0,770.0,7934.2627549261115
495.0,775.0,8669.487076173573
495.0,780.0,9434.618925563818
495.0,785.0,10228.727460084901
495.0,790.0,11050.778796463104
495.0,795.0,11899.633431174787
495.0,800.0,12774.045463285145
495.0,805.0,13672.663728825968
495.0,810.0,14594.034892412046
495.0,815.0,15536.608473959997
495.0,820.0,16498.74372181166
495.0,825.0,17478.718178133593
495.0,830.0,18474.737723917417
495.0,835.0,19484.947839864828
495.0,840.0,20507.445780705886
495.0,845.0,21540.29333333831
495.0,850.0,22581.52981749954
495.0,855.0,23629.18498964481
495.0,860.0,24681.29152819189
495.0,865.0,25735.896807661073
495.0,870.0,26791.073712335125
495.0,875.0,27844.930290088938
495.0,880.0,28895.61810640695
495.0,885.0,29941.33921972055
495.0,890.0,30980.351762322625
495.0,895.0,32010.974171988633
495.0,900.0,33031.588175474026
500.0,250.0,50530.4188749681
500.0,255.0,50530.41887496807
500.0,260.0,50530.4188749681
500.0,265.0,50530.41887496808
500.0,270.0,50530.41887496808
500.0,275.0,50530.41887496808
500.0,280.0,50530.4188749681
500.0,285.0,50530.41887496808
500.0,290.0,50530.4188749681
500.0,295.0,50530.4188749681
500.0,300.0,50530.4188749681
500.0,305.0,50530.4188749681
500.0,310.0,50530.4188749681
500.0,315.0,50530.41887496807
500.0,320.0,50530.4188749681
500.0,325.0,50530.41887496808
500.0,330.0,50530.4188749681
500.0,335.0,50530.4188749681
500.0,340.0,50530.4188749681
500.0,345.0,50530.418874968076
500.0,350.0,50530.418874968076
500.0,355.0,50530.41887496808
500.0,360.0,50530.4188749681
500.0,365.0,50530.4188749681
500.0,370.0,50530.4188749681
500.0,375.0,50530.4188749681
500.0,380.0,50530.4188749681
500.0,385.0,50530.41887496808
500.0,390.0,50460.56248819047
500.0,395.0,44567.435936794274
500.0,400.0,38960.10061511053
500.0,405.0,33664.0241677963
500.0,410.0,28703.78188057326
500.0,415.0,24102.855711241395
500.0,420.0,19883.430551286147
500.0,425.0,16066.191690464619
500.0,430.0,12670.127920254898
500.0,435.0,9712.344958574336
500.0,440.0,7207.893869776427
500.0,445.0,5169.618883505678
500.0,450.0,3608.028496935764
500.0,455.0,2531.1929972296834
500.0,460.0,1944.6706247274162
500.0,465.0,1851.463564211477
500.0,470.0,2053.755694189718
500.0,475.0,2222.905299897486
500.0,480.0,2347.468828733574
500.0,485.0,2422.6831423584963
500.0,490.0,2445.9495615828637
500.0,495.0,2416.872240547659
500.0,500.0,2337.287647904796
500.0,505.0,2211.2787017753053
500.0,510.0,2045.1650079560857
500.0,515.0,1850.781592551248
500.0,520.0,1943.6055881882924
500.0,525.0,2222.3795182972585
500.0,530.0,2469.524256040901
500.0,535.0,2675.284956922748
500.0,540.0,2831.974360356146
500.0,545.0,2934.0252405457863
500.0,550.0,2978.0378511840636
500.0,555.0,2962.82333224919
500.0,560.0,2889.440550075887
500.0,565.0,2761.2206780280076
500.0,570.0,2583.77140001022
500.0,575.0,2364.951272667864
500.0,580.0,2114.80475052223
500.0,585.0,1856.508935687707
500.0,590.0,1930.0074111325287
500.0,595.0,2173.575572158419
500.0,600.0,2381.4904216311875
500.0,605.0,2545.4711600643177
500.0,610.0,2659.334721248519
500.0,615.0,2719.0437052798707
500.0,620.0,2722.7499072180835
500.0,625.0,2670.8320493000606
500.0,630.0,2565.9230075971636
500.0,635.0,2412.919127340216
500.0,640.0,2218.9625124476897
500.0,645.0,1993.3867290459514
500.0,650.0,1828.7076684770439
500.0,655.0,1956.8798508925404
500.0,660.0,2058.731514301007
500.0,665.0,2114.6287395021645
500.0,670.0,2122.6793529632896
500.0,675.0,2083.1895009284344
500.0,680.0,1998.6862752260586
500.0,685.0,1873.9221539889909
500.0,690.0,1866.5692817899885
500.0,695.0,1924.8699830799424
500.0,700.0,1938.1835141610052
500.0,705.0,1906.6004708282787
500.0,710.0,1832.8559745878297
500.0,715.0,1997.8228108697983
500.0,720.0,2341.1426946949937
500.0,725.0,2715.105874124092
500.0,730.0,3119.458433775356
500.0,735.0,3553.925377742892
500.0,740.0,4018.2054021422646
500.0,745.0,4511.964800610181
500.0,750.0,5034.830693324536
500.0,755.0,5586.383799570974
500.0,760.0,6166.150996993218
500.0,765.0,6773.597927351857
500.0,770.0,7408.121916866292
500.0,775.0,8069.045479260312
500.0,780.0,8755.610659749918
500.0,785.0,9466.9744592791
500.0,790.0,10202.205549750672
500.0,795.0,10960.282453355732
500.0,800.0,11740.093314197557
500.0,805.0,12540.437338511221
500.0,810.0,13360.027924503518
500.0,815.0,14197.497444182687
500.0,820.0,15051.403582885043
500.0,825.0,15920.237087282318
500.0,830.0,16802.430724422058
500.0,835.0,17696.36921316244
500.0,840.0,18600.399859241224
500.0,845.0,19512.84360528962
500.0,850.0,20432.006200597665
500.0,855.0,21356.189200523524
500.0,860.0,22283.70052362058
500.0,865.0,23212.86432249384
500.0,870.0,24142.029963655143
500.0,875.0,25069.579956223115
500.0,880.0,25993.936721366175
500.0,885.0,26913.568147316448
500.0,890.0,27826.991928930907
500.0,895.0,28732.77874253899
500.0,900.0,29629.554354068856
505.0,250.0,44634.12672935324
505.0,255.0,44634.126729353266
505.0,260.0,44634.126729353266
505.0,265.0,44634.12672935324
505.0,270.0,44634.12672935324
505.0,275.0,44634.12672935324
505.0,280.0,44634.12672935328
505.0,285.0,44634.12672935324
505.0,290.0,44634.126729353266
505.0,295.0,44634.126729353266
505.0,300.0,44634.12672935324
505.0,305.0,44634.12672935324
505.0,310.0,44634.126729353266
505.0,315.0,44634.12672935324
505.0,320.0,44634.126729353266
505.0,325.0,44634.12672935324
505.0,330.0,44634.12672935324
505.0,335.0,44634.126729353266
505.0,340.0,44634.126729353266
505.0,345.0,44634.126729353266
505.0,350.0,44634.12672935324
505.0,355.0,44634.12672935324
505.0,360.0,44634.126729353266
505.0,365.0,44634.12672935324
505.0,370.0,44634.12672935324
505.0,375.0,44634.12672935324
505.0,380.0,44634.12672935324
505.0,385.0,44634.12672935324
505.0,390.0,44634.12672935324
505.0,395.0,44567.43593679432
505.0,400.0,38960.10061511051
505.0,405.0,33664.02416779632
505.0,410.0,28703.78188057329
505.0,415.0,24102.855711241395
505.0,420.0,19883.430551286154
505.0,425.0,16066.191690464588
505.0,430.0,12670.12792025489
505.0,435.0,9712.344958574331
505.0,440.0,7207.893869776429
505.0,445.0,5169.618883505681
505.0,450.0,3608.0284969357576
505.0,455.0,2531.192997229674
505.0,460.0,1944.6706247274149
505.0,465.0,1851.463564211477
505.0,470.0,2053.755694189715
505.0,475.0,2222.905299897482
505.0,480.0,2347.4688287335757
505.0,485.0,2422.6831423584986
505.0,490.0,2445.9495615828696
505.0,495.0,2416.8722405476624
505.0,500.0,2337.2876479047945
505.0,505.0,2211.2787017752985
505.0,510.0,2045.165007956092
505.0,515.0,1850.7815925512525
505.0,520.0,1943.605588188295
505.0,525.0,2222.379518297294
505.0,530.0,2469.524256040895
505.0,535.0,2675.284956922748
505.0,540.0,2831.9743603561506
505.0,545.0,2934.0252405457886
505.0,550.0,2978.037851184065
505.0,555.0,2962.8233322491856
505.0,560.0,2889.4405500758935
505.0,565.0,2761.220678028005
505.0,570.0,2583.771400010219
505.0,575.0,2364.951272667839
505.0,580.0,2114.804750522231
505.0,585.0,1856.508935687708
505.0,590.0,1930.0074111325255
505.0,595.0,2173.575572158418
505.0,600.0,2381.4904216311884
505.0,605.0,2545.4711600643177
505.0,610.0,2659.33472124852
505.0,615.0,2719.0437052798707
505.0,620.0,2722.7499072180804
505.0,625.0,2670.832049300053
505.0,630.0,2565.9230075971673
505.0,635.0,2412.9191273402175
505.0,640.0,2218.9625124476897
505.0,645.0,1993.3867290459482
505.0,650.0,1828.707668477042
505.0,655.0,1956.8798508925395
505.0,660.0,2058.7315143010023
505.0,665.0,2114.6287395021645
505.0,670.0,2122.679352963294
505.0,675.0,2083.189500928437
505.0,680.0,1998.6862752260586
505.0,685.0,1873.922153988992
505.0,690.0,1866.5692817899956
505.0,695.0,1924.8699830799424
505.0,700.0,1938.1835141609968
505.0,705.0,1906.600470828282
505.0,710.0,1832.855974587831
505.0,715.0,1992.8368896384873
505.0,720.0,2311.3969732574283
505.0,725.0,2656.3350639724663
505.0,730.0,3027.3952181821373
505.0,735.0,3424.304136312092
505.0,740.0,3846.7663746675976
505.0,745.0,4294.458859248417
505.0,750.0,4767.024877236313
505.0,755.0,5264.067744810318
505.0,760.0,5785.144367063209
505.0,765.0,6329.758917140328
505.0,770.0,6897.356865610625
505.0,775.0,7487.319587856581
505.0,780.0,8098.959765529234
505.0,785.0,8731.517778786167
505.0,790.0,9384.15925872767
505.0,795.0,10055.973934773847
505.0,800.0,10745.975871390956
505.0,805.0,11453.105142886354
505.0,810.0,12176.230947160413
505.0,815.0,12914.156109305522
505.0,820.0,13665.622878457594
505.0,825.0,14429.31987598033
505.0,830.0,15203.890014114977
505.0,835.0,15987.93917177243
505.0,840.0,16780.04539151841
505.0,845.0,17578.768348024863
505.0,850.0,18382.658835970396
505.0,855.0,19190.26803278343
505.0,860.0,20000.156309907714
505.0,865.0,20810.901392415974
505.0,870.0,21621.10570211448
505.0,875.0,22429.402758521028
505.0,880.0,23234.46255719103
505.0,885.0,24034.995890123297
505.0,890.0,24829.75761881029
505.0,895.0,25617.548953890782
505.0,900.0,26397.218834599524
510.0,250.0,39023.326850176374
510.0,255.0,39023.32685017641
510.0,260.0,39023.32685017641
510.0,265.0,39023.326850176374
510.0,270.0,39023.326850176374
510.0,275.0,39023.32685017638
510.0,280.0,39023.326850176396
510.0,285.0,39023.32685017638
510.0,290.0,39023.32685017637
510.0,295.0,39023.32685017637
510.0,300.0,39023.326850176374
510.0,305.0,39023.326850176396
510.0,310.0,39023.32685017638
510.0,315.0,39023.32685017636
510.0,320.0,39023.326850176396
510.0,325.0,39023.326850176374
510.0,330.0,39023.326850176396
510.0,335.0,39023.326850176396
510.0,340.0,39023.32685017636
510.0,345.0,39023.326850176374
510.0,350.0,39023.326850176396
510.0,355.0,39023.32685017639
510.0,360.0,39023.32685017636
510.0,365.0,39023.326850176374
510.0,370.0,39023.32685017637
510.0,375.0,39023.326850176374
510.0,380.0,39023.32685017641
510.0,385.0,39023.32685017636
510.0,390.0,39023.32685017636
510.0,395.0,39023.32685017641
510.0,400.0,38960.10061511053
510.0,405.0,33664.02416779632
510.0,410.0,28703.781880573268
510.0,415.0,24102.855711241406
510.0,420.0,19883.430551286154
510.0,425.0,16066.191690464619
510.0,430.0,12670.127920254892
510.0,435.0,9712.344958574331
510.0,440.0,7207.893869776422
510.0,445.0,5169.618883505677
510.0,450.0,3608.0284969357567
510.0,455.0,2531.192997229683
510.0,460.0,1944.6706247274117
510.0,465.0,1851.4635642114763
510.0,470.0,2053.755694189719
510.0,475.0,2222.9052998974876
510.0,480.0,2347.468828733575
510.0,485.0,2422.683142358494
510.0,490.0,2445.949561582868
510.0,495.0,2416.872240547662
510.0,500.0,2337.2876479047945
510.0,505.0,2211.278701775303
510.0,510.0,2045.1650079560916
510.0,515.0,1850.7815925512525
510.0,520.0,1941.9172170808502
510.0,525.0,2222.3795182972567
510.0,530.0,2469.5242560409006
510.0,535.0,2675.284956922746
510.0,540.0,2831.974360356148
510.0,545.0,2934.0252405457913
510.0,550.0,2978.0378511840668
510.0,555.0,2962.823332249187
510.0,560.0,2889.440550075891
510.0,565.0,2761.2206780280076
510.0,570.0,2583.7714000102214
510.0,575.0,2364.951272667842
510.0,580.0,2114.8047505222376
510.0,585.0,1856.5089356877083
510.0,590.0,1930.0074111325246
510.0,595.0,2173.5755721584205
510.0,600.0,2381.490421631188
510.0,605.0,2545.471160064324
510.0,610.0,2659.334721248519
510.0,615.0,2719.043705279871
510.0,620.0,2722.7499072180804
510.0,625.0,2670.832049300056
510.0,630.0,2565.9230075971645
510.0,635.0,2412.9191273402234
510.0,640.0,2218.9625124476897
510.0,645.0,1993.386729045953
510.0,650.0,1828.7076684770557
510.0,655.0,1956.8798508925474
510.0,660.0,2058.7315143010082
510.0,665.0,2114.6287395021627
510.0,670.0,2122.6793529632896
510.0,675.0,2083.189500928437
510.0,680.0,1998.6862752260636
510.0,685.0,1873.9221539889913
510.0,690.0,1866.5692817899965
510.0,695.0,1924.8699830799462
510.0,700.0,1938.1835141609997
510.0,705.0,1906.600470828285
510.0,710.0,1832.855974587828
510.0,715.0,1986.8023062146128
510.0,720.0,2280.618293849191
510.0,725.0,2596.8476402319257
510.0,730.0,2935.236024138405
510.0,735.0,3295.514912183928
510.0,740.0,3677.397239355631
510.0,745.0,4080.5725446841307
510.0,750.0,4504.701721321211
510.0,755.0,4949.411557528437
510.0,760.0,5414.289257061108
510.0,765.0,5898.877134312868
510.0,770.0,6402.667679971729
510.0,775.0,6925.099187262807
510.0,780.0,7465.552115990833
510.0,785.0,8023.346352494678
510.0,790.0,8597.739498056899
510.0,795.0,9187.926286906071
510.0,800.0,9793.03919928705
510.0,805.0,10412.150295465925
510.0,810.0,11044.274255807217
510.0,815.0,11688.372570155141
510.0,820.0,12343.358780688219
510.0,825.0,13008.104645768859
510.0,830.0,13681.447061616074
510.0,835.0,14362.19555380848
510.0,840.0,15049.140134407971
510.0,845.0,15741.059311828418
510.0,850.0,16436.72804158941
510.0,855.0,17134.925415080947
510.0,860.0,17834.44190132486
510.0,865.0,18534.08598075761
510.0,870.0,19232.690041376107
510.0,875.0,19929.11544164415
510.0,880.0,20622.256683065887
510.0,885.0,21311.044673451066
510.0,890.0,21994.449100086484
510.0,895.0,22671.47996779512
510.0,900.0,23341.188388854465
515.0,250.0,33723.496159691
515.0,255.0,33723.496159691
515.0,260.0,33723.496159691014
515.0,265.0,33723.49615969099
515.0,270.0,33723.496159691
515.0,275.0,33723.496159691014
515.0,280.0,33723.49615969101
515.0,285.0,33723.496159691
515.0,290.0,33723.49615969099
515.0,295.0,33723.496159691014
515.0,300.0,33723.49615969101
515.0,305.0,33723.496159691
515.0,310.0,33723.496159691
515.0,315.0,33723.496159691
515.0,320.0,33723.496159691
515.0,325.0,33723.496159691014
515.0,330.0,33723.49615969101
515.0,335.0,33723.49615969099
515.0,340.0,33723.496159691
515.0,345.0,33723.496159691
515.0,350.0,33723.496159691
515.0,355.0,33723.496159691
515.0,360.0,33723.496159691
515.0,365.0,33723.496159691
515.0,370.0,33723.49615969099
515.0,375.0,33723.49615969102
515.0,380.0,33723.496159691
515.0,385.0,33723.496159691014
515.0,390.0,33723.496159691
515.0,395.0,33723.49615969099
515.0,400.0,33723.49615969101
515.0,405.0,33664.02416779632
515.0,410.0,28703.781880573275
515.0,415.0,24102.8557112414
515.0,420.0,19883.430551286165
515.0,425.0,16066.19169046462
515.0,430.0,12670.127920254885
515.0,435.0,9712.344958574336
515.0,440.0,7207.8938697764215
515.0,445.0,5169.618883505681
515.0,450.0,3608.028496935763
515.0,455.0,2531.1929972296834
515.0,460.0,1944.6706247274083
515.0,465.0,1851.463564211477
515.0,470.0,2053.755694189718
515.0,475.0,2222.905299897482
515.0,480.0,2347.468828733572
515.0,485.0,2422.683142358498
515.0,490.0,2445.949561582867
515.0,495.0,2416.872240547666
515.0,500.0,2337.287647904796
515.0,505.0,2211.2787017753035
515.0,510.0,2045.1650079560882
515.0,515.0,1850.7815925512475
515.0,520.0,1938.451459788723
515.0,525.0,2204.561786469366
515.0,530.0,2469.524256040901
515.0,535.0,2675.284956922746
515.0,540.0,2831.9743603561574
515.0,545.0,2934.025240545786
515.0,550.0,2978.0378511840618
515.0,555.0,2962.823332249193
515.0,560.0,2889.4405500758926
515.0,565.0,2761.2206780280076
515.0,570.0,2583.7714000102214
515.0,575.0,2364.9512726678386
515.0,580.0,2114.8047505222366
515.0,585.0,1856.508935687707
515.0,590.0,1929.3016418499399
515.0,595.0,2173.575572158415
515.0,600.0,2381.4904216311884
515.0,605.0,2545.471160064321
515.0,610.0,2659.334721248519
515.0,615.0,2719.0437052798693
515.0,620.0,2722.749907218082
515.0,625.0,2670.8320493000597
515.0,630.0,2565.923007597164
515.0,635.0,2412.919127340223
515.0,640.0,2218.96251244769
515.0,645.0,1993.3867290459516
515.0,650.0,1828.7076684770445
515.0,655.0,1956.8798508925508
515.0,660.0,2058.731514301006
515.0,665.0,2114.6287395021636
515.0,670.0,2122.6793529632896
515.0,675.0,2083.189500928441
515.0,680.0,1998.6862752260595
515.0,685.0,1873.9221539889909
515.0,690.0,1866.5692817899928
515.0,695.0,1924.8699830799455
515.0,700.0,1938.1835141609943
515.0,705.0,1906.600470828285
515.0,710.0,1832.8559745878265
515.0,715.0,1979.7293917869713
515.0,720.0,2248.861395835426
515.0,725.0,2536.745760898777
515.0,730.0,2843.1332730069926
515.0,735.0,3167.7631763307622
515.0,740.0,3510.359343552282
515.0,745.0,3870.6260374203657
515.0,750.0,4248.243405171825
515.0,755.0,4642.862859833528
515.0,760.0,5054.102510087843
515.0,765.0,5481.542803634454
515.0,770.0,5924.72254667369
515.0,775.0,6383.135454767946
515.0,780.0,6856.227377021128
515.0,785.0,7343.39431719629
515.0,790.0,7843.981351954708
515.0,795.0,8357.282518482121
515.0,800.0,8882.541712802076
515.0,805.0,9418.954606353964
515.0,810.0,9965.671554389191
515.0,815.0,10521.801435311952
515.0,820.0,11086.416328671525
515.0,825.0,11658.5569106102
515.0,830.0,12237.238422105607
515.0,835.0,12821.457047091559
515.0,840.0,13410.196526678697
515.0,845.0,14002.434831160328
515.0,850.0,14597.1507149592
515.0,855.0,15193.329989547008
515.0,860.0,15789.971366333417
515.0,865.0,16386.091743199522
515.0,870.0,16980.730835658105
515.0,875.0,17572.955082691693
515.0,880.0,18161.860789653805
515.0,885.0,18746.57650215475
515.0,890.0,19326.26463608215
515.0,895.0,19900.12241779448
515.0,900.0,20467.382214041547
520.0,250.0,28759.221516909707
520.0,255.0,28759.221516909714
520.0,260.0,28759.221516909714
520.0,265.0,28759.221516909707
520.0,270.0,28759.221516909718
520.0,275.0,28759.221516909714
520.0,280.0,28759.221516909714
520.0,285.0,28759.22151690972
520.0,290.0,28759.221516909707
520.0,295.0,28759.22151690971
520.0,300.0,28759.221516909714
520.0,305.0,28759.221516909714
520.0,310.0,28759.221516909714
520.0,315.0,28759.221516909714
520.0,320.0,28759.221516909707
520.0,325.0,28759.221516909714
520.0,330.0,28759.221516909714
520.0,335.0,28759.221516909707
520.0,340.0,28759.221516909707
520.0,345.0,28759.221516909707
520.0,350.0,28759.221516909714
520.0,355.0,28759.221516909707
520.0,360.0,28759.221516909714
520.0,365.0,28759.221516909714
520.0,370.0,28759.221516909714
520.0,375.0,28759.221516909714
520.0,380.0,28759.221516909714
520.0,385.0,28759.22151690971
520.0,390.0,28759.221516909707
520.0,395.0,28759.221516909693
520.0,400.0,28759.221516909714
520.0,405.0,28759.221516909714
520.0,410.0,28703.78188057327
520.0,415.0,24102.855711241406
520.0,420.0,19883.430551286165
520.0,425.0,16066.191690464593
520.0,430.0,12670.127920254892
520.0,435.0,9712.344958574331
520.0,440.0,7207.8938697764215
520.0,445.0,5169.618883505677
520.0,450.0,3608.0284969357576
520.0,455.0,2531.1929972296834
520.0,460.0,1944.6706247274165
520.0,465.0,1851.463564211477
520.0,470.0,2053.7556941897137
520.0,475.0,2222.9052998974857
520.0,480.0,2347.468828733575
520.0,485.0,2422.683142358497
520.0,490.0,2445.9495615828673
520.0,495.0,2416.8722405476587
520.0,500.0,2337.287647904788
520.0,505.0,2211.278701775302
520.0,510.0,2045.1650079560866
520.0,515.0,1850.7815925512525
520.0,520.0,1933.9727583757226
520.0,525.0,2176.0398511021276
520.0,530.0,2433.542321950946
520.0,535.0,2675.284956922748
520.0,540.0,2831.9743603561456
520.0,545.0,2934.025240545794
520.0,550.0,2978.037851184066
520.0,555.0,2962.8233322491847
520.0,560.0,2889.4405500758917
520.0,565.0,2761.2206780280103
520.0,570.0,2583.7714000102196
520.0,575.0,2364.951272667838
520.0,580.0,2114.80475052223
520.0,585.0,1856.508935687708
520.0,590.0,1925.6191684974913
520.0,595.0,2167.1310816135897
520.0,600.0,2381.490421631184
520.0,605.0,2545.471160064324
520.0,610.0,2659.334721248521
520.0,615.0,2719.043705279871
520.0,620.0,2722.7499072180804
520.0,625.0,2670.8320493000533
520.0,630.0,2565.9230075971655
520.0,635.0,2412.919127340216
520.0,640.0,2218.9625124476916
520.0,645.0,1993.3867290459532
520.0,650.0,1828.707668477042
520.0,655.0,1956.8798508925452
520.0,660.0,2058.731514301007
520.0,665.0,2114.6287395021623
520.0,670.0,2122.6793529632896
520.0,675.0,2083.1895009284385
520.0,680.0,1998.6862752260636
520.0,685.0,1873.9221539889857
520.0,690.0,1866.5692817899896
520.0,695.0,1924.8699830799455
520.0,700.0,1938.1835141609988
520.0,705.0,1906.6004708282755
520.0,710.0,1832.855974587831
520.0,715.0,1971.6319462538588
520.0,720.0,2216.1835883468916
520.0,725.0,2476.1328552685113
520.0,730.0,2751.238983692786
520.0,735.0,3041.2519597448977
520.0,740.0,3345.9091908323544
520.0,745.0,3664.9318866991125
520.0,750.0,3998.0212731191646
520.0,755.0,4344.854769852094
520.0,760.0,4705.082268637464
520.0,765.0,5078.322647413798
520.0,770.0,5464.160652701101
520.0,775.0,5862.144273716077
520.0,780.0,6271.782718612704
520.0,785.0,6692.545086173409
520.0,790.0,7123.859805288562
520.0,795.0,7565.114890270513
520.0,800.0,8015.659033722781
520.0,805.0,8474.803530590016
520.0,810.0,8941.824999233355
520.0,815.0,9415.968837776625
520.0,820.0,9896.453329385893
520.0,825.0,10382.47428804743
520.0,830.0,10873.210119166199
520.0,835.0,11367.827156574684
520.0,840.0,11865.4851310352
520.0,845.0,12365.342623989503
520.0,850.0,12866.562365451602
520.0,855.0,13368.316245100485
520.0,860.0,13869.789921297795
520.0,865.0,14370.186931888973
520.0,870.0,14868.732233993238
520.0,875.0,15364.675124311496
520.0,880.0,15857.291518084403
520.0,885.0,16345.885590368413
520.0,890.0,16829.790808254205
520.0,895.0,17308.370405417878
520.0,900.0,17781.01737019599
525.0,250.0,24153.998800868172
525.0,255.0,24153.99880086819
525.0,260.0,24153.99880086819
525.0,265.0,24153.99880086819
525.0,270.0,24153.99880086819
525.0,275.0,24153.998800868194
525.0,280.0,24153.998800868172
525.0,285.0,24153.998800868172
525.0,290.0,24153.99880086819
525.0,295.0,24153.998800868172
525.0,300.0,24153.998800868172
525.0,305.0,24153.99880086819
525.0,310.0,24153.998800868172
525.0,315.0,24153.99880086819
525.0,320.0,24153.998800868172
525.0,325.0,24153.998800868172
525.0,330.0,24153.99880086817
525.0,335.0,24153.99880086819
525.0,340.0,24153.99880086819
525.0,345.0,24153.998800868172
525.0,350.0,24153.998800868172
525.0,355.0,24153.998800868172
525.0,360.0,24153.99880086819
525.0,365.0,24153.99880086819
525.0,370.0,24153.998800868198
525.0,375.0,24153.998800868198
525.0,380.0,24153.998800868172
525.0,385.0,24153.9988008682
525.0,390.0,24153.99880086819
525.0,395.0,24153.998800868194
525.0,400.0,24153.998800868172
525.0,405.0,24153.998800868172
525.0,410.0,24153.99880086817
525.0,415.0,24102.855711241402
525.0,420.0,19883.430551286154
525.0,425.0,16066.191690464588
525.0,430.0,12670.127920254898
525.0,435.0,9712.344958574331
525.0,440.0,7207.893869776439
525.0,445.0,5169.6188835056755
525.0,450.0,3608.0284969357635
525.0,455.0,2531.1929972296743
525.0,460.0,1944.6706247274117
525.0,465.0,1851.4635642114754
525.0,470.0,2053.755694189721
525.0,475.0,2222.9052998974876
525.0,480.0,2347.468828733572
525.0,485.0,2422.683142358497
525.0,490.0,2445.9495615828723
525.0,495.0,2416.8722405476638
525.0,500.0,2337.2876479047914
525.0,505.0,2211.2787017753126
525.0,510.0,2045.1650079560893
525.0,515.0,1850.7815925512473
525.0,520.0,1928.4915971211294
525.0,525.0,2146.612682716126
525.0,530.0,2377.1212647258017
525.0,535.0,2619.7891680723296
525.0,540.0,2831.9743603561483
525.0,545.0,2934.0252405457873
525.0,550.0,2978.0378511840718
525.0,555.0,2962.82333224919
525.0,560.0,2889.4405500758967
525.0,565.0,2761.220678028005
525.0,570.0,2583.7714000102205
525.0,575.0,2364.9512726678377
525.0,580.0,2114.804750522228
525.0,585.0,1856.5089356877077
525.0,590.0,1920.9364144127185
525.0,595.0,2138.611299178048
525.0,600.0,2368.6817554761624
525.0,605.0,2545.471160064319
525.0,610.0,2659.33472124852
525.0,615.0,2719.0437052798743
525.0,620.0,2722.749907218087
525.0,625.0,2670.832049300057
525.0,630.0,2565.9230075971677
525.0,635.0,2412.9191273402266
525.0,640.0,2218.962512447685
525.0,645.0,1993.3867290459443
525.0,650.0,1828.7076684770443
525.0,655.0,1956.879850892545
525.0,660.0,2058.7315143010023
525.0,665.0,2114.6287395021636
525.0,670.0,2122.6793529632896
525.0,675.0,2083.1895009284326
525.0,680.0,1998.6862752260595
525.0,685.0,1873.922153988991
525.0,690.0,1866.5692817899912
525.0,695.0,1924.8699830799424
525.0,700.0,1938.1835141610015
525.0,705.0,1906.6004708282833
525.0,710.0,1832.8559745878304
525.0,715.0,1962.52704414183
525.0,720.0,2182.644567639451
525.0,725.0,2415.113526301603
525.0,730.0,2659.7048274612966
525.0,735.0,2916.1821203535505
525.0,740.0,3184.298970480093
525.0,745.0,3463.795842791801
525.0,750.0,3754.396998621691
525.0,755.0,4055.8074161343134
525.0,760.0,4367.709845451093
525.0,765.0,4689.762107918161
525.0,770.0,5021.594743485099
525.0,775.0,5362.809101410874
525.0,780.0,5712.975956989282
525.0,785.0,6071.634721555115
525.0,790.0,6438.29329472297
525.0,795.0,6812.428587194289
525.0,800.0,7193.487720649341
525.0,805.0,7580.889888436161
525.0,810.0,7974.0288387194705
525.0,815.0,8372.27592028518
525.0,820.0,8774.983612625965
525.0,825.0,9181.48944570613
525.0,830.0,9591.120202795117
525.0,835.0,10003.19629155463
525.0,840.0,10417.036165472133
525.0,845.0,10831.960678757043
525.0,850.0,11247.297263934017
525.0,855.0,11662.38383128114
525.0,860.0,12076.572303318466
525.0,865.0,12489.23171402429
525.0,870.0,12899.750821957929
525.0,875.0,13307.540206335116
525.0,880.0,13712.03383645671
525.0,885.0,14112.69012502427
525.0,890.0,14508.992495265155
525.0,895.0,14900.44950918323
525.0,900.0,15286.59461909413
530.0,250.0,19930.02918131221
530.0,255.0,19930.0291813122
530.0,260.0,19930.0291813122
530.0,265.0,19930.0291813122
530.0,270.0,19930.029181312206
530.0,275.0,19930.0291813122
530.0,280.0,19930.0291813122
530.0,285.0,19930.0291813122
530.0,290.0,19930.029181312195
530.0,295.0,19930.02918131221
530.0,300.0,19930.029181312206
530.0,305.0,19930.029181312206
530.0,310.0,19930.0291813122
530.0,315.0,19930.0291813122
530.0,320.0,19930.02918131221
530.0,325.0,19930.02918131221
530.0,330.0,19930.02918131221
530.0,335.0,19930.0291813122
530.0,340.0,19930.0291813122
530.0,345.0,19930.029181312195
530.0,350.0,19930.029181312202
530.0,355.0,19930.029181312195
530.0,360.0,19930.0291813122
530.0,365.0,19930.029181312195
530.0,370.0,19930.029181312195
530.0,375.0,19930.0291813122
530.0,380.0,19930.029181312206
530.0,385.0,19930.02918131221
530.0,390.0,19930.0291813122
530.0,395.0,19930.029181312195
530.0,400.0,19930.029181312206
530.0,405.0,19930.029181312195
530.0,410.0,19930.029181312206
530.0,415.0,19930.029181312195
530.0,420.0,19883.430551286132
530.0,425.0,16066.191690464619
530.0,430.0,12670.127920254892
530.0,435.0,9712.344958574331
530.0,440.0,7207.8938697764215
530.0,445.0,5169.618883505672
530.0,450.0,3608.0284969357635
530.0,455.0,2531.1929972296743
530.0,460.0,1944.6706247274162
530.0,465.0,1851.4635642114754
530.0,470.0,2040.9903920720287
530.0,475.0,2222.9052998974894
530.0,480.0,2347.468828733574
530.0,485.0,2422.6831423585013
530.0,490.0,2445.949561582862
530.0,495.0,2416.872240547664
530.0,500.0,2337.28764790479
530.0,505.0,2211.2787017753067
530.0,510.0,2045.165007956092
530.0,515.0,1850.781592551247
530.0,520.0,1922.0216636816936
530.0,525.0,2116.335395199269
530.0,530.0,2320.298791347668
530.0,535.0,2533.69821267314
530.0,540.0,2756.314876987679
530.0,545.0,2934.025240545785
530.0,550.0,2978.0378511840654
530.0,555.0,2962.8233322491924
530.0,560.0,2889.4405500758917
530.0,565.0,2761.2206780280076
530.0,570.0,2583.771400010218
530.0,575.0,2364.951272667838
530.0,580.0,2114.80475052223
530.0,585.0,1856.508935687708
530.0,590.0,1915.2656284706281
530.0,595.0,2109.231130416167
530.0,600.0,2312.8538743327817
530.0,605.0,2525.9203636875077
530.0,610.0,2659.334721248519
530.0,615.0,2719.0437052798684
530.0,620.0,2722.7499072180817
530.0,625.0,2670.832049300056
530.0,630.0,2565.923007597166
530.0,635.0,2412.9191273402225
530.0,640.0,2218.962512447685
530.0,645.0,1993.3867290459525
530.0,650.0,1828.7076684770439
530.0,655.0,1956.8798508925395
530.0,660.0,2058.7315143010064
530.0,665.0,2114.6287395021654
530.0,670.0,2122.6793529632937
530.0,675.0,2083.1895009284335
530.0,680.0,1998.6862752260586
530.0,685.0,1873.9221539889918
530.0,690.0,1866.5692817899944
530.0,695.0,1924.869983079948
530.0,700.0,1938.1835141609986
530.0,705.0,1906.6004708282785
530.0,710.0,1832.855974587831
530.0,715.0,1952.434852085972
530.0,720.0,2148.3062656862444
530.0,725.0,2353.7934951451584
530.0,730.0,2568.682225050696
530.0,735.0,2792.752639884356
530.0,740.0,3025.7770907738695
530.0,745.0,3267.517652215652
530.0,750.0,3517.7236554568017
530.0,755.0,3776.129287403464
530.0,760.0,4042.4513432627223
530.0,765.0,4316.38721800495
530.0,770.0,4597.613215602885
530.0,775.0,4885.783246404839
530.0,780.0,5180.527971551537
530.0,785.0,5481.454439844041
530.0,790.0,5788.14624697174
530.0,795.0,6100.164230030246
530.0,800.0,6417.047692727149
530.0,805.0,6738.316138757377
530.0,810.0,7063.471473942929
530.0,815.0,7392.000621669901
530.0,820.0,7723.378482761866
530.0,825.0,8057.071159645475
530.0,830.0,8392.539356938858
530.0,835.0,8729.241865971357
530.0,840.0,9066.639040195887
530.0,845.0,9404.196171061554
530.0,850.0,9741.386680397469
530.0,855.0,10077.695054585593
530.0,860.0,10412.619458015999
530.0,865.0,10745.673977091164
530.0,870.0,11076.390461877209
530.0,875.0,11404.319948252527
530.0,880.0,11729.033660023559
530.0,885.0,12050.123605827737
530.0,890.0,12367.202800172281
530.0,895.0,12679.905150725011
530.0,900.0,12987.885064599297
535.0,250.0,16108.016542921825
535.0,255.0,16108.016542921825
535.0,260.0,16108.01654292182
535.0,265.0,16108.016542921825
535.0,270.0,16108.01654292182
535.0,275.0,16108.01654292182
535.0,280.0,16108.01654292182
535.0,285.0,16108.016542921825
535.0,290.0,16108.016542921825
535.0,295.0,16108.01654292182
535.0,300.0,16108.01654292182
535.0,305.0,16108.016542921825
535.0,310.0,16108.01654292182
535.0,315.0,16108.016542921825
535.0,320.0,16108.01654292182
535.0,325.0,16108.01654292182
535.0,330.0,16108.01654292182
535.0,335.0,16108.01654292182
535.0,340.0,16108.016542921825
535.0,345.0,16108.01654292182
535.0,350.0,16108.01654292182
535.0,355.0,16108.01654292182
535.0,360.0,16108.01654292182
535.0,365.0,16108.01654292182
535.0,370.0,16108.01654292182
535.0,375.0,16108.01654292182
535.0,380.0,16108.016542921825
535.0,385.0,16108.01654292182
535.0,390.0,16108.016542921825
535.0,395.0,16108.01654292182
535.0,400.0,16108.01654292182
535.0,405.0,16108.01654292182
535.0,410.0,16108.01654292182
535.0,415.0,16108.01654292182
535.0,420.0,16108.01654292182
535.0,425.0,16066.19169046462
535.0,430.0,12670.127920254896
535.0,435.0,9712.344958574331
535.0,440.0,7207.8938697764215
535.0,445.0,5169.6188835056755
535.0,450.0,3608.0284969357635
535.0,455.0,2531.192997229684
535.0,460.0,1944.6706247274099
535.0,465.0,1851.4635642114756
535.0,470.0,2019.2294577732641
535.0,475.0,2194.403527118644
535.0,480.0,2347.4688287335716
535.0,485.0,2422.683142358497
535.0,490.0,2445.949561582872
535.0,495.0,2416.872240547659
535.0,500.0,2337.2876479047895
535.0,505.0,2211.278701775309
535.0,510.0,2045.1650079560882
535.0,515.0,1850.781592551247
535.0,520.0,1914.5796793214095
535.0,525.0,2085.265359591722
535.0,530.0,2263.17476254682
535.0,535.0,2448.1118066511453
535.0,540.0,2639.876770491483
535.0,545.0,2838.2644441049965
535.0,550.0,2978.037851184062
535.0,555.0,2962.8233322491874
535.0,560.0,2889.440550075897
535.0,565.0,2761.220678028007
535.0,570.0,2583.7714000102196
535.0,575.0,2364.9512726678395
535.0,580.0,2114.804750522234
535.0,585.0,1856.508935687708
535.0,590.0,1908.6221168276393
535.0,595.0,2079.0464626238895
535.0,600.0,2256.7014999645194
535.0,605.0,2441.3912440923145
535.0,610.0,2632.9161344326512
535.0,615.0,2719.0437052798707
535.0,620.0,2722.7499072180817
535.0,625.0,2670.8320493000615
535.0,630.0,2565.9230075971677
535.0,635.0,2412.919127340223
535.0,640.0,2218.96251244769
535.0,645.0,1993.3867290459532
535.0,650.0,1828.7076684770439
535.0,655.0,1956.8798508925436
535.0,660.0,2058.731514301005
535.0,665.0,2114.628739502164
535.0,670.0,2122.679352963292
535.0,675.0,2083.189500928437
535.0,680.0,1998.6862752260608
535.0,685.0,1873.9221539889932
535.0,690.0,1866.569281789993
535.0,695.0,1924.8699830799478
535.0,700.0,1938.1835141609995
535.0,705.0,1906.6004708282785
535.0,710.0,1832.8559745878306
535.0,715.0,1941.3784607779148
535.0,720.0,2113.2327278365296
535.0,725.0,2292.279578416029
535.0,730.0,2478.3224676367854
535.0,735.0,2671.160921749924
535.0,740.0,2870.5886756089994
535.0,745.0,3076.3917632553566
535.0,750.0,3288.346630753356
535.0,755.0,3506.2183406048703
535.0,760.0,3729.7589350092144
535.0,765.0,3958.7060212944457
535.0,770.0,4192.781636620582
535.0,775.0,4431.691441056736
535.0,780.0,4675.124278092935
535.0,785.0,4922.752130265893
535.0,790.0,5174.230484929864
535.0,795.0,5429.1991117296
535.0,800.0,5687.283239789166
535.0,805.0,5948.095109131912
535.0,810.0,6211.235858507015
535.0,815.0,6476.2977003874075
535.0,820.0,6742.866324848819
535.0,825.0,7010.523466796612
535.0,830.0,7278.849566657767
535.0,835.0,7547.426452737757
535.0,840.0,7815.839974647412
535.0,845.0,8083.682520718416
535.0,850.0,8350.555358657195
535.0,855.0,8616.070746885474
535.0,860.0,8879.853774246605
535.0,865.0,9141.54389686999
535.0,870.0,9400.796153389612
535.0,875.0,9657.282051736496
535.0,880.0,9910.690133155276
535.0,885.0,10160.726230294767
535.0,890.0,10407.113446600413
535.0,895.0,10649.591893110957
535.0,900.0,10887.918225895499
540.0,250.0,12706.97049599565
540.0,255.0,12706.970495995649
540.0,260.0,12706.970495995649
540.0,265.0,12706.970495995649
540.0,270.0,12706.970495995649
540.0,275.0,12706.97049599565
540.0,280.0,12706.970495995649
540.0,285.0,12706.970495995649
540.0,290.0,12706.970495995649
540.0,295.0,12706.970495995649
540.0,300.0,12706.970495995653
540.0,305.0,12706.970495995649
540.0,310.0,12706.970495995636
540.0,315.0,12706.970495995636
540.0,320.0,12706.970495995649
540.0,325.0,12706.97049599565
540.0,330.0,12706.97049599565
540.0,335.0,12706.970495995649
540.0,340.0,12706.970495995649
540.0,345.0,12706.97049599565
540.0,350.0,12706.97049599565
540.0,355.0,12706.97049599565
540.0,360.0,12706.970495995653
540.0,365.0,12706.97049599565
540.0,370.0,12706.970495995649
540.0,375.0,12706.970495995649
540.0,380.0,12706.970495995649
540.0,385.0,12706.97049599565
540.0,390.0,12706.970495995649
540.0,395.0,12706.970495995649
540.0,400.0,12706.970495995649
540.0,405.0,12706.970495995656
540.0,410.0,12706.97049599565
540.0,415.0,12706.97049599565
540.0,420.0,12706.970495995649
540.0,425.0,12706.970495995649
540.0,430.0,12670.127920254898
540.0,435.0,9712.344958574336
540.0,440.0,7207.8938697764215
540.0,445.0,5169.6188835056755
540.0,450.0,3608.028496935763
540.0,455.0,2531.192997229683
540.0,460.0,1944.6706247274162
540.0,465.0,1851.3357333257352
540.0,470.0,1996.6147446342568
540.0,475.0,2147.0718386133394
540.0,480.0,2302.5318947462274
540.0,485.0,2422.683142358499
540.0,490.0,2445.9495615828723
540.0,495.0,2416.872240547659
540.0,500.0,2337.2876479047973
540.0,505.0,2211.2787017753026
540.0,510.0,2045.1650079560866
540.0,515.0,1850.7815925512525
540.0,520.0,1906.1852429723087
540.0,525.0,2053.462095470474
540.0,530.0,2205.8502927103646
540.0,535.0,2363.1742030301093
540.0,540.0,2525.255905109578
540.0,545.0,2691.9137681221746
540.0,550.0,2862.961022516903
540.0,555.0,2962.82333224919
540.0,560.0,2889.4405500758935
540.0,565.0,2761.2206780280076
540.0,570.0,2583.7714000102187
540.0,575.0,2364.9512726678386
540.0,580.0,2114.8047505222266
540.0,585.0,1856.508935687707
540.0,590.0,1901.0240862173994
540.0,595.0,2048.1153605187055
540.0,600.0,2200.324234640566
540.0,605.0,2357.475132682076
540.0,610.0,2519.390238923309
540.0,615.0,2685.888079282805
540.0,620.0,2722.7499072180854
540.0,625.0,2670.8320493000538
540.0,630.0,2565.92300759717
540.0,635.0,2412.919127340216
540.0,640.0,2218.9625124476925
540.0,645.0,1993.3867290459552
540.0,650.0,1828.7076684770445
540.0,655.0,1956.8798508925438
540.0,660.0,2058.7315143010082
540.0,665.0,2114.6287395021554
540.0,670.0,2122.6793529632896
540.0,675.0,2083.1895009284403
540.0,680.0,1998.6862752260613
540.0,685.0,1873.9221539889918
540.0,690.0,1866.5692817899912
540.0,695.0,1924.8699830799494
540.0,700.0,1938.1835141609943
540.0,705.0,1906.6004708282817
540.0,710.0,1832.8559745878217
540.0,715.0,1929.3837332778617
540.0,720.0,2077.4900160309157
540.0,725.0,2230.67968760958
540.0,730.0,2388.7768425683266
540.0,735.0,2551.603061526883
540.0,740.0,2718.975986241752
540.0,745.0,2890.707893787962
540.0,750.0,3066.6043225514586
540.0,755.0,3246.4628015631347
540.0,760.0,3430.071731822883
540.0,765.0,3617.2094640327014
540.0,770.0,3807.6436112872957
540.0,775.0,4001.130628226918
540.0,780.0,4197.415679749686
540.0,785.0,4396.232813213266
540.0,790.0,4597.30543819815
540.0,795.0,4800.347107712403
540.0,800.0,5005.062584789389
540.0,805.0,5211.149168816569
540.0,810.0,5418.29824748739
540.0,815.0,5626.197032738931
540.0,820.0,5834.530433493476
540.0,825.0,6042.983013949587
540.0,830.0,6251.240984344856
540.0,835.0,6458.994171094937
540.0,840.0,6665.937915474928
540.0,845.0,6871.774853847072
540.0,850.0,7076.216538207939
540.0,855.0,7278.98486275367
540.0,860.0,7479.813270353365
540.0,865.0,7678.447721395178
540.0,870.0,7874.6474167435945
540.0,875.0,8068.185275275586
540.0,880.0,8258.848175273408
540.0,885.0,8446.43697664334
540.0,890.0,8630.766347859086
540.0,895.0,8811.664427226999
540.0,900.0,8988.97235240819
545.0,250.0,9744.019653239044
545.0,255.0,9744.019653239042
545.0,260.0,9744.019653239042
545.0,265.0,9744.019653239042
545.0,270.0,9744.019653239042
545.0,275.0,9744.019653239042
545.0,280.0,9744.019653239042
545.0,285.0,9744.019653239042
545.0,290.0,9744.019653239058
545.0,295.0,9744.019653239042
545.0,300.0,9744.019653239042
545.0,305.0,9744.019653239042
545.0,310.0,9744.019653239062
545.0,315.0,9744.019653239042
545.0,320.0,9744.019653239062
545.0,325.0,9744.019653239042
545.0,330.0,9744.019653239058
545.0,335.0,9744.019653239058
545.0,340.0,9744.019653239058
545.0,345.0,9744.019653239042
545.0,350.0,9744.019653239062
545.0,355.0,9744.019653239042
545.0,360.0,9744.019653239044
545.0,365.0,9744.019653239042
545.0,370.0,9744.019653239042
545.0,375.0,9744.019653239062
545.0,380.0,9744.019653239062
545.0,385.0,9744.019653239042
545.0,390.0,9744.019653239042
545.0,395.0,9744.019653239042
545.0,400.0,9744.019653239062
545.0,405.0,9744.019653239042
545.0,410.0,9744.019653239042
545.0,415.0,9744.019653239042
545.0,420.0,9744.019653239042
545.0,425.0,9744.019653239042
545.0,430.0,9744.019653239042
545.0,435.0,9712.344958574336
545.0,440.0,7207.893869776439
545.0,445.0,5169.618883505677
545.0,450.0,3608.028496935764
545.0,455.0,2531.1929972296825
545.0,460.0,1944.6706247274099
545.0,465.0,1850.3718154862543
545.0,470.0,1973.1926582154567
545.0,475.0,2099.3857011593022
545.0,480.0,2228.7986450270632
545.0,485.0,2361.2785055721183
545.0,490.0,2445.9495615828596
545.0,495.0,2416.8722405476633
545.0,500.0,2337.28764790479
545.0,505.0,2211.278701775298
545.0,510.0,2045.1650079560907
545.0,515.0,1850.7815925512523
545.0,520.0,1896.8606907386866
545.0,525.0,2020.9871835409022
545.0,530.0,2148.4277448675252
545.0,535.0,2279.029934272879
545.0,540.0,2412.640234142762
545.0,545.0,2549.1030172045926
545.0,550.0,2688.2595370751333
545.0,555.0,2829.9469799022013
545.0,560.0,2889.440550075888
545.0,565.0,2761.2206780280058
545.0,570.0,2583.771400010218
545.0,575.0,2364.951272667832
545.0,580.0,2114.804750522233
545.0,585.0,1856.5089356877065
545.0,590.0,1892.4925022465734
545.0,595.0,2016.4979763618906
545.0,600.0,2143.822960802868
545.0,605.0,2274.3150342428935
545.0,610.0,2407.8207349757654
545.0,615.0,2544.184528317621
545.0,620.0,2683.247795650061
545.0,625.0,2670.832049300056
545.0,630.0,2565.9230075971714
545.0,635.0,2412.9191273402157
545.0,640.0,2218.9625124476893
545.0,645.0,1993.3867290459546
545.0,650.0,1828.707668477042
545.0,655.0,1943.1550896146168
545.0,660.0,2058.731514301005
545.0,665.0,2114.6287395021627
545.0,670.0,2122.6793529632896
545.0,675.0,2083.189500928438
545.0,680.0,1998.6862752260613
545.0,685.0,1873.9221539889902
545.0,690.0,1866.569281789995
545.0,695.0,1924.8699830799465
545.0,700.0,1938.1835141610022
545.0,705.0,1906.6004708282796
545.0,710.0,1832.85597458783
545.0,715.0,1916.4791705611535
545.0,720.0,2041.146132904634
545.0,725.0,2169.102839184216
545.0,730.0,2300.196744845122
545.0,735.0,2434.274063092012
545.0,740.0,2571.1787334529486
545.0,745.0,2710.751419572058
545.0,750.0,2852.828574016238
545.0,755.0,2997.2416059099755
545.0,760.0,3143.8161840203397
545.0,765.0,3292.371703842415
545.0,770.0,3442.720942076508
545.0,775.0,3594.669916050442
545.0,780.0,3748.0179589931763
545.0,785.0,3902.558015101875
545.0,790.0,4058.077151118769
545.0,795.0,4214.357273918331
545.0,800.0,4371.176036840571
545.0,805.0,4528.307911200421
545.0,810.0,4685.525394163385
545.0,815.0,4842.600319761094
545.0,820.0,4999.30523697823
545.0,825.0,5155.414817119184
545.0,830.0,5310.70725258394
545.0,835.0,5464.9656103509315
545.0,840.0,5617.979106179709
545.0,845.0,5769.544269239149
545.0,850.0,5919.465971765585
545.0,855.0,6067.55830386478
545.0,860.0,6213.645279761085
545.0,865.0,6357.561368023643
545.0,870.0,6499.151844804221
545.0,875.0,6638.272975021626
545.0,880.0,6774.792032208074
545.0,885.0,6908.587172559021
545.0,890.0,7039.547182897184
545.0,895.0,7167.571125475195
545.0,900.0,7292.5679047486265
550.0,250.0,7234.239848673108
550.0,255.0,7234.239848673108
550.0,260.0,7234.239848673115
550.0,265.0,7234.239848673109
550.0,270.0,7234.239848673115
550.0,275.0,7234.239848673116
550.0,280.0,7234.239848673115
550.0,285.0,7234.239848673115
550.0,290.0,7234.239848673115
550.0,295.0,7234.239848673112
550.0,300.0,7234.239848673115
550.0,305.0,7234.239848673115
550.0,310.0,7234.239848673115
550.0,315.0,7234.239848673115
550.0,320.0,7234.239848673115
550.0,325.0,7234.239848673115
550.0,330.0,7234.239848673115
550.0,335.0,7234.239848673115
550.0,340.0,7234.239848673115
550.0,345.0,7234.239848673115
550.0,350.0,7234.239848673116
550.0,355.0,7234.23984867311
550.0,360.0,7234.239848673115
550.0,365.0,7234.239848673108
550.0,370.0,7234.239848673108
550.0,375.0,7234.239848673115
550.0,380.0,7234.239848673116
550.0,385.0,7234.239848673116
550.0,390.0,7234.239848673106
550.0,395.0,7234.239848673115
550.0,400.0,7234.239848673116
550.0,405.0,7234.239848673109
550.0,410.0,7234.239848673109
550.0,415.0,7234.239848673115
550.0,420.0,7234.239848673116
550.0,425.0,7234.239848673115
550.0,430.0,7234.239848673115
550.0,435.0,7234.239848673115
550.0,440.0,7207.893869776429
550.0,445.0,5169.618883505677
550.0,450.0,3608.028496935764
550.0,455.0,2531.192997229683
550.0,460.0,1944.6706247274162
550.0,465.0,1848.472239214951
550.0,470.0,1949.0118451747883
550.0,475.0,2051.433280737309
550.0,480.0,2155.6096689399646
550.0,485.0,2261.414399544082
550.0,490.0,2368.720423371287
550.0,495.0,2416.8722405476624
550.0,500.0,2337.2876479047873
550.0,505.0,2211.2787017753053
550.0,510.0,2045.1650079560911
550.0,515.0,1850.7815925512482
550.0,520.0,1886.6309714898716
550.0,525.0,1987.9041947684866
550.0,530.0,2091.0107281608566
550.0,535.0,2195.823880494866
550.0,540.0,2302.2169559099734
550.0,545.0,2410.062556894126
550.0,550.0,2519.231928290777
550.0,555.0,2629.5943673813276
550.0,560.0,2741.0167229029153
550.0,565.0,2761.2206780280076
550.0,570.0,2583.771400010218
550.0,575.0,2364.951272667839
550.0,580.0,2114.80475052223
550.0,585.0,1856.5089356877065
550.0,590.0,1883.0509635045562
550.0,595.0,1984.2564768505058
550.0,600.0,2087.2998359827975
550.0,605.0,2192.0543364554246
550.0,610.0,2298.393294437233
550.0,615.0,2406.1893487702214
550.0,620.0,2515.3138030561886
550.0,625.0,2625.636032982568
550.0,630.0,2565.9230075971673
550.0,635.0,2412.9191273402266
550.0,640.0,2218.96251244769
550.0,645.0,1993.3867290459534
550.0,650.0,1828.7076684770443
550.0,655.0,1924.5039515806895
550.0,660.0,2026.4818894562009
550.0,665.0,2114.628739502154
550.0,670.0,2122.679352963288
550.0,675.0,2083.189500928438
550.0,680.0,1998.6862752260613
550.0,685.0,1873.9221539889909
550.0,690.0,1866.5692817899903
550.0,695.0,1924.869983079948
550.0,700.0,1938.183514161001
550.0,705.0,1906.6004708282844
550.0,710.0,1832.8559745878306
550.0,715.0,1902.6957941689805
550.0,720.0,2004.2709611745956
550.0,725.0,2107.659163503778
550.0,730.0,2212.7337560475403
550.0,735.0,2319.3679758828102
550.0,740.0,2427.43425008242
550.0,745.0,2536.8035486504773
550.0,750.0,2647.3448073434515
550.0,755.0,2758.9244428530606
550.0,760.0,2871.405979756606
550.0,765.0,2984.649805079031
550.0,770.0,3098.513062120383
550.0,775.0,3212.8496907180797
550.0,780.0,3327.5106162443653
550.0,785.0,3442.344084766943
550.0,790.0,3557.1961369549936
550.0,795.0,3671.9112086850446
550.0,800.0,3786.3328421914957
550.0,805.0,3900.3044879849
550.0,810.0,4013.670375031427
550.0,815.0,4126.276424620522
550.0,820.0,4237.971182440799
550.0,825.0,4348.606743249674
550.0,830.0,4458.039643489279
550.0,835.0,4566.131698937007
550.0,840.0,4672.750767157176
550.0,845.0,4777.771417705103
550.0,850.0,4881.075496866596
550.0,855.0,4982.552577764397
550.0,860.0,5082.100290975661
550.0,865.0,5179.624534941841
550.0,870.0,5275.039569598214
550.0,875.0,5368.268000218109
550.0,880.0,5459.240661818752
550.0,885.0,5547.89641707055
550.0,890.0,5634.181882728976
550.0,895.0,5718.0511009966895
550.0,900.0,5799.465172922851
555.0,250.0,5190.501707689618
555.0,255.0,5190.501707689618
555.0,260.0,5190.50170768962
555.0,265.0,5190.501707689617
555.0,270.0,5190.501707689617
555.0,275.0,5190.501707689619
555.0,280.0,5190.501707689618
555.0,285.0,5190.501707689612
555.0,290.0,5190.501707689612
555.0,295.0,5190.501707689612
555.0,300.0,5190.501707689612
555.0,305.0,5190.501707689618
555.0,310.0,5190.50170768962
555.0,315.0,5190.501707689618
555.0,320.0,5190.501707689612
555.0,325.0,5190.501707689612
555.0,330.0,5190.501707689612
555.0,335.0,5190.501707689612
555.0,340.0,5190.501707689618
555.0,345.0,5190.5017076896165
555.0,350.0,5190.501707689618
555.0,355.0,5190.501707689618
555.0,360.0,5190.501707689618
555.0,365.0,5190.501707689618
555.0,370.0,5190.501707689618
555.0,375.0,5190.501707689618
555.0,380.0,5190.501707689612
555.0,385.0,5190.501707689618
555.0,390.0,5190.50170768962
555.0,395.0,5190.50170768962
555.0,400.0,5190.501707689612
555.0,405.0,5190.50170768962
555.0,410.0,5190.501707689618
555.0,415.0,5190.501707689618
555.0,420.0,5190.501707689612
555.0,425.0,5190.501707689618
555.0,430.0,5190.501707689618
555.0,435.0,5190.501707689618
555.0,440.0,5190.501707689618
555.0,445.0,5169.618883505677
555.0,450.0,3608.0284969357635
555.0,455.0,2531.192997229683
555.0,460.0,1944.6706247274162
555.0,465.0,1845.6503171696902
555.0,470.0,1924.1231141626633
555.0,475.0,2003.3042608392434
555.0,480.0,2083.0946797806114
555.0,485.0,2163.3963727998257
555.0,490.0,2244.111984906193
555.0,495.0,2325.1444087208138
555.0,500.0,2337.287647904789
555.0,505.0,2211.2787017753076
555.0,510.0,2045.1650079560886
555.0,515.0,1850.7815925512516
555.0,520.0,1875.5235382456024
555.0,525.0,1954.278630605027
555.0,530.0,2033.7040869013983
555.0,535.0,2113.701294995981
555.0,540.0,2194.1725517357627
555.0,545.0,2275.020640488705
555.0,550.0,2356.1484550633095
555.0,555.0,2437.458684310129
555.0,560.0,2518.853569523608
555.0,565.0,2600.234744271402
555.0,570.0,2583.7714000102183
555.0,575.0,2364.9512726678395
555.0,580.0,2114.804750522227
555.0,585.0,1856.5089356877083
555.0,590.0,1872.7255913631157
555.0,595.0,1951.454981525536
555.0,600.0,2030.8582802540038
555.0,605.0,2110.8368344713367
555.0,610.0,2191.2929158281086
555.0,615.0,2272.1292968692346
555.0,620.0,2353.2488730295067
555.0,625.0,2434.554344855324
555.0,630.0,2515.947972622825
555.0,635.0,2412.919127340217
555.0,640.0,2218.96251244769
555.0,645.0,1993.386729045953
555.0,650.0,1828.7076684770443
555.0,655.0,1905.0640324220635
555.0,660.0,1984.0830827209413
555.0,665.0,2063.735270110642
555.0,670.0,2122.6793529632896
555.0,675.0,2083.189500928438
555.0,680.0,1998.6862752260563
555.0,685.0,1873.922153988996
555.0,690.0,1863.0505603751244
555.0,695.0,1924.8699830799462
555.0,700.0,1938.1835141609977
555.0,705.0,1906.600470828282
555.0,710.0,1832.855974587831
555.0,715.0,1888.0670448850278
555.0,720.0,1966.936211999838
555.0,725.0,2046.4599008680493
555.0,730.0,2126.539673763587
555.0,735.0,2207.0779319224457
555.0,740.0,2287.97749944237
555.0,745.0,2369.141255998678
555.0,750.0,2450.471832325515
555.0,755.0,2531.8713802275906
555.0,760.0,2613.2414262781645
555.0,765.0,2694.4828155631467
555.0,770.0,2775.49574876065
555.0,775.0,2856.179912753205
555.0,780.0,2936.434701793364
555.0,785.0,3016.1595232487284
555.0,790.0,3095.254179149121
555.0,795.0,3173.619312258368
555.0,800.0,3251.1569033790256
555.0,805.0,3327.7708050137244
555.0,810.0,3403.367295587965
555.0,815.0,3477.8556379909555
555.0,820.0,3551.148626503029
555.0,825.0,3623.1631069469827
555.0,830.0,3693.8204563100635
555.0,835.0,3763.047009875595
555.0,840.0,3830.77442616616
555.0,845.0,3896.939982429804
555.0,850.0,3961.486796076002
555.0,855.0,4024.363970108154
555.0,860.0,4085.526663239047
555.0,865.0,4144.936087747411
555.0,870.0,4202.559440368772
555.0,875.0,4258.369773269027
555.0,880.0,4312.345813672169
555.0,885.0,4364.471741697891
555.0,890.0,4414.736936587597
555.0,895.0,4463.135701679083
555.0,900.0,4509.66697826104
560.0,250.0,3623.341458779074
560.0,255.0,3623.341458779071
560.0,260.0,3623.341458779072
560.0,265.0,3623.341458779073
560.0,270.0,3623.341458779071
560.0,275.0,3623.341458779073
560.0,280.0,3623.341458779071
560.0,285.0,3623.3414587790703
560.0,290.0,3623.341458779072
560.0,295.0,3623.341458779074
560.0,300.0,3623.341458779074
560.0,305.0,3623.341458779073
560.0,310.0,3623.3414587790703
560.0,315.0,3623.341458779074
560.0,320.0,3623.341458779072
560.0,325.0,3623.341458779074
560.0,330.0,3623.341458779072
560.0,335.0,3623.3414587790758
560.0,340.0,3623.341458779071
560.0,345.0,3623.3414587790703
560.0,350.0,3623.341458779071
560.0,355.0,3623.341458779072
560.0,360.0,3623.341458779072
560.0,365.0,3623.341458779071
560.0,370.0,3623.341458779071
560.0,375.0,3623.341458779071
560.0,380.0,3623.3414587790726
560.0,385.0,3623.3414587790726
560.0,390.0,3623.3414587790785
560.0,395.0,3623.341458779073
560.0,400.0,3623.3414587790708
560.0,405.0,3623.341458779072
560.0,410.0,3623.341458779074
560.0,415.0,3623.341458779073
560.0,420.0,3623.341458779072
560.0,425.0,3623.341458779073
560.0,430.0,3623.341458779072
560.0,435.0,3623.341458779072
560.0,440.0,3623.341458779072
560.0,445.0,3623.341458779072
560.0,450.0,3608.028496935763
560.0,455.0,2531.1929972296807
560.0,460.0,1944.6706247274103
560.0,465.0,1841.9219492139744
560.0,470.0,1898.5793672033274
560.0,475.0,1955.089805583602
560.0,480.0,2011.3840892383712
560.0,485.0,2067.3947648616886
560.0,490.0,2123.055870329035
560.0,495.0,2178.302742947718
560.0,500.0,2233.0718731366715
560.0,505.0,2211.2787017752985
560.0,510.0,2045.1650079560861
560.0,515.0,1850.7815925512523
560.0,520.0,1863.5682541832011
560.0,525.0,1920.1778683309615
560.0,530.0,1976.6138706259499
560.0,535.0,2032.8077726392755
560.0,540.0,2088.6927155837698
560.0,545.0,2144.203253660267
560.0,550.0,2199.2751789706817
560.0,555.0,2253.845393917321
560.0,560.0,2307.851835230911
560.0,565.0,2361.233451919678
560.0,570.0,2413.9302374880904
560.0,575.0,2364.95127266784
560.0,580.0,2114.804750522237
560.0,585.0,1856.5089356877065
560.0,590.0,1861.5449344641831
560.0,595.0,1918.1595068891497
560.0,600.0,1974.6029457944444
560.0,605.0,2030.80669993035
560.0,610.0,2086.7038561050986
560.0,615.0,2142.2289211776665
560.0,620.0,2197.317645368107
560.0,625.0,2251.906892886519
560.0,630.0,2305.934564065249
560.0,635.0,2359.339571360713
560.0,640.0,2218.962512447685
560.0,645.0,1993.386729045948
560.0,650.0,1828.7076684770484
560.0,655.0,1884.8791542248773
560.0,660.0,1941.4317088760122
560.0,665.0,1997.7846817698478
560.0,670.0,2053.8702249016987
560.0,675.0,2083.189500928441
560.0,680.0,1998.6862752260565
560.0,685.0,1873.9221539889918
560.0,690.0,1854.5419924754335
560.0,695.0,1911.172941357901
560.0,700.0,1938.1835141609968
560.0,705.0,1906.600470828277
560.0,710.0,1832.8559745878304
560.0,715.0,1872.6286955057376
560.0,720.0,1929.2153755740103
560.0,725.0,1985.617373366727
560.0,730.0,2041.7664765202562
560.0,735.0,2097.5960651818473
560.0,740.0,2153.0409015273362
560.0,745.0,2208.036961916681
560.0,750.0,2262.5213173139737
560.0,755.0,2316.4320658385573
560.0,760.0,2369.708319409302
560.0,765.0,2422.290244563768
560.0,770.0,2474.119155626229
560.0,775.0,2525.1376566296517
560.0,780.0,2575.289826720804
560.0,785.0,2624.5214423566254
560.0,790.0,2672.780228418839
560.0,795.0,2720.01612948412
560.0,800.0,2766.1815919724886
560.0,805.0,2811.231847690386
560.0,810.0,2855.1251894987086
560.0,815.0,2897.8232303145633
560.0,820.0,2939.291137540173
560.0,825.0,2979.497836089958
560.0,830.0,3018.416174537424
560.0,835.0,3056.0230503569164
560.0,840.0,3092.2994918226823
560.0,845.0,3127.2306956686834
560.0,850.0,3160.80602114673
560.0,855.0,3193.0189424964046
560.0,860.0,3223.866963082882
560.0,865.0,3253.351495440949
560.0,870.0,3281.4777122680944
560.0,875.0,3308.254373881346
560.0,880.0,3333.6936379380304
560.0,885.0,3357.810857190576
560.0,890.0,3380.62437081227
560.0,895.0,3402.1552943788224
560.0,900.0,3422.427312958702
565.0,250.0,2540.8581347068825
565.0,255.0,2540.8581347068807
565.0,260.0,2540.858134706886
565.0,265.0,2540.8581347068825
565.0,270.0,2540.858134706885
565.0,275.0,2540.8581347068844
565.0,280.0,2540.8581347068807
565.0,285.0,2540.8581347068825
565.0,290.0,2540.8581347068844
565.0,295.0,2540.8581347068844
565.0,300.0,2540.8581347068853
565.0,305.0,2540.8581347068825
565.0,310.0,2540.8581347068807
565.0,315.0,2540.858134706886
565.0,320.0,2540.858134706888
565.0,325.0,2540.85813470689
565.0,330.0,2540.858134706885
565.0,335.0,2540.85813470689
565.0,340.0,2540.8581347068825
565.0,345.0,2540.8581347068844
565.0,350.0,2540.8581347068825
565.0,355.0,2540.858134706886
565.0,360.0,2540.8581347068807
565.0,365.0,2540.858134706888
565.0,370.0,2540.8581347068825
565.0,375.0,2540.858134706888
565.0,380.0,2540.8581347068807
565.0,385.0,2540.858134706881
565.0,390.0,2540.8581347068825
565.0,395.0,2540.8581347068825
565.0,400.0,2540.8581347068825
565.0,405.0,2540.858134706886
565.0,410.0,2540.8581347068807
565.0,415.0,2540.85813470689
565.0,420.0,2540.8581347068825
565.0,425.0,2540.8581347068844
565.0,430.0,2540.85813470689
565.0,435.0,2540.8581347068807
565.0,440.0,2540.8581347068825
565.0,445.0,2540.858134706886
565.0,450.0,2540.8581347068807
565.0,455.0,2531.1929972296834
565.0,460.0,1944.6706247274162
565.0,465.0,1837.3055262698606
565.0,470.0,1872.4355368783922
565.0,475.0,1906.88250611057
565.0,480.0,1940.6089277030349
565.0,485.0,1973.5794445567374
565.0,490.0,2005.760752612995
565.0,495.0,2037.1215334448898
565.0,500.0,2067.632416198811
565.0,505.0,2097.2659683802704
565.0,510.0,2045.165007956091
565.0,515.0,1850.7815925512525
565.0,520.0,1850.7973113063488
565.0,525.0,1885.6711052361875
565.0,530.0,1919.8472752642845
565.0,535.0,1953.2891487763777
565.0,540.0,1985.9621623206262
565.0,545.0,2017.8337763027723
565.0,550.0,2048.8734187721
565.0,555.0,2079.0524584964896
565.0,560.0,2108.344206390874
565.0,565.0,2136.723943312463
565.0,570.0,2164.1689712582393
565.0,575.0,2190.6586842066754
565.0,580.0,2114.804750522228
565.0,585.0,1856.5089356877065
565.0,590.0,1849.5398860961855
565.0,595.0,1884.4379100981448
565.0,600.0,1918.6396587767924
565.0,605.0,1952.1083821773655
565.0,610.0,1984.8094430834017
565.0,615.0,2016.7102306918964
565.0,620.0,2047.7801033469411
565.0,625.0,2077.990360582898
565.0,630.0,2107.314243568121
565.0,635.0,2135.726962002059
565.0,640.0,2163.2057445424884
565.0,645.0,1993.3867290459518
565.0,650.0,1828.707668477056
565.0,655.0,1863.9952921777765
565.0,660.0,1898.6111607584353
565.0,665.0,1932.515354093716
565.0,670.0,1965.672004573952
565.0,675.0,1998.0473183221002
565.0,680.0,1998.6862752260581
565.0,685.0,1873.9221539889895
565.0,690.0,1845.1819405803349
565.0,695.0,1880.1633777978102
565.0,700.0,1914.4532302899188
565.0,705.0,1906.6004708282737
565.0,710.0,1832.8559745878315
565.0,715.0,1856.4187750275853
565.0,720.0,1891.1836670337102
565.0,725.0,1925.2449221855195
565.0,730.0,1958.5662116782087
565.0,735.0,1991.113300337268
565.0,740.0,2022.853965900001
565.0,745.0,2053.7579475037774
565.0,750.0,2083.7969233848153
565.0,755.0,2112.944516686437
565.0,760.0,2141.1763272145326
565.0,765.0,2168.4699860551905
565.0,770.0,2194.805229156565
565.0,775.0,2220.163985355082
565.0,780.0,2244.5304738616674
565.0,785.0,2267.891305984677
565.0,790.0,2290.2355858230385
565.0,795.0,2311.555004820512
565.0,800.0,2331.843925442424
565.0,805.0,2351.099449760329
565.0,810.0,2369.321469430137
565.0,815.0,2386.5126943284545
565.0,820.0,2402.678658004973
565.0,825.0,2417.8276990012655
565.0,830.0,2431.970917993613
565.0,835.0,2445.122111554038
565.0,840.0,2457.297684095077
565.0,845.0,2468.5165401943445
565.0,850.0,2478.799960003439
565.0,855.0,2488.171460782977
565.0,860.0,2496.6566477916376
565.0,865.0,2504.2830577659884
565.0,870.0,2511.079998102582
565.0,875.0,2517.078384570295
565.0,880.0,2522.31058000288
565.0,885.0,2526.8102359381364
565.0,890.0,2530.6121386348755
565.0,895.0,2533.7520603325875
565.0,900.0,2536.2666160518725
570.0,250.0,1948.6393947847303
570.0,255.0,1948.639394784735
570.0,260.0,1948.639394784735
570.0,265.0,1948.6393947847278
570.0,270.0,1948.6393947847307
570.0,275.0,1948.639394784735
570.0,280.0,1948.639394784735
570.0,285.0,1948.639394784735
570.0,290.0,1948.6393947847305
570.0,295.0,1948.6393947847303
570.0,300.0,1948.639394784728
570.0,305.0,1948.639394784735
570.0,310.0,1948.639394784735
570.0,315.0,1948.63939478473
570.0,320.0,1948.639394784735
570.0,325.0,1948.639394784735
570.0,330.0,1948.6393947847346
570.0,335.0,1948.639394784735
570.0,340.0,1948.639394784728
570.0,345.0,1948.63939478473
570.0,350.0,1948.639394784732
570.0,355.0,1948.639394784735
570.0,360.0,1948.6393947847293
570.0,365.0,1948.639394784728
570.0,370.0,1948.6393947847303
570.0,375.0,1948.6393947847343
570.0,380.0,1948.6393947847307
570.0,385.0,1948.6393947847303
570.0,390.0,1948.639394784735
570.0,395.0,1948.639394784735
570.0,400.0,1948.639394784728
570.0,405.0,1948.63939478473
570.0,410.0,1948.639394784735
570.0,415.0,1948.6393947847307
570.0,420.0,1948.6393947847307
570.0,425.0,1948.6393947847307
570.0,430.0,1948.6393947847307
570.0,435.0,1948.6393947847323
570.0,440.0,1948.6393947847305
570.0,445.0,1948.63939478473
570.0,450.0,1948.6393947847307
570.0,455.0,1948.639394784735
570.0,460.0,1944.6706247274162
570.0,465.0,1831.8218472778904
570.0,470.0,1845.7485243197573
570.0,475.0,1858.7763022760544
570.0,480.0,1870.900702547684
570.0,485.0,1882.1195497585418
570.0,490.0,1892.4329346445832
570.0,495.0,1901.8431896266784
570.0,500.0,1910.3548745246414
570.0,505.0,1917.9747694724513
570.0,510.0,1924.7118718301997
570.0,515.0,1850.781592551247
570.0,520.0,1837.2451591566573
570.0,525.0,1850.8292953617404
570.0,530.0,1863.51254665919
570.0,535.0,1875.2913191453956
570.0,540.0,1886.1643063356137
570.0,545.0,1896.1324571671519
570.0,550.0,1905.1989557688134
570.0,555.0,1913.3692102886735
570.0,560.0,1920.6508477225063
570.0,565.0,1927.0537114808556
570.0,570.0,1932.5898583641797
570.0,575.0,1937.2735517139677
570.0,580.0,1941.121247710029
570.0,585.0,1856.508935687708
570.0,590.0,1836.7436119864608
570.0,595.0,1850.3598260696
570.0,600.0,1863.075324892701
570.0,605.0,1874.8864321008627
570.0,610.0,1885.7917601557506
570.0,615.0,1895.792177874248
570.0,620.0,1904.8907898211505
570.0,625.0,1913.0929248658856
570.0,630.0,1920.4061308518328
570.0,635.0,1926.8401721222529
570.0,640.0,1932.407026575611
570.0,645.0,1937.120879003702
570.0,650.0,1828.3172033616538
570.0,655.0,1842.4605104948816
570.0,660.0,1855.70635007831
570.0,665.0,1868.049678854026
570.0,670.0,1879.4877679338024
570.0,675.0,1890.0201622938937
570.0,680.0,1899.64865349413
570.0,685.0,1873.922153988992
570.0,690.0,1834.999139301041
570.0,695.0,1848.7262829443775
570.0,700.0,1861.5533240470784
570.0,705.0,1873.4763005128052
570.0,710.0,1832.8559745878308
570.0,715.0,1839.477500988779
570.0,720.0,1852.91796091663
570.0,725.0,1865.4568013528803
570.0,730.0,1877.0907967703936
570.0,735.0,1887.819003081004
570.0,740.0,1897.6427276826191
570.0,745.0,1906.5655108708281
570.0,750.0,1914.5931158385154
570.0,755.0,1921.7335241659205
570.0,760.0,1927.9969335153116
570.0,765.0,1933.3957542103785
570.0,770.0,1937.9446014840596
570.0,775.0,1941.6602804261513
570.0,780.0,1944.5617610286934
570.0,785.0,1946.6701412057007
570.0,790.0,1948.008596222398
570.0,795.0,1948.6023135838836
570.0,800.0,1948.6393947847303
570.0,805.0,1948.639394784735
570.0,810.0,1948.639394784728
570.0,815.0,1948.6393947847307
570.0,820.0,1948.6393947847278
570.0,825.0,1948.639394784735
570.0,830.0,1948.6393947847312
570.0,835.0,1948.6393947847323
570.0,840.0,1948.6393947847312
570.0,845.0,1948.6393947847312
570.0,850.0,1948.6393947847312
570.0,855.0,1948.639394784735
570.0,860.0,1948.6393947847303
570.0,865.0,1948.6393947847323
570.0,870.0,1948.6393947847346
570.0,875.0,1948.6393947847303
570.0,880.0,1948.6393947847307
570.0,885.0,1948.639394784735
570.0,890.0,1948.639394784735
570.0,895.0,1948.639394784735
570.0,900.0,1948.6393947847346
575.0,250.0,1849.7171675246768
575.0,255.0,1849.7171675246768
575.0,260.0,1849.7171675246732
575.0,265.0,1849.7171675246768
575.0,270.0,1849.7171675246796
575.0,275.0,1849.7171675246798
575.0,280.0,1849.7171675246798
575.0,285.0,1849.7171675246805
575.0,290.0,1849.7171675246755
575.0,295.0,1849.7171675246805
575.0,300.0,1849.7171675246775
575.0,305.0,1849.7171675246775
575.0,310.0,1849.7171675246768
575.0,315.0,1849.7171675246768
575.0,320.0,1849.7171675246746
575.0,325.0,1849.7171675246775
575.0,330.0,1849.7171675246768
575.0,335.0,1849.7171675246768
575.0,340.0,1849.7171675246798
575.0,345.0,1849.7171675246768
575.0,350.0,1849.7171675246775
575.0,355.0,1849.7171675246768
575.0,360.0,1849.7171675246746
575.0,365.0,1849.7171675246798
575.0,370.0,1849.7171675246798
575.0,375.0,1849.7171675246768
575.0,380.0,1849.7171675246798
575.0,385.0,1849.7171675246798
575.0,390.0,1849.7171675246739
575.0,395.0,1849.7171675246718
575.0,400.0,1849.7171675246805
575.0,405.0,1849.7171675246775
575.0,410.0,1849.7171675246755
575.0,415.0,1849.7171675246768
575.0,420.0,1849.7171675246768
575.0,425.0,1849.7171675246775
575.0,430.0,1849.6830647517168
575.0,435.0,1848.957419944595
575.0,440.0,1847.296041693911
575.0,445.0,1844.7118483876752
575.0,450.0,1841.2203495739195
575.0,455.0,1836.8395494938425
575.0,460.0,1831.589863766383
575.0,465.0,1849.7171675246714
575.0,470.0,1849.7171675246775
575.0,475.0,1849.7171675246775
575.0,480.0,1849.7171675246768
575.0,485.0,1849.5171393428625
575.0,490.0,1848.4328520621582
575.0,495.0,1846.4174503544325
575.0,500.0,1843.4848542574725
575.0,505.0,1839.6515365109008
575.0,510.0,1834.9364312663142
575.0,515.0,1829.36085538582
575.0,520.0,1849.7171675246805
575.0,525.0,1849.7171675246775
575.0,530.0,1849.7171675246798
575.0,535.0,1849.7171675246798
575.0,540.0,1849.7171675246768
575.0,545.0,1849.7171675246798
575.0,550.0,1849.7171675246775
575.0,555.0,1849.5384887816156
575.0,560.0,1848.4876712888677
575.0,565.0,1846.5052892845556
575.0,570.0,1843.605169815353
575.0,575.0,1839.803696149207
575.0,580.0,1835.119716008298
575.0,585.0,1829.5744624472063
575.0,590.0,1849.7171675246768
575.0,595.0,1849.7171675246768
575.0,600.0,1849.7171675246732
575.0,605.0,1849.7171675246798
575.0,610.0,1849.7171675246775
575.0,615.0,1849.71684071329
575.0,620.0,1849.2192976265992
575.0,625.0,1847.7832920890046
575.0,630.0,1845.4210993410848
575.0,635.0,1842.1476112564833
575.0,640.0,1837.9802365166227
575.0,645.0,1832.9388142411394
575.0,650.0,1828.7076684770445
575.0,655.0,1849.60308459106
575.0,660.0,1848.668195524458
575.0,665.0,1846.8002134550804
575.0,670.0,1844.01264258063
575.0,675.0,1840.3215556191165
575.0,680.0,1835.7455003793198
575.0,685.0,1830.3054191664748
575.0,690.0,1846.0097793233779
575.0,695.0,1842.9319928182094
575.0,700.0,1838.9563441206362
575.0,705.0,1834.1021534218696
575.0,710.0,1828.3911121147967
575.0,715.0,1849.7171675246768
575.0,720.0,1849.7171675246798
575.0,725.0,1849.7171675246775
575.0,730.0,1849.7171675246775
575.0,735.0,1849.7171675246816
575.0,740.0,1849.7171675246755
575.0,745.0,1849.7171675246775
575.0,750.0,1849.717167524674
575.0,755.0,1849.7171675246805
575.0,760.0,1849.7171675246805
575.0,765.0,1849.7171675246775
575.0,770.0,1849.7171675246768
575.0,775.0,1849.7171675246718
575.0,780.0,1849.7171675246775
575.0,785.0,1849.7171675246739
575.0,790.0,1849.7171675246798
575.0,795.0,1849.7171675246732
575.0,800.0,1849.7171675246805
575.0,805.0,1849.7171675246775
575.0,810.0,1849.7171675246775
575.0,815.0,1849.7171675246768
575.0,820.0,1849.7171675246768
575.0,825.0,1849.7171675246775
575.0,830.0,1849.7171675246732
575.0,835.0,1849.7171675246775
575.0,840.0,1849.7171675246805
575.0,845.0,1849.717167524671
575.0,850.0,1849.7171675246798
575.0,855.0,1849.7171675246805
575.0,860.0,1849.7171675246805
575.0,865.0,1849.7171675246784
575.0,870.0,1849.7171675246768
575.0,875.0,1849.7171675246768
575.0,880.0,1849.7171675246768
575.0,885.0,1849.7171675246768
575.0,890.0,1849.7171675246775
575.0,895.0,1849.7171675246775
575.0,900.0,1849.7171675246798
580.0,250.0,2244.55324201487
580.0,255.0,2244.5532420148706
580.0,260.0,2244.55324201487
580.0,265.0,2244.553242014877
580.0,270.0,2244.553242014877
580.0,275.0,2244.5532420148697
580.0,280.0,2244.5532420148706
580.0,285.0,2244.553242014869
580.0,290.0,2244.55324201487
580.0,295.0,2244.553242014871
580.0,300.0,2244.553242014877
580.0,305.0,2244.5532420148706
580.0,310.0,2244.55324201487
580.0,315.0,2244.553242014877
580.0,320.0,2244.55324201487
580.0,325.0,2244.5472628261164
580.0,330.0,2243.9076379034673
580.0,335.0,2242.189084031397
580.0,340.0,2239.361229847893
580.0,345.0,2235.39915841648
580.0,350.0,2230.2834071643047
580.0,355.0,2223.9999167832607
580.0,360.0,2216.539932946669
580.0,365.0,2207.899865882739
580.0,370.0,2198.0811138327426
580.0,375.0,2187.089857170538
580.0,380.0,2174.9368304252766
580.0,385.0,2161.6370796315496
580.0,390.0,2147.209712329423
580.0,395.0,2131.6776471482403
580.0,400.0,2115.067369289746
580.0,405.0,2097.408697379487
580.0,410.0,2078.7345661560576
580.0,415.0,2059.08082833104
580.0,420.0,2038.48607775454
580.0,425.0,2016.991494799477
580.0,430.0,1994.640713662869
580.0,435.0,1971.4797101547008
580.0,440.0,1947.556707508917
580.0,445.0,1922.9220968442728
580.0,450.0,1897.6283681961145
580.0,455.0,1871.7300474709648
580.0,460.0,1845.283634368832
580.0,465.0,1851.4635642114754
580.0,470.0,2051.3261430546654
580.0,475.0,2030.382808072421
580.0,480.0,2008.5560171656102
580.0,485.0,1985.8903108701397
580.0,490.0,1962.4325334165449
580.0,495.0,1938.2317445741614
580.0,500.0,1913.3391446661983
580.0,505.0,1887.808008429974
580.0,510.0,1861.6936229405142
580.0,515.0,1835.0532245589043
580.0,520.0,1943.6055881882908
580.0,525.0,2109.0725382796427
580.0,530.0,2091.0585022641353
580.0,535.0,2072.0410924058474
580.0,540.0,2052.057129151
580.0,545.0,2031.146118063277
580.0,550.0,2009.3501028850228
580.0,555.0,1986.7135401485439
580.0,560.0,1963.28319352969
580.0,565.0,1939.1080451484404
580.0,570.0,1914.239220186198
580.0,575.0,1888.729920510779
580.0,580.0,1862.6353625395905
580.0,585.0,1836.0127143098093
580.0,590.0,1930.007411132522
580.0,595.0,2083.345439717292
580.0,600.0,2063.9253111646594
580.0,605.0,2043.554582105489
580.0,610.0,2022.2738201045513
580.0,615.0,2000.1260767399206
580.0,620.0,1977.1567706250041
580.0,625.0,1953.413589130309
580.0,630.0,1928.9464056535169
580.0,635.0,1903.8072084963328
580.0,640.0,1878.0500368335831
580.0,645.0,1851.7309188676916
580.0,650.0,1828.7076684770445
580.0,655.0,1956.8798508925395
580.0,660.0,1966.2194560922487
580.0,665.0,1942.133572378551
580.0,670.0,1917.3475794892202
580.0,675.0,1891.9144263120938
580.0,680.0,1865.8890839163782
580.0,685.0,1839.3284829964957
580.0,690.0,1866.5692817899956
580.0,695.0,1909.2985572530577
580.0,700.0,1883.6703360819586
580.0,705.0,1857.4678843022587
580.0,710.0,1830.7487441804574
580.0,715.0,2007.2340763528164
580.0,720.0,2244.5532420148666
580.0,725.0,2244.553242014864
580.0,730.0,2244.553242014877
580.0,735.0,2244.553242014877
580.0,740.0,2244.553242014871
580.0,745.0,2244.5532420148734
580.0,750.0,2244.5532420148697
580.0,755.0,2244.55324201487
580.0,760.0,2244.553242014864
580.0,765.0,2244.55324201487
580.0,770.0,2244.553242014877
580.0,775.0,2244.55324201487
580.0,780.0,2244.553242014877
580.0,785.0,2244.55324201487
580.0,790.0,2244.55324201487
580.0,795.0,2244.5532420148643
580.0,800.0,2244.553242014877
580.0,805.0,2244.55324201487
580.0,810.0,2244.553242014864
580.0,815.0,2244.5532420148766
580.0,820.0,2244.55324201487
580.0,825.0,2244.55324201487
580.0,830.0,2244.5532420148725
580.0,835.0,2244.553242014877
580.0,840.0,2244.553242014877
580.0,845.0,2244.553242014877
580.0,850.0,2244.5532420148766
580.0,855.0,2244.553242014877
580.0,860.0,2244.55324201487
580.0,865.0,2244.55324201487
580.0,870.0,2244.55324201487
580.0,875.0,2244.553242014871
580.0,880.0,2244.553242014877
580.0,885.0,2244.553242014877
580.0,890.0,2244.553242014877
580.0,895.0,2244.553242014864
580.0,900.0,2244.553242014876
585.0,250.0,3126.9160199940898
585.0,255.0,3123.67473720724
585.0,260.0,3119.361960294328
585.0,265.0,3113.90754088993
585.0,270.0,3107.2408995787036
585.0,275.0,3099.295809147692
585.0,280.0,3090.010922625371
585.0,285.0,3079.3302682873623
585.0,290.0,3067.2037040953874
585.0,295.0,3053.5873239591474
585.0,300.0,3038.4438084622884
585.0,305.0,3021.7427133095066
585.0,310.0,3003.460689738419
585.0,315.0,2983.5816324568873
585.0,320.0,2962.096752295896
585.0,325.0,2939.004572617842
585.0,330.0,2914.3108505454697
585.0,335.0,2888.0284261159936
585.0,340.0,2860.177004514686
585.0,345.0,2830.7828783907285
585.0,350.0,2799.8785989212556
585.0,355.0,2767.5026055741846
585.0,360.0,2733.698825482281
585.0,365.0,2698.516253827616
585.0,370.0,2662.008526695143
585.0,375.0,2624.233497488903
585.0,380.0,2585.2528271878955
585.0,385.0,2545.1315975557063
585.0,390.0,2503.937954952279
585.0,395.0,2461.742790646694
585.0,400.0,2418.6194616754406
585.0,405.0,2374.6435542964277
585.0,410.0,2329.8926901387044
585.0,415.0,2284.4463732180116
585.0,420.0,2238.3858742271877
585.0,425.0,2191.7941469372768
585.0,430.0,2144.7557701779674
585.0,435.0,2097.356907830524
585.0,440.0,2049.685278508187
585.0,445.0,2001.8301261558936
585.0,450.0,1953.8821827661873
585.0,455.0,1905.9336146127018
585.0,460.0,1858.0779440547535
585.0,465.0,1851.4635642114756
585.0,470.0,2053.755694189714
585.0,475.0,2220.654169450623
585.0,480.0,2173.8818070089696
585.0,485.0,2126.6955085616232
585.0,490.0,2079.1820350922567
585.0,495.0,2031.4296914685463
585.0,500.0,1983.528295069585
585.0,505.0,1935.569133189456
585.0,510.0,1887.6449008444965
585.0,515.0,1839.8496113276556
585.0,520.0,1943.605588188288
585.0,525.0,2222.3795182972635
585.0,530.0,2359.238433755354
585.0,535.0,2314.237718003611
585.0,540.0,2268.569480953003
585.0,545.0,2222.3155841416706
585.0,550.0,2175.559549587542
585.0,555.0,2128.3865089100796
585.0,560.0,2080.883167645894
585.0,565.0,2033.1377762443992
585.0,570.0,1985.2400989385194
585.0,575.0,1937.2813716970354
585.0,580.0,1889.35424086635
585.0,585.0,1841.552674817449
585.0,590.0,1930.0074111325243
585.0,595.0,2173.575572158421
585.0,600.0,2295.504884131685
585.0,605.0,2249.585387812532
585.0,610.0,2203.1144324428383
585.0,615.0,2156.1762082792234
585.0,620.0,2108.8564991269086
585.0,625.0,2061.242650459137
585.0,630.0,2013.4235406163057
585.0,635.0,1965.4895462230968
585.0,640.0,1917.5324931735342
585.0,645.0,1869.6455850356472
585.0,650.0,1828.7076684770439
585.0,655.0,1956.8798508925436
585.0,660.0,2058.7315143010055
585.0,665.0,2039.0469425470765
585.0,670.0,1991.1631038684309
585.0,675.0,1943.206864331494
585.0,680.0,1895.27070058255
585.0,685.0,1847.4484239210901
585.0,690.0,1866.5692817899933
585.0,695.0,1924.869983079944
585.0,700.0,1927.9018435780813
585.0,705.0,1879.9917556563673
585.0,710.0,1832.2257566797484
585.0,715.0,2007.2340763528168
585.0,720.0,2674.5277238217127
585.0,725.0,3131.0538962090454
585.0,730.0,3131.053896209043
585.0,735.0,3131.053896209041
585.0,740.0,3131.053896209041
585.0,745.0,3131.0538962090427
585.0,750.0,3131.053896209041
585.0,755.0,3131.053896209041
585.0,760.0,3131.0538962090436
585.0,765.0,3131.053896209043
585.0,770.0,3131.053896209043
585.0,775.0,3131.053896209042
585.0,780.0,3131.0538962090404
585.0,785.0,3131.0538962090604
585.0,790.0,3131.0538962090436
585.0,795.0,3131.0538962090423
585.0,800.0,3131.053896209041
585.0,805.0,3131.0538962090427
585.0,810.0,3131.0538962090427
585.0,815.0,3131.053896209043
585.0,820.0,3131.0538962090436
585.0,825.0,3131.0538962090436
585.0,830.0,3131.0538962090413
585.0,835.0,3131.0538962090427
585.0,840.0,3131.0538962090377
585.0,845.0,3131.0538962090427
585.0,850.0,3131.053896209042
585.0,855.0,3131.0538962090436
585.0,860.0,3131.0538962090404
585.0,865.0,3131.0538962090404
585.0,870.0,3131.0538962090427
585.0,875.0,3131.053896209042
585.0,880.0,3131.0538962090423
585.0,885.0,3131.0538962090404
585.0,890.0,3131.053896209042
585.0,895.0,3131.053896209041
585.0,900.0,3131.0538962090427
590.0,250.0,4331.752638751917
590.0,255.0,4307.838917635442
590.0,260.0,4281.868669165538
590.0,265.0,4253.787160275719
590.0,270.0,4223.547622568995
590.0,275.0,4191.111810021793
590.0,280.0,4156.45049291966
590.0,285.0,4119.543876805368
590.0,290.0,4080.381935870096
590.0,295.0,4038.9646514510896
590.0,300.0,3995.302148027632
590.0,305.0,3949.414721337306
590.0,310.0,3901.332755895122
590.0,315.0,3851.0965321314243
590.0,320.0,3798.755926518414
590.0,325.0,3744.3700112070264
590.0,330.0,3688.0065627877216
590.0,335.0,3629.741492505065
590.0,340.0,3569.65821268982
590.0,345.0,3507.8469559377772
590.0,350.0,3444.4040648231626
590.0,355.0,3379.4312703770443
590.0,360.0,3313.0349774240494
590.0,365.0,3245.3255739284778
590.0,370.0,3176.4167799562056
590.0,375.0,3106.4250497713165
590.0,380.0,3035.469037968687
590.0,385.0,2963.669137629144
590.0,390.0,2891.147095368347
590.0,395.0,2818.0257048733906
590.0,400.0,2744.428577392807
590.0,405.0,2670.4799845772154
590.0,410.0,2596.304766350095
590.0,415.0,2522.0282940383518
590.0,420.0,2447.7764770236445
590.0,425.0,2373.675799667429
590.0,430.0,2299.853374209277
590.0,435.0,2226.4369948946173
590.0,440.0,2153.5551786260307
590.0,445.0,2081.3371779762865
590.0,450.0,2009.9129535562372
590.0,455.0,1939.4130942033096
590.0,460.0,1869.9686755333591
590.0,465.0,1851.4635642114708
590.0,470.0,2053.7556941897224
590.0,475.0,2222.9052998974917
590.0,480.0,2345.4488218334445
590.0,485.0,2271.766274601175
590.0,490.0,2198.5387577944407
590.0,495.0,2125.8950698334074
590.0,500.0,2053.964739730146
590.0,505.0,1982.8779807818455
590.0,510.0,1912.7655882296663
590.0,515.0,1843.7587722540634
590.0,520.0,1943.6055881882944
590.0,525.0,2222.3795182972613
590.0,530.0,2469.524256040902
590.0,535.0,2570.601761090364
590.0,540.0,2496.3194493237374
590.0,545.0,2422.1055025543683
590.0,550.0,2348.086616605465
590.0,555.0,2274.3901345449294
590.0,560.0,2201.14409779319
590.0,565.0,2128.4772787567613
590.0,570.0,2056.5191811906047
590.0,575.0,1985.399995705226
590.0,580.0,1915.2504995852205
590.0,585.0,1846.201892212225
590.0,590.0,1930.0074111325255
590.0,595.0,2173.575572158418
590.0,600.0,2381.4904216311875
590.0,605.0,2465.7379292334836
590.0,610.0,2391.588880687483
590.0,615.0,2317.687259382822
590.0,620.0,2244.160690872102
590.0,625.0,2171.137515552981
590.0,630.0,2098.746809630983
590.0,635.0,2027.118368432106
590.0,640.0,1956.3826401773945
590.0,645.0,1886.670600201702
590.0,650.0,1828.7076684770443
590.0,655.0,1956.8798508925395
590.0,660.0,2058.7315143010082
590.0,665.0,2242.064782585072
590.0,670.0,2065.3669454512806
590.0,675.0,1994.136942310558
590.0,680.0,1923.860446004669
590.0,685.0,1854.6686156093713
590.0,690.0,1866.5692817899962
590.0,695.0,1924.8699830799455
590.0,700.0,1938.1835141609984
590.0,705.0,1901.654369635278
590.0,710.0,1832.836327892401
590.0,715.0,2007.2340763528168
590.0,720.0,2674.527723821712
590.0,725.0,3831.2455753013146
590.0,730.0,4504.611715036464
590.0,735.0,4504.611715036467
590.0,740.0,4504.611715036453
590.0,745.0,4504.611715036465
590.0,750.0,4504.611715036467
590.0,755.0,4504.611715036456
590.0,760.0,4504.611715036467
590.0,765.0,4504.611715036467
590.0,770.0,4504.611715036464
590.0,775.0,4504.611715036459
590.0,780.0,4504.611715036467
590.0,785.0,4504.6117150364635
590.0,790.0,4504.611715036465
590.0,795.0,4504.611715036465
590.0,800.0,4504.611715036459
590.0,805.0,4504.611715036456
590.0,810.0,4504.6117150364635
590.0,815.0,4504.611715036453
590.0,820.0,4504.611715036464
590.0,825.0,4504.611715036456
590.0,830.0,4504.611715036453
590.0,835.0,4504.611715036453
590.0,840.0,4504.611715036456
590.0,845.0,4504.611715036453
590.0,850.0,4504.611715036453
590.0,855.0,4504.611715036456
590.0,860.0,4504.611715036464
590.0,865.0,4504.611715036464
590.0,870.0,4504.611715036459
590.0,875.0,4504.611715036456
590.0,880.0,4504.6117150364635
590.0,885.0,4504.611715036453
590.0,890.0,4504.611715036453
590.0,895.0,4504.611715036453
590.0,900.0,4504.611715036464
595.0,250.0,5775.960445225239
595.0,255.0,5722.653876749566
595.0,260.0,5666.254543478816
595.0,265.0,5606.742304326619
595.0,270.0,5544.10984086176
595.0,275.0,5478.363152236146
595.0,280.0,5409.521931814269
595.0,285.0,5337.619811132902
595.0,290.0,5262.704459148363
595.0,295.0,5184.837527903284
595.0,300.0,5104.094439509753
595.0,305.0,5020.564013663669
595.0,310.0,4934.347939594556
595.0,315.0,4845.560101111815
595.0,320.0,4754.325768144024
595.0,325.0,4660.780672509154
595.0,330.0,4565.069989546106
595.0,335.0,4467.347250199957
595.0,340.0,4367.773210428039
595.0,345.0,4266.514705810208
595.0,350.0,4163.743519379866
595.0,355.0,4059.6352895197642
595.0,360.0,3954.368482772737
595.0,365.0,3848.123453313744
595.0,370.0,3741.0816070172637
595.0,375.0,3633.424683679249
595.0,380.0,3525.334166073228
595.0,385.0,3416.9908195253224
595.0,390.0,3308.574360730487
595.0,395.0,3200.2632496569304
595.0,400.0,3092.2345940459804
595.0,405.0,2984.6641520434428
595.0,410.0,2877.726415291328
595.0,415.0,2771.5947522004244
595.0,420.0,2666.4415893808605
595.0,425.0,2562.438608251725
595.0,430.0,2459.75693363168
595.0,435.0,2358.567291805981
595.0,440.0,2259.0401169487363
595.0,445.0,2161.3455868504175
595.0,450.0,2065.6535717664715
595.0,455.0,1972.133483425747
595.0,460.0,1880.9540151780027
595.0,465.0,1851.4635642114754
595.0,470.0,2053.7556941897196
595.0,475.0,2222.905299897482
595.0,480.0,2347.468828733574
595.0,485.0,2420.9348422812554
595.0,490.0,2320.359817284094
595.0,495.0,2221.5122697607067
595.0,500.0,2124.5622716119474
595.0,505.0,2029.6795419111681
595.0,510.0,1937.033255203285
595.0,515.0,1846.7917385586725
595.0,520.0,1943.605588188297
595.0,525.0,2222.3795182972576
595.0,530.0,2469.524256040901
595.0,535.0,2675.2849569227424
595.0,540.0,2735.0802396854747
595.0,545.0,2630.3056388136033
595.0,550.0,2526.7405045513847
595.0,555.0,2424.555808826654
595.0,560.0,2323.9221687445297
595.0,565.0,2225.0099305560325
595.0,570.0,2127.9891770086047
595.0,575.0,2033.0296429014547
595.0,580.0,1940.3005272376186
595.0,585.0,1849.9701943275459
595.0,590.0,1930.0074111325239
595.0,595.0,2173.575572158415
595.0,600.0,2381.490421631189
595.0,605.0,2545.4711600643177
595.0,610.0,2587.4945928957263
595.0,615.0,2484.4772444875352
595.0,620.0,2382.910644198977
595.0,625.0,2282.965291845919
595.0,630.0,2184.811429649612
595.0,635.0,2088.6190134124313
595.0,640.0,1994.5575866792433
595.0,645.0,1902.7960478420614
595.0,650.0,1828.707668477042
595.0,655.0,1956.8798508925438
595.0,660.0,2058.731514301002
595.0,665.0,2114.6287395021645
595.0,670.0,2122.6793529632937
595.0,675.0,2044.6445784231119
595.0,680.0,1951.6306289543563
595.0,685.0,1860.9947248012184
595.0,690.0,1866.5692817899944
595.0,695.0,1924.8699830799515
595.0,700.0,1938.1835141610002
595.0,705.0,1906.600470828272
595.0,710.0,1832.8559745878272
595.0,715.0,2007.2340763528161
595.0,720.0,2674.527723821712
595.0,725.0,3831.245575301318
595.0,730.0,5471.416465708031
595.0,735.0,6358.171980585986
595.0,740.0,6358.171980585986
595.0,745.0,6358.171980585985
595.0,750.0,6358.171980585985
595.0,755.0,6358.1719805859875
595.0,760.0,6358.171980585987
595.0,765.0,6358.171980585983
595.0,770.0,6358.171980585989
595.0,775.0,6358.171980585989
595.0,780.0,6358.171980585986
595.0,785.0,6358.171980585985
595.0,790.0,6358.171980585986
595.0,795.0,6358.171980585985
595.0,800.0,6358.171980585983
595.0,805.0,6358.171980585981
595.0,810.0,6358.171980585986
595.0,815.0,6358.1719805859875
595.0,820.0,6358.171980585986
595.0,825.0,6358.171980585987
595.0,830.0,6358.171980585981
595.0,835.0,6358.171980585987
595.0,840.0,6358.171980585987
595.0,845.0,6358.171980585985
595.0,850.0,6358.171980585987
595.0,855.0,6358.171980585986
595.0,860.0,6358.171980585983
595.0,865.0,6358.171980585983
595.0,870.0,6358.171980585986
595.0,875.0,6358.171980585983
595.0,880.0,6358.171980585985
595.0,885.0,6358.171980585986
595.0,890.0,6358.171980585986
595.0,895.0,6358.171980585983
595.0,900.0,6358.171980585983
600.0,250.0,7460.222106999348
600.0,255.0,7368.7669249642295
600.0,260.0,7273.129423806962
600.0,265.0,7173.339969728613
600.0,270.0,7069.4473067664885
600.0,275.0,6961.518908285764
600.0,280.0,6849.641139082384
600.0,285.0,6733.919211854653
600.0,290.0,6614.476926475485
600.0,295.0,6491.456186249032
600.0,300.0,6365.016291679786
600.0,305.0,6235.33301912284
600.0,310.0,6102.5974987001
600.0,315.0,5967.014912577417
600.0,320.0,5828.803040981071
600.0,325.0,5688.190688648188
600.0,330.0,5545.416028726517
600.0,335.0,5400.724903809479
600.0,340.0,5254.36912526807
600.0,345.0,5106.604811556911
600.0,350.0,4957.690804392872
600.0,355.0,4807.887198099084
600.0,360.0,4657.454012779504
600.0,365.0,4506.650035993665
600.0,370.0,4355.731850887466
600.0,375.0,4204.953061555214
600.0,380.0,4054.5637188744086
600.0,385.0,3904.8099427298284
600.0,390.0,3755.9337296289605
600.0,395.0,3608.1729282598167
600.0,400.0,3461.761360152302
600.0,405.0,3316.9290579938433
600.0,410.0,3173.9025908222793
600.0,415.0,3032.9054429929975
600.0,420.0,2894.1584128045483
600.0,425.0,2757.8799968105627
600.0,430.0,2624.286727028702
600.0,435.0,2493.5934306697604
600.0,440.0,2366.0133853090924
600.0,445.0,2241.758346568662
600.0,450.0,2121.0384304686563
600.0,455.0,2004.0618380396324
600.0,460.0,1891.0344159890844
600.0,465.0,1851.4635642114747
600.0,470.0,2053.755694189723
600.0,475.0,2222.905299897487
600.0,480.0,2347.468828733574
600.0,485.0,2422.6831423584986
600.0,490.0,2444.5011473606496
600.0,495.0,2318.1656999227557
600.0,500.0,2195.2356948313936
600.0,505.0,2075.9205586610246
600.0,510.0,1960.4276547410889
600.0,515.0,1848.961780887407
600.0,520.0,1943.6055881882894
600.0,525.0,2222.3795182972603
600.0,530.0,2469.524256040901
600.0,535.0,2675.284956922746
600.0,540.0,2831.9743603561506
600.0,545.0,2846.6998898235915
600.0,550.0,2711.326255662741
600.0,555.0,2578.712311290332
600.0,560.0,2449.072337027458
600.0,565.0,2322.6190885846354
600.0,570.0,2199.5637762152155
600.0,575.0,2080.115893551203
600.0,580.0,1964.4828858645742
600.0,585.0,1852.8696536684395
600.0,590.0,1930.0074111325255
600.0,595.0,2173.575572158415
600.0,600.0,2381.4904216311884
600.0,605.0,2545.471160064324
600.0,610.0,2659.3347212485223
600.0,615.0,2656.360675836116
600.0,620.0,2524.945635330407
600.0,625.0,2396.5923785517616
600.0,630.0,2271.5130360781905
600.0,635.0,2149.91814145567
600.0,640.0,2032.0163948031761
600.0,645.0,1918.0142633915657
600.0,650.0,1828.707668477042
600.0,655.0,1956.879850892545
600.0,660.0,2058.731514301005
600.0,665.0,2114.628739502158
600.0,670.0,2122.6793529632882
600.0,675.0,2083.189500928436
600.0,680.0,1978.5556956438886
600.0,685.0,1866.4346767045304
600.0,690.0,1866.5692817899894
600.0,695.0,1924.8699830799424
600.0,700.0,1938.1835141610015
600.0,705.0,1906.600470828272
600.0,710.0,1832.8559745878272
600.0,715.0,2007.234076352813
600.0,720.0,2674.527723821713
600.0,725.0,3831.245575301316
600.0,730.0,5471.416465708031
600.0,735.0,7586.668054489525
600.0,740.0,8682.320458889724
600.0,745.0,8682.320458889737
600.0,750.0,8682.320458889737
600.0,755.0,8682.320458889724
600.0,760.0,8682.320458889737
600.0,765.0,8682.32045888973
600.0,770.0,8682.320458889724
600.0,775.0,8682.320458889737
600.0,780.0,8682.320458889724
600.0,785.0,8682.320458889724
600.0,790.0,8682.320458889724
600.0,795.0,8682.320458889737
600.0,800.0,8682.320458889737
600.0,805.0,8682.320458889737
600.0,810.0,8682.320458889724
600.0,815.0,8682.32045888973
600.0,820.0,8682.32045888973
600.0,825.0,8682.320458889737
600.0,830.0,8682.320458889724
600.0,835.0,8682.320458889724
600.0,840.0,8682.320458889732
600.0,845.0,8682.320458889724
600.0,850.0,8682.320458889724
600.0,855.0,8682.320458889724
600.0,860.0,8682.320458889724
600.0,865.0,8682.320458889737
600.0,870.0,8682.320458889724
600.0,875.0,8682.320458889724
600.0,880.0,8682.320458889724
600.0,885.0,8682.320458889724
600.0,890.0,8682.320458889737
600.0,895.0,8682.320458889737
600.0,900.0,8682.320458889737
605.0,250.0,9384.421874344243
605.0,255.0,9246.084498199883
605.0,260.0,9102.414139294517
605.0,265.0,8953.508422371217
605.0,270.0,8799.489616162706
605.0,275.0,8640.504747750076
605.0,280.0,8476.725440011967
605.0,285.0,8308.347455673325
605.0,290.0,8135.5899391701305
605.0,295.0,7958.694356502948
605.0,300.0,7777.923142699486
605.0,305.0,7593.558076261879
605.0,310.0,7405.898409556371
605.0,315.0,7215.258792819108
605.0,320.0,7021.967037161401
605.0,325.0,6826.361767935351
605.0,330.0,6628.790024098942
605.0,335.0,6429.604860964475
605.0,340.0,6229.16301366298
605.0,345.0,6027.822675849741
605.0,350.0,5825.94144364311
605.0,355.0,5623.87446790075
605.0,360.0,5421.972849889822
605.0,365.0,5220.582305803335
605.0,370.0,5020.042115362306
605.0,375.0,4820.684359292995
605.0,380.0,4622.833439957761
605.0,385.0,4426.805869597088
605.0,390.0,4232.91030175476
605.0,395.0,4041.447773550571
605.0,400.0,3852.712120274569
605.0,405.0,3666.990518883012
605.0,410.0,3484.564113976911
605.0,415.0,3305.70867831715
605.0,420.0,3130.695260218049
605.0,425.0,2959.790772003033
605.0,430.0,2793.258476902174
605.0,435.0,2631.358336510332
605.0,440.0,2474.3471867222456
605.0,445.0,2322.478716829049
605.0,450.0,2176.0032342703403
605.0,455.0,2035.1672056027999
605.0,460.0,1900.2125730586065
605.0,465.0,1851.4635642114747
605.0,470.0,2053.755694189716
605.0,475.0,2222.9052998974857
605.0,480.0,2347.4688287335716
605.0,485.0,2422.6831423584954
605.0,490.0,2445.949561582863
605.0,495.0,2415.739230761605
605.0,500.0,2265.900517986819
605.0,505.0,2121.5493908682106
605.0,510.0,1982.9306816550995
605.0,515.0,1850.2843795158394
605.0,520.0,1943.6055881882876
605.0,525.0,2222.3795182972613
605.0,530.0,2469.524256040901
605.0,535.0,2675.284956922748
605.0,540.0,2831.974360356153
605.0,545.0,2934.025240545784
605.0,550.0,2901.643031721751
605.0,555.0,2736.684530008944
605.0,560.0,2576.4474396895957
605.0,565.0,2421.1875217530114
605.0,570.0,2271.157334088542
605.0,575.0,2126.605919386498
605.0,580.0,1987.7782680712953
605.0,585.0,1854.9145586034563
605.0,590.0,1930.0074111325255
605.0,595.0,2173.575572158415
605.0,600.0,2381.4904216311857
605.0,605.0,2545.4711600643204
605.0,610.0,2659.3347212485137
605.0,615.0,2719.0437052798657
605.0,620.0,2670.101806137821
605.0,625.0,2511.883717126544
605.0,630.0,2358.747228798339
605.0,635.0,2210.943502555649
605.0,640.0,2068.719990711924
605.0,645.0,1932.3198069499651
605.0,650.0,1828.707668477042
605.0,655.0,1956.8798508925395
605.0,660.0,2058.731514301004
605.0,665.0,2114.6287395021645
605.0,670.0,2122.6793529632896
605.0,675.0,2083.1895009284312
605.0,680.0,1998.6862752260613
605.0,685.0,1870.9986288173827
605.0,690.0,1866.5692817899887
605.0,695.0,1924.8699830799428
605.0,700.0,1938.1835141609954
605.0,705.0,1906.6004708282755
605.0,710.0,1832.8559745878272
605.0,715.0,2007.23407635282
605.0,720.0,2674.527723821715
605.0,725.0,3831.2455753013146
605.0,730.0,5471.416465708033
605.0,735.0,7586.668054489525
605.0,740.0,10166.324960349628
605.0,745.0,11465.389089364116
605.0,750.0,11465.389089364102
605.0,755.0,11465.389089364113
605.0,760.0,11465.389089364102
605.0,765.0,11465.38908936412
605.0,770.0,11465.389089364102
605.0,775.0,11465.389089364102
605.0,780.0,11465.3890893641
605.0,785.0,11465.3890893641
605.0,790.0,11465.389089364102
605.0,795.0,11465.3890893641
605.0,800.0,11465.389089364102
605.0,805.0,11465.38908936412
605.0,810.0,11465.389089364116
605.0,815.0,11465.389089364115
605.0,820.0,11465.389089364102
605.0,825.0,11465.389089364102
605.0,830.0,11465.389089364102
605.0,835.0,11465.389089364102
605.0,840.0,11465.389089364118
605.0,845.0,11465.38908936412
605.0,850.0,11465.389089364102
605.0,855.0,11465.389089364102
605.0,860.0,11465.3890893641
605.0,865.0,11465.389089364113
605.0,870.0,11465.389089364102
605.0,875.0,11465.389089364111
605.0,880.0,11465.3890893641
605.0,885.0,11465.389089364116
605.0,890.0,11465.389089364115
605.0,895.0,11465.389089364116
605.0,900.0,11465.389089364113
610.0,250.0,11547.628863328086
610.0,255.0,11353.751844987466
610.0,260.0,11153.320858815536
610.0,265.0,10946.518226906437
610.0,270.0,10733.557916303444
610.0,275.0,10514.685310780718
610.0,280.0,10290.176601882536
610.0,285.0,10060.33778442783
610.0,290.0,9825.503253112936
610.0,295.0,9586.034009634406
610.0,300.0,9342.315502799467
610.0,305.0,9094.755137114114
610.0,310.0,8843.779497665182
610.0,315.0,8589.831349814354
610.0,320.0,8333.366481150317
610.0,325.0,8074.8504593811385
610.0,330.0,7814.755383520407
610.0,335.0,7553.556705819982
610.0,340.0,7291.730199519354
610.0,345.0,7029.749141465879
610.0,350.0,6768.081770489482
610.0,355.0,6507.189071373442
610.0,360.0,6247.5229220080655
610.0,365.0,5989.524627408095
610.0,370.0,5733.6238500039035
610.0,375.0,5480.23793149381
610.0,380.0,5229.771587803701
610.0,385.0,4982.616946298625
610.0,390.0,4739.153883603855
610.0,395.0,4499.750613233969
610.0,400.0,4264.764465577173
610.0,405.0,4034.5427980417435
610.0,410.0,3809.4239710278116
610.0,415.0,3589.7383252423315
610.0,420.0,3375.809098091487
610.0,425.0,3167.953221069653
610.0,430.0,2966.481945915426
610.0,435.0,2771.7012549975393
610.0,440.0,2583.9120202765152
610.0,445.0,2403.4098851114354
610.0,450.0,2230.48485417581
610.0,455.0,2065.420587826739
610.0,460.0,1908.4934089774324
610.0,465.0,1851.463564211477
610.0,470.0,2053.7556941897183
610.0,475.0,2222.9052998974894
610.0,480.0,2347.4688287335757
610.0,485.0,2422.6831423584963
610.0,490.0,2445.9495615828696
610.0,495.0,2416.8722405476624
610.0,500.0,2336.472699768266
610.0,505.0,2166.5159221185704
610.0,510.0,2004.5263535731174
610.0,515.0,1850.777196979146
610.0,520.0,1943.6055881882935
610.0,525.0,2222.379518297256
610.0,530.0,2469.524256040901
610.0,535.0,2675.2849569227546
610.0,540.0,2831.9743603561487
610.0,545.0,2934.025240545783
610.0,550.0,2978.0378511840618
610.0,555.0,2898.292215149403
610.0,560.0,2705.8973543939915
610.0,565.0,2520.596901013317
610.0,570.0,2342.68460966571
610.0,575.0,2172.448385349889
610.0,580.0,2010.1694767843605
610.0,585.0,1856.1213876808436
610.0,590.0,1930.0074111325248
610.0,595.0,2173.5755721584173
610.0,600.0,2381.4904216311847
610.0,605.0,2545.4711600643213
610.0,610.0,2659.3347212485137
610.0,615.0,2719.043705279867
610.0,620.0,2722.7499072180817
610.0,625.0,2628.702096884811
610.0,630.0,2446.40917460493
610.0,635.0,2271.623752390694
610.0,640.0,2104.631108777247
610.0,645.0,1945.7094506996407
610.0,650.0,1828.7076684770434
610.0,655.0,1956.8798508925413
610.0,660.0,2058.7315143010055
610.0,665.0,2114.6287395021636
610.0,670.0,2122.679352963289
610.0,675.0,2083.1895009284412
610.0,680.0,1998.6862752260608
610.0,685.0,1873.9221539889859
610.0,690.0,1866.5692817899903
610.0,695.0,1924.869983079941
610.0,700.0,1938.1835141610065
610.0,705.0,1906.6004708282783
610.0,710.0,1832.8559745878295
610.0,715.0,2007.2340763528173
610.0,720.0,2674.5277238217127
610.0,725.0,3831.245575301316
610.0,730.0,5471.416465708033
610.0,735.0,7586.668054489525
610.0,740.0,10166.324960349612
610.0,745.0,13197.522819751955
610.0,750.0,14693.576011665871
610.0,755.0,14693.576011665868
610.0,760.0,14693.576011665877
610.0,765.0,14693.576011665871
610.0,770.0,14693.57601166586
610.0,775.0,14693.57601166587
610.0,780.0,14693.57601166587
610.0,785.0,14693.576011665871
610.0,790.0,14693.57601166587
610.0,795.0,14693.576011665871
610.0,800.0,14693.576011665868
610.0,805.0,14693.576011665871
610.0,810.0,14693.576011665871
610.0,815.0,14693.57601166587
610.0,820.0,14693.576011665871
610.0,825.0,14693.576011665871
610.0,830.0,14693.576011665871
610.0,835.0,14693.57601166587
610.0,840.0,14693.57601166587
610.0,845.0,14693.576011665871
610.0,850.0,14693.576011665871
610.0,855.0,14693.57601166587
610.0,860.0,14693.576011665862
610.0,865.0,14693.57601166587
610.0,870.0,14693.57601166586
610.0,875.0,14693.57601166587
610.0,880.0,14693.576011665877
610.0,885.0,14693.576011665871
610.0,890.0,14693.576011665871
610.0,895.0,14693.576011665878
610.0,900.0,14693.576011665871
615.0,250.0,13948.07521558218
615.0,255.0,13690.131357377712
615.0,260.0,13424.331670027677
615.0,265.0,13150.96113547683
615.0,270.0,12870.344151756055
615.0,275.0,12582.843846501592
615.0,280.0,12288.860889652438
615.0,285.0,11988.83179445903
615.0,290.0,11683.226711779158
615.0,295.0,11372.546739872212
615.0,300.0,11057.32078901879
615.0,305.0,10738.102056894248
615.0,310.0,10415.464185816285
615.0,315.0,10089.997185585147
615.0,320.0,9762.303215497084
615.0,325.0,9432.99232511871
615.0,330.0,9102.678255830126
615.0,335.0,8771.974402800257
615.0,340.0,8441.490031474845
615.0,345.0,8111.82683249714
615.0,350.0,7783.57588625607
615.0,355.0,7457.315092176496
615.0,360.0,7133.607100625567
615.0,365.0,6812.997766432391
615.0,370.0,6496.015124179167
615.0,375.0,6183.168867278719
615.0,380.0,5874.9502957033055
615.0,385.0,5571.832682240055
615.0,390.0,5274.2719946118
615.0,395.0,4982.70790068239
615.0,400.0,4697.564977273791
615.0,405.0,4419.254039048893
615.0,410.0,4148.1735032224615
615.0,415.0,3884.7107077428045
615.0,420.0,3629.2431054081217
615.0,425.0,3382.1392635917673
615.0,430.0,3143.759608424611
615.0,435.0,2914.4568635622645
615.0,440.0,2694.5761462156693
615.0,445.0,2484.4546967104625
615.0,450.0,2284.4212324461323
615.0,455.0,2094.7949315390806
615.0,460.0,1915.8840662416285
615.0,465.0,1851.4635642114736
615.0,470.0,2053.7556941897187
615.0,475.0,2222.9052998974907
615.0,480.0,2347.4688287335707
615.0,485.0,2422.6831423584954
615.0,490.0,2445.949561582862
615.0,495.0,2416.8722405476665
615.0,500.0,2337.2876479047923
615.0,505.0,2210.7715077933217
615.0,510.0,2025.2008121337092
615.0,515.0,1850.7815925512525
615.0,520.0,1943.605588188294
615.0,525.0,2222.379518297256
615.0,530.0,2469.5242560409033
615.0,535.0,2675.284956922748
615.0,540.0,2831.9743603561483
615.0,545.0,2934.025240545783
615.0,550.0,2978.037851184066
615.0,555.0,2962.8233322491856
615.0,560.0,2837.2682429561373
615.0,565.0,2620.7273663265587
615.0,570.0,2414.0605664693594
615.0,575.0,2217.5933941475387
615.0,580.0,2031.6414260057124
615.0,585.0,1856.508935687711
615.0,590.0,1930.0074111325255
615.0,595.0,2173.575572158415
615.0,600.0,2381.4904216311875
615.0,605.0,2545.47116006432
615.0,610.0,2659.3347212485205
615.0,615.0,2719.0437052798684
615.0,620.0,2722.749907218079
615.0,625.0,2670.8320493000583
615.0,630.0,2534.3932813827473
615.0,635.0,2331.8883231085824
615.0,640.0,2139.7142696699198
615.0,645.0,1958.1821784069105
615.0,650.0,1828.7076684770443
615.0,655.0,1956.8798508925477
615.0,660.0,2058.731514301007
615.0,665.0,2114.62873950216
615.0,670.0,2122.679352963289
615.0,675.0,2083.1895009284303
615.0,680.0,1998.6862752260647
615.0,685.0,1873.9221539889909
615.0,690.0,1866.5692817899894
615.0,695.0,1924.8699830799414
615.0,700.0,1938.1835141609977
615.0,705.0,1906.60047082828
615.0,710.0,1832.85597458783
615.0,715.0,2007.2340763528173
615.0,720.0,2674.527723821712
615.0,725.0,3831.2455753013205
615.0,730.0,5471.416465708031
615.0,735.0,7586.668054489525
615.0,740.0,10166.324960349612
615.0,745.0,13197.522819751975
615.0,750.0,16665.334767690383
615.0,755.0,18351.07653112966
615.0,760.0,18351.07653112966
615.0,765.0,18351.07653112964
615.0,770.0,18351.07653112966
615.0,775.0,18351.07653112966
615.0,780.0,18351.07653112966
615.0,785.0,18351.07653112966
615.0,790.0,18351.07653112966
615.0,795.0,18351.07653112964
615.0,800.0,18351.07653112966
615.0,805.0,18351.076531129635
615.0,810.0,18351.07653112964
615.0,815.0,18351.07653112964
615.0,820.0,18351.076531129635
615.0,825.0,18351.07653112964
615.0,830.0,18351.07653112966
615.0,835.0,18351.076531129635
615.0,840.0,18351.07653112964
615.0,845.0,18351.07653112964
615.0,850.0,18351.07653112966
615.0,855.0,18351.07653112964
615.0,860.0,18351.07653112966
615.0,865.0,18351.07653112966
615.0,870.0,18351.07653112964
615.0,875.0,18351.07653112964
615.0,880.0,18351.076531129645
615.0,885.0,18351.076531129635
615.0,890.0,18351.07653112964
615.0,895.0,18351.07653112966
615.0,900.0,18351.07653112964
620.0,250.0,16583.133414849264
620.0,255.0,16252.779619562692
620.0,260.0,15913.175483250361
620.0,265.0,15564.726955594992
620.0,270.0,15207.887991592437
620.0,275.0,14843.159282613233
620.0,280.0,14471.086350271999
620.0,285.0,14092.256998638304
620.0,290.0,13707.298141283401
620.0,295.0,13316.872041944394
620.0,300.0,12921.67202922509
620.0,305.0,12522.41776620487
620.0,310.0,12119.850173955207
620.0,315.0,11714.726122310278
620.0,320.0,11307.813011675453
620.0,325.0,10899.883374879968
620.0,330.0,10491.709628529436
620.0,335.0,10084.059097664649
620.0,340.0,9677.689427824791
620.0,345.0,9273.344483330668
620.0,350.0,8871.750812384471
620.0,355.0,8473.614737571903
620.0,360.0,8079.620107361035
620.0,365.0,7690.426719708289
620.0,370.0,7306.669405004814
620.0,375.0,6928.957733149793
620.0,380.0,6557.876288863648
620.0,385.0,6193.985441846777
620.0,390.0,5837.822524333353
620.0,395.0,5489.903317877749
620.0,400.0,5150.723744974654
620.0,405.0,4820.761658292088
620.0,410.0,4500.4786217154215
620.0,415.0,4190.321582003044
620.0,420.0,3890.7243380001087
620.0,425.0,3602.108725302914
620.0,430.0,3324.8854474449704
620.0,435.0,3059.454500178124
620.0,440.0,2806.2051522013803
620.0,445.0,2565.5154634170804
620.0,450.0,2337.751340381962
620.0,455.0,2123.265146614474
620.0,460.0,1922.3939034523112
620.0,465.0,1851.4635642114706
620.0,470.0,2053.755694189718
620.0,475.0,2222.9052998974876
620.0,480.0,2347.4688287335716
620.0,485.0,2422.6831423584945
620.0,490.0,2445.9495615828605
620.0,495.0,2416.8722405476624
620.0,500.0,2337.2876479048014
620.0,505.0,2211.278701775301
620.0,510.0,2044.9423418097704
620.0,515.0,1850.7815925512525
620.0,520.0,1943.6055881882903
620.0,525.0,2222.3795182972613
620.0,530.0,2469.5242560408983
620.0,535.0,2675.284956922748
620.0,540.0,2831.9743603561556
620.0,545.0,2934.0252405457913
620.0,550.0,2978.037851184069
620.0,555.0,2962.8233322491888
620.0,560.0,2889.4405500758894
620.0,565.0,2721.457187553773
620.0,570.0,2485.200243190987
620.0,575.0,2261.9924746149845
620.0,580.0,2052.181160046785
620.0,585.0,1856.5089356877063
620.0,590.0,1930.0074111325252
620.0,595.0,2173.575572158423
620.0,600.0,2381.4904216311884
620.0,605.0,2545.471160064323
620.0,610.0,2659.3347212485196
620.0,615.0,2719.0437052798725
620.0,620.0,2722.7499072180854
620.0,625.0,2670.8320493000597
620.0,630.0,2565.92300759717
620.0,635.0,2391.667353394785
620.0,640.0,2173.935791558657
620.0,645.0,1969.7391939090817
620.0,650.0,1828.7076684770445
620.0,655.0,1956.8798508925436
620.0,660.0,2058.731514301005
620.0,665.0,2114.628739502162
620.0,670.0,2122.6793529632937
620.0,675.0,2083.189500928436
620.0,680.0,1998.6862752260613
620.0,685.0,1873.9221539889936
620.0,690.0,1866.5692817899896
620.0,695.0,1924.8699830799446
620.0,700.0,1938.1835141609965
620.0,705.0,1906.6004708282765
620.0,710.0,1832.855974587828
620.0,715.0,2007.23407635282
620.0,720.0,2674.527723821712
620.0,725.0,3831.2455753013196
620.0,730.0,5471.416465708032
620.0,735.0,7586.668054489525
620.0,740.0,10166.324960349628
620.0,745.0,13197.522819751975
620.0,750.0,16665.334767690383
620.0,755.0,20552.907122642853
620.0,760.0,22420.221989652175
620.0,765.0,22420.22198965217
620.0,770.0,22420.22198965217
620.0,775.0,22420.22198965217
620.0,780.0,22420.221989652156
620.0,785.0,22420.221989652175
620.0,790.0,22420.221989652175
620.0,795.0,22420.22198965217
620.0,800.0,22420.22198965217
620.0,805.0,22420.22198965217
620.0,810.0,22420.221989652175
620.0,815.0,22420.22198965217
620.0,820.0,22420.221989652175
620.0,825.0,22420.221989652167
620.0,830.0,22420.221989652175
620.0,835.0,22420.22198965217
620.0,840.0,22420.221989652175
620.0,845.0,22420.221989652175
620.0,850.0,22420.221989652175
620.0,855.0,22420.221989652175
620.0,860.0,22420.22198965217
620.0,865.0,22420.221989652175
620.0,870.0,22420.221989652175
620.0,875.0,22420.221989652175
620.0,880.0,22420.221989652175
620.0,885.0,22420.221989652175
620.0,890.0,22420.221989652167
620.0,895.0,22420.22198965217
620.0,900.0,22420.221989652175
625.0,250.0,19449.293162277583
625.0,255.0,19038.423594067248
625.0,260.0,18616.803696472685
625.0,265.0,18184.97884865562
625.0,270.0,17743.5519033308
625.0,275.0,17293.181204614975
625.0,280.0,16834.577815832654
625.0,285.0,16368.501961887318
625.0,290.0,15895.758717592877
625.0,295.0,15417.19300129929
625.0,300.0,14933.68395973586
625.0,305.0,14446.13885453975
625.0,310.0,13955.486582032625
625.0,315.0,13462.670973697868
625.0,320.0,12968.644035411482
625.0,325.0,12474.359287295647
625.0,330.0,11980.765363765524
625.0,335.0,11488.80002346991
625.0,340.0,10999.384704020746
625.0,345.0,10513.419734996905
625.0,350.0,10031.780298033656
625.0,355.0,9555.313193980015
625.0,360.0,9084.8344476134
625.0,365.0,8621.127749702098
625.0,370.0,8164.943706873708
625.0,375.0,7716.999842762486
625.0,380.0,7277.981269668691
625.0,385.0,6848.541930073869
625.0,390.0,6429.306292084403
625.0,395.0,6020.871372011735
625.0,400.0,5623.808952080281
625.0,405.0,5238.667860331405
625.0,410.0,4865.9761840339725
625.0,415.0,4506.243295980755
625.0,420.0,4159.961585270245
625.0,425.0,3827.607799589871
625.0,430.0,3509.6439238838516
625.0,435.0,3206.517540639088
625.0,440.0,2918.6616385639486
625.0,445.0,2646.4938587295824
625.0,450.0,2390.415190119406
625.0,455.0,2150.8081482747857
625.0,460.0,1928.034492002406
625.0,465.0,1851.4635642114765
625.0,470.0,2053.755694189714
625.0,475.0,2222.9052998974885
625.0,480.0,2347.4688287335757
625.0,485.0,2422.6831423585018
625.0,490.0,2445.9495615828614
625.0,495.0,2416.8722405476665
625.0,500.0,2337.287647904791
625.0,505.0,2211.278701775299
625.0,510.0,2045.1650079560898
625.0,515.0,1850.781592551247
625.0,520.0,1943.6055881882894
625.0,525.0,2222.379518297256
625.0,530.0,2469.524256040901
625.0,535.0,2675.2849569227487
625.0,540.0,2831.9743603561515
625.0,545.0,2934.025240545783
625.0,550.0,2978.0378511840618
625.0,555.0,2962.8233322491924
625.0,560.0,2889.4405500758908
625.0,565.0,2761.2206780280103
625.0,570.0,2556.0186995068752
625.0,575.0,2305.5986133621254
625.0,580.0,2071.7778880698324
625.0,585.0,1856.5089356877093
625.0,590.0,1930.0074111325257
625.0,595.0,2173.5755721584187
625.0,600.0,2381.4904216311857
625.0,605.0,2545.471160064318
625.0,610.0,2659.3347212485155
625.0,615.0,2719.043705279954
625.0,620.0,2722.7499072180804
625.0,625.0,2670.8320493000615
625.0,630.0,2565.923007597169
625.0,635.0,2412.9191273402225
625.0,640.0,2207.2638324320624
625.0,645.0,1980.3839351882873
625.0,650.0,1828.7076684770443
625.0,655.0,1956.8798508925374
625.0,660.0,2058.7315143010082
625.0,665.0,2114.628739502158
625.0,670.0,2122.679352963288
625.0,675.0,2083.1895009284412
625.0,680.0,1998.686275226055
625.0,685.0,1873.9221539889904
625.0,690.0,1866.569281789995
625.0,695.0,1924.8699830799396
625.0,700.0,1938.1835141609968
625.0,705.0,1906.6004708282844
625.0,710.0,1832.85597458783
625.0,715.0,2007.2340763528164
625.0,720.0,2674.52772382171
625.0,725.0,3831.2455753013137
625.0,730.0,5471.416465708031
625.0,735.0,7586.668054489525
625.0,740.0,10166.324960349628
625.0,745.0,13197.522819751975
625.0,750.0,16665.334767690365
625.0,755.0,20552.907122642857
625.0,760.0,24841.60151781446
625.0,765.0,26881.624037084253
625.0,770.0,26881.624037084275
625.0,775.0,26881.624037084253
625.0,780.0,26881.624037084257
625.0,785.0,26881.624037084253
625.0,790.0,26881.624037084253
625.0,795.0,26881.624037084253
625.0,800.0,26881.62403708428
625.0,805.0,26881.624037084275
625.0,810.0,26881.624037084275
625.0,815.0,26881.624037084253
625.0,820.0,26881.62403708425
625.0,825.0,26881.624037084275
625.0,830.0,26881.62403708428
625.0,835.0,26881.62403708428
625.0,840.0,26881.624037084253
625.0,845.0,26881.62403708428
625.0,850.0,26881.624037084253
625.0,855.0,26881.624037084253
625.0,860.0,26881.624037084253
625.0,865.0,26881.624037084253
625.0,870.0,26881.62403708428
625.0,875.0,26881.624037084275
625.0,880.0,26881.62403708427
625.0,885.0,26881.624037084253
625.0,890.0,26881.62403708428
625.0,895.0,26881.624037084275
625.0,900.0,26881.624037084253
630.0,250.0,22542.138571898115
630.0,255.0,22042.936717406104
630.0,260.0,21531.3654010993
630.0,265.0,21008.127843895283
630.0,270.0,20473.995161333347
630.0,275.0,19929.803533069033
630.0,280.0,19376.45041262072
630.0,285.0,18814.889793879294
630.0,290.0,18246.12658421552
630.0,295.0,17671.210168207796
630.0,300.0,17091.227277972976
630.0,305.0,16507.29431493672
630.0,310.0,15920.549291937854
630.0,315.0,15332.14358174885
630.0,320.0,14743.233668396886
630.0,325.0,14154.97309941001
630.0,330.0,13568.50483123979
630.0,335.0,12984.954145063377
630.0,340.0,12405.422289258771
630.0,345.0,11830.980976279265
630.0,350.0,11262.667829556965
630.0,355.0,10701.482839530532
630.0,360.0,10148.385851165134
630.0,365.0,9604.295067847137
630.0,370.0,9070.086521367504
630.0,375.0,8546.594426009111
630.0,380.0,8034.612306958626
630.0,385.0,7534.894771195361
630.0,390.0,7048.159772892342
630.0,395.0,6575.091214852303
630.0,400.0,6116.341723929223
630.0,405.0,5672.535440065354
630.0,410.0,5244.270666399588
630.0,415.0,4832.122240217053
630.0,420.0,4436.643501582905
630.0,425.0,4058.367757131162
630.0,430.0,3697.8091597184157
630.0,435.0,3355.4629504506665
630.0,440.0,3031.8050363892535
630.0,445.0,2727.2909044726125
630.0,450.0,2442.3538995845956
630.0,455.0,2177.4029202622287
630.0,460.0,1932.8196099728573
630.0,465.0,1851.4635642114754
630.0,470.0,2053.7556941897155
630.0,475.0,2222.9052998974876
630.0,480.0,2347.468828733569
630.0,485.0,2422.683142358494
630.0,490.0,2445.9495615828655
630.0,495.0,2416.8722405476587
630.0,500.0,2337.2876479047945
630.0,505.0,2211.2787017753008
630.0,510.0,2045.1650079560923
630.0,515.0,1850.7815925512516
630.0,520.0,1943.6055881882894
630.0,525.0,2222.37951829726
630.0,530.0,2469.5242560408983
630.0,535.0,2675.2849569227496
630.0,540.0,2831.974360356153
630.0,545.0,2934.025240545784
630.0,550.0,2978.0378511840663
630.0,555.0,2962.8233322491856
630.0,560.0,2889.4405500758935
630.0,565.0,2761.2206780280067
630.0,570.0,2583.771400010223
630.0,575.0,2348.366327588646
630.0,580.0,2090.423030206411
630.0,585.0,1856.5089356877065
630.0,590.0,1930.0074111325218
630.0,595.0,2173.575572158421
630.0,600.0,2381.490421631189
630.0,605.0,2545.471160064323
630.0,610.0,2659.33472124852
630.0,615.0,2719.043705279868
630.0,620.0,2722.749907218084
630.0,625.0,2670.8320493000556
630.0,630.0,2565.923007597166
630.0,635.0,2412.919127340216
630.0,640.0,2218.9625124476925
630.0,645.0,1990.1220904546753
630.0,650.0,1828.7076684770445
630.0,655.0,1956.879850892545
630.0,660.0,2058.731514301007
630.0,665.0,2114.6287395021545
630.0,670.0,2122.6793529632887
630.0,675.0,2083.1895009284412
630.0,680.0,1998.6862752260558
630.0,685.0,1873.9221539889882
630.0,690.0,1866.5692817899896
630.0,695.0,1924.8699830799455
630.0,700.0,1938.183514160994
630.0,705.0,1906.6004708282794
630.0,710.0,1832.8559745878306
630.0,715.0,2007.23407635282
630.0,720.0,2674.5277238217127
630.0,725.0,3831.245575301313
630.0,730.0,5471.416465708031
630.0,735.0,7586.668054489525
630.0,740.0,10166.324960349628
630.0,745.0,13197.522819751975
630.0,750.0,16665.334767690383
630.0,755.0,20552.90712264286
630.0,760.0,24841.60151781446
630.0,765.0,29511.141310514453
630.0,770.0,31714.32241994729
630.0,775.0,31714.322419947286
630.0,780.0,31714.32241994729
630.0,785.0,31714.322419947286
630.0,790.0,31714.32241994729
630.0,795.0,31714.32241994729
630.0,800.0,31714.32241994729
630.0,805.0,31714.32241994729
630.0,810.0,31714.32241994729
630.0,815.0,31714.32241994729
630.0,820.0,31714.32241994729
630.0,825.0,31714.32241994729
630.0,830.0,31714.32241994729
630.0,835.0,31714.32241994729
630.0,840.0,31714.32241994729
630.0,845.0,31714.322419947286
630.0,850.0,31714.32241994729
630.0,855.0,31714.32241994729
630.0,860.0,31714.32241994729
630.0,865.0,31714.322419947286
630.0,870.0,31714.322419947286
630.0,875.0,31714.32241994729
630.0,880.0,31714.32241994729
630.0,885.0,31714.32241994729
630.0,890.0,31714.32241994729
630.0,895.0,31714.32241994729
630.0,900.0,31714.32241994729
635.0,250.0,25856.3268012241
635.0,255.0,25261.316021846746
635.0,260.0,24652.18324279959
635.0,265.0,24029.807676217242
635.0,270.0,23395.14788873262
635.0,275.0,22749.237985476993
635.0,280.0,22093.18264719706
635.0,285.0,21428.151051826288
635.0,290.0,20755.369752430022
635.0,295.0,20076.114624480626
635.0,300.0,19391.70203316169
635.0,305.0,18703.479404770056
635.0,310.0,18012.815413276534
635.0,315.0,17321.090011320965
635.0,320.0,16629.684544424767
635.0,325.0,15939.97218616264
635.0,330.0,15253.308921727703
635.0,335.0,14571.025286102862
635.0,340.0,13894.41903501416
635.0,345.0,13224.74889006342
635.0,350.0,12563.229458949938
635.0,355.0,11911.027386568978
635.0,360.0,11269.258748101953
635.0,365.0,10638.98765039433
635.0,370.0,10021.225966576601
635.0,375.0,9416.934092340194
635.0,380.0,8827.022580997549
635.0,385.0,8252.35449046953
635.0,390.0,7693.748258805221
635.0,395.0,7151.9809152416565
635.0,400.0,6627.791432562783
635.0,405.0,6121.884031546274
635.0,410.0,5634.931260498078
635.0,415.0,5167.576690240279
635.0,420.0,4720.437087636627
635.0,425.0,4294.103957322578
635.0,430.0,3889.1443705836473
635.0,435.0,3506.101032139131
635.0,440.0,3145.491568084826
635.0,445.0,2807.8070507117495
635.0,450.0,2493.509807970464
635.0,455.0,2203.030594701635
635.0,460.0,1936.7652301463106
635.0,465.0,1851.4635642114733
635.0,470.0,2053.7556941897174
635.0,475.0,2222.9052998974876
635.0,480.0,2347.4688287335707
635.0,485.0,2422.683142358498
635.0,490.0,2445.9495615828723
635.0,495.0,2416.8722405476656
635.0,500.0,2337.28764790479
635.0,505.0,2211.278701775308
635.0,510.0,2045.1650079560861
635.0,515.0,1850.781592551247
635.0,520.0,1943.605588188289
635.0,525.0,2222.3795182972603
635.0,530.0,2469.524256040895
635.0,535.0,2675.284956922748
635.0,540.0,2831.9743603561524
635.0,545.0,2934.0252405457895
635.0,550.0,2978.03785118407
635.0,555.0,2962.8233322491874
635.0,560.0,2889.440550075891
635.0,565.0,2761.220678028003
635.0,570.0,2583.7714000102214
635.0,575.0,2364.9512726678427
635.0,580.0,2108.110271167863
635.0,585.0,1856.5089356877083
635.0,590.0,1930.0074111325252
635.0,595.0,2173.575572158418
635.0,600.0,2381.4904216311875
635.0,605.0,2545.4711600643213
635.0,610.0,2659.33472124852
635.0,615.0,2719.0437052798748
635.0,620.0,2722.7499072180804
635.0,625.0,2670.8320493000533
635.0,630.0,2565.9230075971664
635.0,635.0,2412.9191273402184
635.0,640.0,2218.9625124476906
635.0,645.0,1993.3867290459536
635.0,650.0,1828.707668477042
635.0,655.0,1956.8798508925395
635.0,660.0,2058.731514301005
635.0,665.0,2114.6287395021654
635.0,670.0,2122.679352963289
635.0,675.0,2083.189500928436
635.0,680.0,1998.686275226055
635.0,685.0,1873.922153988991
635.0,690.0,1866.5692817899933
635.0,695.0,1924.8699830799458
635.0,700.0,1938.183514160995
635.0,705.0,1906.6004708282808
635.0,710.0,1832.8559745878297
635.0,715.0,2007.2340763528173
635.0,720.0,2674.5277238217127
635.0,725.0,3831.245575301317
635.0,730.0,5471.416465708031
635.0,735.0,7586.6680544895235
635.0,740.0,10166.324960349613
635.0,745.0,13197.522819751975
635.0,750.0,16665.334767690383
635.0,755.0,20552.907122642857
635.0,760.0,24841.60151781446
635.0,765.0,29511.141310514453
635.0,770.0,34539.76075330594
635.0,775.0,36895.93507038237
635.0,780.0,36895.93507038241
635.0,785.0,36895.93507038241
635.0,790.0,36895.93507038241
635.0,795.0,36895.9350703824
635.0,800.0,36895.93507038241
635.0,805.0,36895.93507038241
635.0,810.0,36895.93507038241
635.0,815.0,36895.93507038238
635.0,820.0,36895.93507038241
635.0,825.0,36895.9350703824
635.0,830.0,36895.93507038243
635.0,835.0,36895.93507038243
635.0,840.0,36895.9350703824
635.0,845.0,36895.93507038243
635.0,850.0,36895.93507038237
635.0,855.0,36895.93507038241
635.0,860.0,36895.93507038243
635.0,865.0,36895.93507038241
635.0,870.0,36895.93507038241
635.0,875.0,36895.9350703824
635.0,880.0,36895.93507038241
635.0,885.0,36895.93507038241
635.0,890.0,36895.9350703824
635.0,895.0,36895.9350703824
635.0,900.0,36895.93507038241
640.0,250.0,29385.56954487822
640.0,255.0,28687.661704345854
640.0,260.0,27973.73134657043
640.0,265.0,27244.85134027521
640.0,270.0,26502.186504157988
640.0,275.0,25746.988668853086
640.0,280.0,24980.590386655906
640.0,285.0,24204.397338131446
640.0,290.0,23419.87953330402
640.0,295.0,22628.561453620907
640.0,300.0,21832.011324825133
640.0,305.0,21031.82974896035
640.0,310.0,20229.63795362315
640.0,315.0,19427.06593553181
640.0,320.0,18625.740783677615
640.0,325.0,17827.27546277826
640.0,330.0,17033.25832212402
640.0,335.0,16245.243566505129
640.0,340.0,15464.74288969706
640.0,345.0,14693.21842493694
640.0,350.0,13932.077116971835
640.0,355.0,13182.66656567885
640.0,360.0,12446.272337943052
640.0,365.0,11724.116691811563
640.0,370.0,11017.358609123883
640.0,375.0,10327.094991343221
640.0,380.0,9654.36283865694
640.0,385.0,9000.142206817178
640.0,390.0,8365.359719713433
640.0,395.0,7750.892407594348
640.0,400.0,7157.5716426556155
640.0,405.0,6586.186952878636
640.0,410.0,6037.489512428881
640.0,415.0,5512.195130168357
640.0,420.0,5010.9865869967525
640.0,425.0,4534.515206008255
640.0,430.0,4083.4015754025672
640.0,435.0,3658.2353824406528
640.0,440.0,3259.57435530642
640.0,445.0,2887.942347648576
640.0,450.0,2543.826637328909
640.0,455.0,2227.6745438986522
640.0,460.0,1939.8894993500562
640.0,465.0,1851.4635642114742
640.0,470.0,2053.755694189717
640.0,475.0,2222.905299897488
640.0,480.0,2347.4688287335707
640.0,485.0,2422.6831423584963
640.0,490.0,2445.949561582863
640.0,495.0,2416.8722405476606
640.0,500.0,2337.287647904798
640.0,505.0,2211.2787017753067
640.0,510.0,2045.16500795609
640.0,515.0,1850.7815925512525
640.0,520.0,1943.605588188288
640.0,525.0,2222.379518297258
640.0,530.0,2469.524256040894
640.0,535.0,2675.2849569227524
640.0,540.0,2831.974360356151
640.0,545.0,2934.025240545786
640.0,550.0,2978.0378511840618
640.0,555.0,2962.823332249185
640.0,560.0,2889.4405500758917
640.0,565.0,2761.2206780280076
640.0,570.0,2583.77140001022
640.0,575.0,2364.9512726678336
640.0,580.0,2114.804750522227
640.0,585.0,1856.508935687708
640.0,590.0,1930.0074111325216
640.0,595.0,2173.575572158415
640.0,600.0,2381.4904216311866
640.0,605.0,2545.4711600643172
640.0,610.0,2659.334721248517
640.0,615.0,2719.0437052798716
640.0,620.0,2722.749907218082
640.0,625.0,2670.8320493000633
640.0,630.0,2565.9230075971655
640.0,635.0,2412.919127340223
640.0,640.0,2218.9625124476856
640.0,645.0,1993.3867290459475
640.0,650.0,1828.7076684770445
640.0,655.0,1956.8798508925447
640.0,660.0,2058.731514301007
640.0,665.0,2114.6287395021645
640.0,670.0,2122.6793529632882
640.0,675.0,2083.189500928435
640.0,680.0,1998.6862752260586
640.0,685.0,1873.9221539889918
640.0,690.0,1866.5692817899903
640.0,695.0,1924.8699830799449
640.0,700.0,1938.1835141610006
640.0,705.0,1906.6004708282783
640.0,710.0,1832.8559745878304
640.0,715.0,2007.2340763528168
640.0,720.0,2674.5277238217127
640.0,725.0,3831.245575301318
640.0,730.0,5471.416465708031
640.0,735.0,7586.668054489522
640.0,740.0,10166.324960349628
640.0,745.0,13197.52281975197
640.0,750.0,16665.334767690383
640.0,755.0,20552.907122642857
640.0,760.0,24841.60151781446
640.0,765.0,29511.141310514453
640.0,770.0,34539.76075330592
640.0,775.0,39904.35606783841
640.0,780.0,42402.80991044358
640.0,785.0,42402.809910443575
640.0,790.0,42402.80991044358
640.0,795.0,42402.80991044356
640.0,800.0,42402.809910443546
640.0,805.0,42402.80991044358
640.0,810.0,42402.809910443546
640.0,815.0,42402.80991044359
640.0,820.0,42402.809910443546
640.0,825.0,42402.80991044358
640.0,830.0,42402.80991044356
640.0,835.0,42402.809910443546
640.0,840.0,42402.809910443575
640.0,845.0,42402.80991044358
640.0,850.0,42402.809910443575
640.0,855.0,42402.809910443575
640.0,860.0,42402.80991044358
640.0,865.0,42402.809910443546
640.0,870.0,42402.809910443546
640.0,875.0,42402.809910443546
640.0,880.0,42402.80991044358
640.0,885.0,42402.80991044358
640.0,890.0,42402.80991044355
640.0,895.0,42402.809910443546
640.0,900.0,42402.809910443575
645.0,250.0,33122.61907525329
645.0,255.0,32315.16081260266
645.0,260.0,31489.616955711743
645.0,265.0,30647.27098450552
645.0,270.0,29789.5121655977
645.0,275.0,28917.829359057945
645.0,280.0,28033.803248365326
645.0,285.0,27139.09706337991
645.0,290.0,26235.44592348872
645.0,295.0,25324.64498466007
645.0,300.0,24408.536624716467
645.0,305.0,23488.996944153438
645.0,310.0,22567.921892596714
645.0,315.0,21647.213350393842
645.0,320.0,20728.765501211314
645.0,325.0,19814.451822715855
645.0,330.0,18906.113000582067
645.0,335.0,18005.546034466963
645.0,340.0,17114.49475915232
645.0,345.0,16234.641947694567
645.0,350.0,15367.60310322932
645.0,355.0,14514.921981182952
645.0,360.0,13678.06782100649
645.0,365.0,12858.4342055372
645.0,370.0,12057.339411525838
645.0,375.0,11276.028068405663
645.0,380.0,10515.673904499343
645.0,385.0,9777.38333300536
645.0,390.0,9062.199614198456
645.0,395.0,8371.107324380982
645.0,400.0,7705.036867724497
645.0,405.0,7064.868781265797
645.0,410.0,6451.437606807051
645.0,415.0,5865.535133428499
645.0,420.0,5307.912850718317
645.0,425.0,4779.283493495518
645.0,430.0,4280.321602029899
645.0,435.0,3811.663067117527
645.0,440.0,3373.9036743169368
645.0,445.0,2967.596705136373
645.0,450.0,2593.2496943481456
645.0,455.0,2251.320478983517
645.0,460.0,1942.2127067699223
645.0,465.0,1851.4635642114763
645.0,470.0,2053.755694189718
645.0,475.0,2222.9052998974867
645.0,480.0,2347.4688287335753
645.0,485.0,2422.6831423584963
645.0,490.0,2445.9495615828655
645.0,495.0,2416.8722405476656
645.0,500.0,2337.2876479047877
645.0,505.0,2211.278701775306
645.0,510.0,2045.165007956089
645.0,515.0,1850.7815925512523
645.0,520.0,1943.605588188289
645.0,525.0,2222.379518297257
645.0,530.0,2469.524256040901
645.0,535.0,2675.2849569227496
645.0,540.0,2831.9743603561456
645.0,545.0,2934.0252405457836
645.0,550.0,2978.037851184069
645.0,555.0,2962.823332249186
645.0,560.0,2889.440550075897
645.0,565.0,2761.2206780280103
645.0,570.0,2583.7714000102173
645.0,575.0,2364.9512726678413
645.0,580.0,2114.8047505222303
645.0,585.0,1856.5089356877065
645.0,590.0,1930.007411132526
645.0,595.0,2173.575572158421
645.0,600.0,2381.4904216311875
645.0,605.0,2545.471160064318
645.0,610.0,2659.334721248525
645.0,615.0,2719.043705279873
645.0,620.0,2722.749907218084
645.0,625.0,2670.8320493000633
645.0,630.0,2565.9230075971645
645.0,635.0,2412.919127340223
645.0,640.0,2218.962512447689
645.0,645.0,1993.3867290459536
645.0,650.0,1828.7076684770443
645.0,655.0,1956.8798508925438
645.0,660.0,2058.731514301005
645.0,665.0,2114.628739502158
645.0,670.0,2122.679352963292
645.0,675.0,2083.189500928439
645.0,680.0,1998.6862752260558
645.0,685.0,1873.9221539889918
645.0,690.0,1866.569281789994
645.0,695.0,1924.8699830799408
645.0,700.0,1938.1835141610075
645.0,705.0,1906.6004708282826
645.0,710.0,1832.85597458783
645.0,715.0,2007.2340763528164
645.0,720.0,2674.5277238217127
645.0,725.0,3831.245575301318
645.0,730.0,5471.416465708031
645.0,735.0,7586.668054489525
645.0,740.0,10166.324960349628
645.0,745.0,13197.522819751957
645.0,750.0,16665.334767690365
645.0,755.0,20552.907122642857
645.0,760.0,24841.60151781446
645.0,765.0,29511.141310514453
645.0,770.0,34539.76075330594
645.0,775.0,39904.35606783842
645.0,780.0,45580.638155734334
645.0,785.0,48210.17833974241
645.0,790.0,48210.17833974242
645.0,795.0,48210.17833974242
645.0,800.0,48210.178339742415
645.0,805.0,48210.17833974242
645.0,810.0,48210.17833974245
645.0,815.0,48210.17833974242
645.0,820.0,48210.17833974241
645.0,825.0,48210.17833974241
645.0,830.0,48210.178339742415
645.0,835.0,48210.17833974242
645.0,840.0,48210.178339742415
645.0,845.0,48210.17833974245
645.0,850.0,48210.17833974241
645.0,855.0,48210.178339742415
645.0,860.0,48210.17833974238
645.0,865.0,48210.17833974245
645.0,870.0,48210.17833974241
645.0,875.0,48210.17833974242
645.0,880.0,48210.17833974242
645.0,885.0,48210.17833974242
645.0,890.0,48210.17833974242
645.0,895.0,48210.178339742415
645.0,900.0,48210.17833974242
650.0,250.0,37059.26068756227
650.0,255.0,36136.07688691429
650.0,260.0,35192.56759759943
650.0,265.0,34230.2429254957
650.0,270.0,33250.73395307199
650.0,275.0,32255.785164142435
650.0,280.0,31247.24504681486
650.0,285.0,30227.054967997305
650.0,290.0,29197.23647967922
650.0,295.0,28159.87728251076
650.0,300.0,27117.116129874135
650.0,305.0,26071.127003823807
650.0,310.0,25024.102929901408
650.0,315.0,23978.239817420126
650.0,320.0,22935.720715856438
650.0,325.0,21898.700864231596
650.0,330.0,20869.293881433237
650.0,335.0,19849.55939961361
650.0,340.0,18841.492387089664
650.0,345.0,17847.01433943636
650.0,350.0,16867.966445973383
650.0,355.0,15906.104762783836
650.0,360.0,14963.097350781582
650.0,365.0,14040.523267517618
650.0,370.0,13139.873239847846
650.0,375.0,12262.55179311107
650.0,380.0,11409.88057154567
650.0,385.0,10583.102556940166
650.0,390.0,9783.38687773176
650.0,395.0,9011.833897719569
650.0,400.0,8269.480283753837
650.0,405.0,7557.30377167404
650.0,410.0,6876.227380176995
650.0,415.0,6227.122859798163
650.0,420.0,5610.813208597475
650.0,425.0,5028.074134889277
650.0,430.0,4479.634398410856
650.0,435.0,3966.1750140762265
650.0,440.0,3488.3273540006617
650.0,445.0,3046.670232559415
650.0,450.0,2641.7261050833936
650.0,455.0,2273.956550169034
650.0,460.0,1943.7572393975904
650.0,465.0,1851.4635642114742
650.0,470.0,2053.755694189715
650.0,475.0,2222.9052998974867
650.0,480.0,2347.4688287335707
650.0,485.0,2422.683142358498
650.0,490.0,2445.9495615828673
650.0,495.0,2416.872240547663
650.0,500.0,2337.287647904793
650.0,505.0,2211.278701775305
650.0,510.0,2045.1650079560895
650.0,515.0,1850.7815925512516
650.0,520.0,1943.6055881882899
650.0,525.0,2222.3795182972585
650.0,530.0,2469.5242560409006
650.0,535.0,2675.2849569227537
650.0,540.0,2831.9743603561583
650.0,545.0,2934.025240545789
650.0,550.0,2978.0378511840677
650.0,555.0,2962.823332249187
650.0,560.0,2889.440550075891
650.0,565.0,2761.220678028003
650.0,570.0,2583.771400010221
650.0,575.0,2364.9512726678386
650.0,580.0,2114.80475052223
650.0,585.0,1856.5089356877065
650.0,590.0,1930.007411132523
650.0,595.0,2173.5755721584205
650.0,600.0,2381.490421631183
650.0,605.0,2545.471160064317
650.0,610.0,2659.3347212485155
650.0,615.0,2719.0437052798684
650.0,620.0,2722.7499072180844
650.0,625.0,2670.8320493000633
650.0,630.0,2565.923007597169
650.0,635.0,2412.9191273402184
650.0,640.0,2218.96251244769
650.0,645.0,1993.3867290459518
650.0,650.0,1828.7076684770443
650.0,655.0,1956.8798508925395
650.0,660.0,2058.731514301007
650.0,665.0,2114.62873950216
650.0,670.0,2122.6793529632896
650.0,675.0,2083.189500928436
650.0,680.0,1998.6862752260636
650.0,685.0,1873.9221539889904
650.0,690.0,1866.5692817899912
650.0,695.0,1924.8699830799442
650.0,700.0,1938.183514160997
650.0,705.0,1906.600470828272
650.0,710.0,1832.8559745878306
650.0,715.0,2007.234076352821
650.0,720.0,2674.527723821712
650.0,725.0,3831.2455753013146
650.0,730.0,5471.416465708031
650.0,735.0,7586.668054489525
650.0,740.0,10166.324960349628
650.0,745.0,13197.522819751975
650.0,750.0,16665.334767690365
650.0,755.0,20552.907122642853
650.0,760.0,24841.601517814463
650.0,765.0,29511.14131051445
650.0,770.0,34539.76075330595
650.0,775.0,39904.35606783842
650.0,780.0,45580.63815573434
650.0,785.0,51543.2871656366
650.0,790.0,54292.31079492852
650.0,795.0,54292.31079492852
650.0,800.0,54292.310794928475
650.0,805.0,54292.31079492848
650.0,810.0,54292.31079492852
650.0,815.0,54292.310794928475
650.0,820.0,54292.310794928475
650.0,825.0,54292.310794928475
650.0,830.0,54292.31079492848
650.0,835.0,54292.310794928475
650.0,840.0,54292.310794928475
650.0,845.0,54292.31079492851
650.0,850.0,54292.31079492852
650.0,855.0,54292.31079492848
650.0,860.0,54292.31079492852
650.0,865.0,54292.310794928475
650.0,870.0,54292.310794928475
650.0,875.0,54292.31079492852
650.0,880.0,54292.310794928526
650.0,885.0,54292.310794928475
650.0,890.0,54292.310794928475
650.0,895.0,54292.310794928475
650.0,900.0,54292.31079492852
655.0,250.0,41186.31347342408
655.0,255.0,40141.74746249913
655.0,260.0,39074.425653470746
655.0,265.0,37986.099624942006
655.0,270.0,36878.65859039639
655.0,275.0,35754.120323544856
655.0,280.0,34614.61999510186
655.0,285.0,33462.397040531556
655.0,290.0,32299.780255483576
655.0,295.0,31129.17139036413
655.0,300.0,29953.027580742324
655.0,305.0,28773.843003919876
655.0,310.0,27594.13019051131
655.0,315.0,26416.401439426176
655.0,320.0,25243.15078588174
655.0,325.0,24076.83695266045
655.0,330.0,22919.86767793564
655.0,335.0,21774.58575697079
655.0,340.0,20643.25706797995
655.0,345.0,19528.060772295525
655.0,350.0,18431.08179524598
655.0,355.0,17354.305606082355
655.0,360.0,16299.61523203371
655.0,365.0,15268.79036247033
655.0,370.0,14263.508330351735
655.0,375.0,13285.346701645078
655.0,380.0,12335.787159641353
655.0,385.0,11416.220342888488
655.0,390.0,10527.951282375141
655.0,395.0,9672.205084101517
655.0,400.0,8850.132518755187
655.0,405.0,8062.815206753387
655.0,410.0,7311.270125096879
655.0,415.0,6596.453208346008
655.0,420.0,5919.26186919404
655.0,425.0,5280.536321574083
655.0,430.0,4681.059648602844
655.0,435.0,4121.556618132525
655.0,440.0,3602.69130693254
655.0,445.0,3125.063649105456
655.0,450.0,2689.2050743354885
655.0,455.0,2295.5734434319215
655.0,460.0,1944.54752336265
655.0,465.0,1851.463564211473
655.0,470.0,2053.755694189718
655.0,475.0,2222.905299897491
655.0,480.0,2347.4688287335694
655.0,485.0,2422.683142358497
655.0,490.0,2445.9495615828664
655.0,495.0,2416.872240547664
655.0,500.0,2337.2876479047995
655.0,505.0,2211.2787017753
655.0,510.0,2045.1650079561048
655.0,515.0,1850.781592551247
655.0,520.0,1943.605588188289
655.0,525.0,2222.3795182972635
655.0,530.0,2469.524256040895
655.0,535.0,2675.284956922748
655.0,540.0,2831.974360356153
655.0,545.0,2934.0252405457813
655.0,550.0,2978.0378511840645
655.0,555.0,2962.823332249187
655.0,560.0,2889.4405500758908
655.0,565.0,2761.2206780280076
655.0,570.0,2583.771400010216
655.0,575.0,2364.9512726678336
655.0,580.0,2114.804750522233
655.0,585.0,1856.508935687708
655.0,590.0,1930.0074111325323
655.0,595.0,2173.5755721584146
655.0,600.0,2381.490421631189
655.0,605.0,2545.471160064319
655.0,610.0,2659.3347212485146
655.0,615.0,2719.043705279873
655.0,620.0,2722.74990721808
655.0,625.0,2670.832049300065
655.0,630.0,2565.923007597164
655.0,635.0,2412.9191273402175
655.0,640.0,2218.962512447691
655.0,645.0,1993.3867290459507
655.0,650.0,1828.7076684770445
655.0,655.0,1956.8798508925463
655.0,660.0,2058.731514301005
655.0,665.0,2114.6287395021645
655.0,670.0,2122.6793529632937
655.0,675.0,2083.189500928437
655.0,680.0,1998.6862752260613
655.0,685.0,1873.9221539889907
655.0,690.0,1866.5692817899892
655.0,695.0,1924.8699830799471
655.0,700.0,1938.1835141610036
655.0,705.0,1906.6004708282783
655.0,710.0,1832.8559745878265
655.0,715.0,2007.2340763528161
655.0,720.0,2674.527723821711
655.0,725.0,3831.2455753013205
655.0,730.0,5471.416465708033
655.0,735.0,7586.668054489527
655.0,740.0,10166.324960349604
655.0,745.0,13197.522819751975
655.0,750.0,16665.334767690387
655.0,755.0,20552.907122642853
655.0,760.0,24841.60151781446
655.0,765.0,29511.141310514453
655.0,770.0,34539.76075330594
655.0,775.0,39904.356067838424
655.0,780.0,45580.63815573434
655.0,785.0,51543.28716563661
655.0,790.0,57766.10946486488
655.0,795.0,60622.67501554006
655.0,800.0,60622.67501554005
655.0,805.0,60622.67501554006
655.0,810.0,60622.675015540095
655.0,815.0,60622.67501554005
655.0,820.0,60622.675015540066
655.0,825.0,60622.67501554006
655.0,830.0,60622.675015540066
655.0,835.0,60622.67501554005
655.0,840.0,60622.67501554006
655.0,845.0,60622.675015540066
655.0,850.0,60622.67501554005
655.0,855.0,60622.67501554008
655.0,860.0,60622.675015540066
655.0,865.0,60622.675015540095
655.0,870.0,60622.675015540066
655.0,875.0,60622.67501554005
655.0,880.0,60622.67501554008
655.0,885.0,60622.675015540066
655.0,890.0,60622.675015540095
655.0,895.0,60622.67501554006
655.0,900.0,60622.67501554005
660.0,250.0,45493.64130386014
660.0,255.0,44322.59129707355
660.0,260.0,43126.15217228052
660.0,265.0,41906.33043630347
660.0,270.0,40665.28847247411
660.0,275.0,39405.333861764535
660.0,280.0,38128.906325344105
660.0,285.0,36838.562436656146
660.0,290.0,35536.958339454286
660.0,295.0,34226.830793105444
660.0,300.0,32910.97693984645
660.0,305.0,31592.23324808226
660.0,310.0,30273.454127310884
660.0,315.0,28957.490729571542
660.0,320.0,27647.170450330126
660.0,325.0,26345.277615983257
660.0,330.0,25054.535799494173
660.0,335.0,23777.592138487198
660.0,340.0,22517.0039507986
660.0,345.0,21275.227848913568
660.0,350.0,20054.61145779048
660.0,355.0,18857.387739681948
660.0,360.0,17685.67183502775
660.0,365.0,16541.46023966969
660.0,370.0,15426.63206238072
660.0,375.0,14342.952045195645
660.0,380.0,13292.074982649221
660.0,385.0,12275.551147760118
660.0,390.0,11294.83232178929
660.0,395.0,10351.278029560357
660.0,400.0,9446.161603897746
660.0,405.0,8580.67573675198
660.0,410.0,7755.937221382204
660.0,415.0,6972.990644985498
660.0,420.0,6232.810853789997
660.0,425.0,5536.304079379548
660.0,430.0,4884.307683111661
660.0,435.0,4277.58854390138
660.0,440.0,3716.840179622925
660.0,445.0,3202.678752265597
660.0,450.0,2735.638160709687
660.0,455.0,2316.1644687126345
660.0,460.0,1944.6706247274153
660.0,465.0,1851.46356421147
660.0,470.0,2053.755694189725
660.0,475.0,2222.905299897491
660.0,480.0,2347.4688287335716
660.0,485.0,2422.6831423585045
660.0,490.0,2445.9495615828564
660.0,495.0,2416.8722405476665
660.0,500.0,2337.2876479047923
660.0,505.0,2211.278701775305
660.0,510.0,2045.165007956094
660.0,515.0,1850.781592551253
660.0,520.0,1943.605588188288
660.0,525.0,2222.379518297255
660.0,530.0,2469.524256040902
660.0,535.0,2675.284956922746
660.0,540.0,2831.9743603561597
660.0,545.0,2934.0252405457863
660.0,550.0,2978.037851184065
660.0,555.0,2962.8233322491856
660.0,560.0,2889.440550075898
660.0,565.0,2761.22067802801
660.0,570.0,2583.771400010221
660.0,575.0,2364.951272667838
660.0,580.0,2114.8047505222366
660.0,585.0,1856.5089356877072
660.0,590.0,1930.007411132527
660.0,595.0,2173.575572158418
660.0,600.0,2381.4904216311907
660.0,605.0,2545.47116006432
660.0,610.0,2659.3347212485187
660.0,615.0,2719.0437052798684
660.0,620.0,2722.7499072180876
660.0,625.0,2670.8320493000624
660.0,630.0,2565.923007597169
660.0,635.0,2412.9191273402243
660.0,640.0,2218.96251244769
660.0,645.0,1993.3867290459505
660.0,650.0,1828.7076684770445
660.0,655.0,1956.8798508925418
660.0,660.0,2058.731514301007
660.0,665.0,2114.6287395021563
660.0,670.0,2122.6793529632923
660.0,675.0,2083.18950092844
660.0,680.0,1998.6862752260588
660.0,685.0,1873.9221539889904
660.0,690.0,1866.5692817899933
660.0,695.0,1924.869983079946
660.0,700.0,1938.183514160997
660.0,705.0,1906.600470828279
660.0,710.0,1832.8559745878304
660.0,715.0,2007.2340763528173
660.0,720.0,2674.52772382171
660.0,725.0,3831.245575301323
660.0,730.0,5471.416465708032
660.0,735.0,7586.668054489525
660.0,740.0,10166.324960349628
660.0,745.0,13197.522819751974
660.0,750.0,16665.334767690383
660.0,755.0,20552.907122642853
660.0,760.0,24841.60151781446
660.0,765.0,29511.141310514453
660.0,770.0,34539.76075330592
660.0,775.0,39904.35606783842
660.0,780.0,45580.63815573435
660.0,785.0,51543.28716563661
660.0,790.0,57766.109464864865
660.0,795.0,64222.19771079529
660.0,800.0,67174.09772002089
660.0,805.0,67174.09772002089
660.0,810.0,67174.09772002087
660.0,815.0,67174.09772002087
660.0,820.0,67174.09772002084
660.0,825.0,67174.09772002089
660.0,830.0,67174.09772002084
660.0,835.0,67174.09772002087
660.0,840.0,67174.09772002086
660.0,845.0,67174.0977200209
660.0,850.0,67174.09772002089
660.0,855.0,67174.09772002089
660.0,860.0,67174.0977200209
660.0,865.0,67174.09772002089
660.0,870.0,67174.09772002089
660.0,875.0,67174.09772002089
660.0,880.0,67174.09772002089
660.0,885.0,67174.0977200209
660.0,890.0,67174.0977200209
660.0,895.0,67174.09772002084
660.0,900.0,67174.09772002086
665.0,250.0,49970.17572898387
665.0,255.0,48668.127023209745
665.0,260.0,47337.841611264594
665.0,265.0,45981.592778133905
665.0,270.0,44601.82962114407
665.0,275.0,43201.16467784208
665.0,280.0,41782.3588605361
665.0,285.0,40348.30387617772
665.0,290.0,38902.0024106486
665.0,295.0,37446.54645228973
665.0,300.0,35985.094211622374
665.0,305.0,34520.84615977606
665.0,310.0,33057.020752762706
665.0,315.0,31596.830427714798
665.0,320.0,30143.45845163814
665.0,325.0,28700.03717059955
665.0,330.0,27269.62815204852
665.0,335.0,25855.204633707213
665.0,340.0,24459.636599852685
665.0,345.0,23085.678697834526
665.0,350.0,21735.96109664069
665.0,355.0,20412.98327480016
665.0,360.0,19119.110618467577
665.0,365.0,17856.573611545908
665.0,370.0,16627.46931577233
665.0,375.0,15433.764772179222
665.0,380.0,14277.301906556411
665.0,385.0,13159.803493629344
665.0,390.0,12082.879726712967
665.0,395.0,11048.034949319672
665.0,400.0,10056.67413394377
665.0,405.0,9110.10873555028
665.0,410.0,8209.561603529219
665.0,415.0,7356.170700801444
665.0,420.0,6550.99145150644
665.0,425.0,5794.997615252774
665.0,430.0,5089.080663062117
665.0,435.0,4434.047706624333
665.0,440.0,3830.618104094192
665.0,445.0,3279.418930528378
665.0,450.0,2780.9795579863553
665.0,455.0,2335.725635158614
665.0,460.0,1944.6706247274117
665.0,465.0,1851.463564211477
665.0,470.0,2053.7556941897165
665.0,475.0,2222.9052998974826
665.0,480.0,2347.4688287335694
665.0,485.0,2422.683142358504
665.0,490.0,2445.9495615828696
665.0,495.0,2416.8722405476688
665.0,500.0,2337.287647904792
665.0,505.0,2211.278701775304
665.0,510.0,2045.1650079560866
665.0,515.0,1850.781592551248
665.0,520.0,1943.6055881882935
665.0,525.0,2222.379518297256
665.0,530.0,2469.5242560408988
665.0,535.0,2675.284956922748
665.0,540.0,2831.974360356148
665.0,545.0,2934.025240545785
665.0,550.0,2978.037851184071
665.0,555.0,2962.823332249186
665.0,560.0,2889.440550075899
665.0,565.0,2761.2206780280076
665.0,570.0,2583.771400010221
665.0,575.0,2364.951272667839
665.0,580.0,2114.804750522232
665.0,585.0,1856.5089356877083
665.0,590.0,1930.0074111325232
665.0,595.0,2173.575572158418
665.0,600.0,2381.4904216311875
665.0,605.0,2545.471160064322
665.0,610.0,2659.334721248519
665.0,615.0,2719.0437052798716
665.0,620.0,2722.7499072180817
665.0,625.0,2670.832049300053
665.0,630.0,2565.9230075971645
665.0,635.0,2412.9191273402184
665.0,640.0,2218.96251244769
665.0,645.0,1993.3867290459505
665.0,650.0,1828.7076684770448
665.0,655.0,1956.8798508925404
665.0,660.0,2058.731514301007
665.0,665.0,2114.6287395021614
665.0,670.0,2122.6793529632896
665.0,675.0,2083.189500928439
665.0,680.0,1998.6862752260554
665.0,685.0,1873.9221539889909
665.0,690.0,1866.569281789993
665.0,695.0,1924.869983079947
665.0,700.0,1938.1835141609922
665.0,705.0,1906.6004708282796
665.0,710.0,1832.8559745878306
665.0,715.0,2007.2340763528164
665.0,720.0,2674.527723821712
665.0,725.0,3831.2455753013196
665.0,730.0,5471.416465708034
665.0,735.0,7586.6680544895235
665.0,740.0,10166.324960349628
665.0,745.0,13197.522819751955
665.0,750.0,16665.334767690387
665.0,755.0,20552.907122642857
665.0,760.0,24841.60151781446
665.0,765.0,29511.141310514453
665.0,770.0,34539.76075330594
665.0,775.0,39904.35606783839
665.0,780.0,45580.63815573434
665.0,785.0,51543.28716563661
665.0,790.0,57766.10946486487
665.0,795.0,64222.19771079531
665.0,800.0,70884.09467786911
665.0,805.0,73918.93026647776
665.0,810.0,73918.93026647776
665.0,815.0,73918.93026647776
665.0,820.0,73918.93026647776
665.0,825.0,73918.93026647776
665.0,830.0,73918.93026647776
665.0,835.0,73918.93026647776
665.0,840.0,73918.93026647778
665.0,845.0,73918.93026647776
665.0,850.0,73918.93026647776
665.0,855.0,73918.93026647778
665.0,860.0,73918.93026647778
665.0,865.0,73918.93026647776
665.0,870.0,73918.93026647776
665.0,875.0,73918.93026647776
665.0,880.0,73918.93026647776
665.0,885.0,73918.9302664778
665.0,890.0,73918.9302664778
665.0,895.0,73918.93026647776
665.0,900.0,73918.93026647776
670.0,250.0,54603.95220673067
670.0,255.0,53167.004642967586
670.0,260.0,51698.74891646846
670.0,265.0,50201.735134001516
670.0,270.0,48678.710947428466
670.0,275.0,47132.607418200576
670.0,280.0,45566.521847491866
670.0,285.0,43983.697782833515
670.0,290.0,42387.50252544035
670.0,295.0,40781.40256992221
670.0,300.0,39168.93749958422
670.0,305.0,37553.69293271963
670.0,310.0,35939.27316329264
670.0,315.0,34329.27415802933
670.0,320.0,32727.2575625182
670.0,325.0,31136.726328883025
670.0,330.0,29561.102512125297
670.0,335.0,28003.707690035375
670.0,340.0,26467.74635476451
670.0,345.0,24956.292500805288
670.0,350.0,23472.27950811256
670.0,355.0,22018.49329014802
670.0,360.0,20597.568557657964
670.0,365.0,19211.987939404164
670.0,370.0,17864.0836092416
670.0,375.0,16556.04099741975
670.0,380.0,15289.904113003098
670.0,385.0,14067.581977155985
670.0,390.0,12890.855662507942
670.0,395.0,11761.385449174966
670.0,400.0,10680.717644504484
670.0,405.0,9650.290665000564
670.0,410.0,8671.440045324645
670.0,415.0,7745.402114803757
670.0,420.0,6873.316165324682
670.0,425.0,6056.225021274851
670.0,430.0,5295.074008637246
670.0,435.0,4590.708404932168
670.0,440.0,3943.8695297419195
670.0,445.0,3355.189704967882
670.0,450.0,2825.186373433532
670.0,455.0,2354.2557095498596
670.0,460.0,1944.6706247274162
670.0,465.0,1851.463564211477
670.0,470.0,2053.755694189718
670.0,475.0,2222.9052998974894
670.0,480.0,2347.468828733572
670.0,485.0,2422.683142358497
670.0,490.0,2445.9495615828705
670.0,495.0,2416.872240547666
670.0,500.0,2337.287647904796
670.0,505.0,2211.2787017753058
670.0,510.0,2045.165007956087
670.0,515.0,1850.7815925512468
670.0,520.0,1943.605588188289
670.0,525.0,2222.3795182972576
670.0,530.0,2469.5242560408974
670.0,535.0,2675.284956922748
670.0,540.0,2831.974360356153
670.0,545.0,2934.025240545784
670.0,550.0,2978.0378511840668
670.0,555.0,2962.8233322491856
670.0,560.0,2889.440550075888
670.0,565.0,2761.2206780280076
670.0,570.0,2583.7714000102205
670.0,575.0,2364.951272667832
670.0,580.0,2114.804750522229
670.0,585.0,1856.5089356877106
670.0,590.0,1930.0074111325255
670.0,595.0,2173.57557215842
670.0,600.0,2381.490421631185
670.0,605.0,2545.471160064316
670.0,610.0,2659.334721248527
670.0,615.0,2719.0437052798675
670.0,620.0,2722.7499072180844
670.0,625.0,2670.8320493000583
670.0,630.0,2565.923007597164
670.0,635.0,2412.919127340222
670.0,640.0,2218.96251244769
670.0,645.0,1993.3867290459484
670.0,650.0,1828.7076684770443
670.0,655.0,1956.8798508925404
670.0,660.0,2058.731514301005
670.0,665.0,2114.6287395021645
670.0,670.0,2122.679352963288
670.0,675.0,2083.189500928436
670.0,680.0,1998.6862752260586
670.0,685.0,1873.9221539889863
670.0,690.0,1866.5692817899917
670.0,695.0,1924.8699830799465
670.0,700.0,1938.183514161005
670.0,705.0,1906.600470828284
670.0,710.0,1832.8559745878272
670.0,715.0,2007.2340763528164
670.0,720.0,2674.527723821716
670.0,725.0,3831.245575301316
670.0,730.0,5471.416465708031
670.0,735.0,7586.668054489524
670.0,740.0,10166.324960349628
670.0,745.0,13197.522819751954
670.0,750.0,16665.334767690383
670.0,755.0,20552.907122642853
670.0,760.0,24841.601517814433
670.0,765.0,29511.141310514453
670.0,770.0,34539.76075330594
670.0,775.0,39904.356067838424
670.0,780.0,45580.638155734334
670.0,785.0,51543.28716563661
670.0,790.0,57766.1094648649
670.0,795.0,64222.19771079529
670.0,800.0,70884.09467786914
670.0,805.0,77723.96126824796
670.0,810.0,80829.21857373124
670.0,815.0,80829.21857373124
670.0,820.0,80829.21857373125
670.0,825.0,80829.21857373122
670.0,830.0,80829.21857373122
670.0,835.0,80829.21857373128
670.0,840.0,80829.21857373124
670.0,845.0,80829.21857373124
670.0,850.0,80829.21857373124
670.0,855.0,80829.21857373124
670.0,860.0,80829.21857373128
670.0,865.0,80829.21857373125
670.0,870.0,80829.2185737313
670.0,875.0,80829.21857373125
670.0,880.0,80829.21857373122
670.0,885.0,80829.21857373122
670.0,890.0,80829.21857373124
670.0,895.0,80829.21857373122
670.0,900.0,80829.21857373124
675.0,250.0,59382.16066450356
675.0,255.0,57807.05089077495
675.0,260.0,56197.329981958166
675.0,265.0,54555.832921243746
675.0,270.0,52885.615857020624
675.0,275.0,51189.94015575887
675.0,280.0,49472.25305184911
675.0,285.0,47736.16513852866
675.0,290.0,45985.425071227255
675.0,295.0,44223.8919747734
675.0,300.0,42455.506147549946
675.0,305.0,40684.25873508296
675.0,310.0,38914.161097247386
675.0,315.0,37149.21461162059
675.0,320.0,35393.38164208456
675.0,325.0,33650.55835392511
675.0,330.0,31924.549980358275
675.0,335.0,30219.049039515707
675.0,340.0,28537.616879058052
675.0,345.0,26883.668785984053
675.0,350.0,25260.462757347712
675.0,355.0,23671.091883454625
675.0,360.0,22118.480162994987
675.0,365.0,20605.381448941887
675.0,370.0,19134.381124096533
675.0,375.0,17707.900028630145
675.0,380.0,16328.20010899079
675.0,385.0,14997.391231538573
675.0,390.0,13717.438603713168
675.0,395.0,12490.170267196221
675.0,400.0,11317.28417250515
675.0,405.0,10200.354405676095
675.0,410.0,9140.836215066012
675.0,415.0,8140.069573085666
675.0,420.0,7199.281102342976
675.0,425.0,6319.584293029772
675.0,430.0,5501.97803426924
675.0,435.0,4747.343574741864
675.0,440.0,4056.4401120592324
675.0,445.0,3429.8992837618553
675.0,450.0,2868.218894052792
675.0,455.0,2371.7562547943385
675.0,460.0,1944.6706247274099
675.0,465.0,1851.4635642114702
675.0,470.0,2053.7556941897124
675.0,475.0,2222.9052998974857
675.0,480.0,2347.4688287335757
675.0,485.0,2422.683142358497
675.0,490.0,2445.9495615828687
675.0,495.0,2416.872240547663
675.0,500.0,2337.287647904797
675.0,505.0,2211.2787017752985
675.0,510.0,2045.1650079560861
675.0,515.0,1850.7815925512525
675.0,520.0,1943.6055881882903
675.0,525.0,2222.379518297258
675.0,530.0,2469.5242560408997
675.0,535.0,2675.2849569227496
675.0,540.0,2831.9743603561574
675.0,545.0,2934.0252405457877
675.0,550.0,2978.0378511840686
675.0,555.0,2962.8233322491874
675.0,560.0,2889.440550075891
675.0,565.0,2761.2206780280076
675.0,570.0,2583.7714000102214
675.0,575.0,2364.9512726678386
675.0,580.0,2114.804750522226
675.0,585.0,1856.5089356877065
675.0,590.0,1930.0074111325298
675.0,595.0,2173.575572158418
675.0,600.0,2381.4904216311893
675.0,605.0,2545.471160064322
675.0,610.0,2659.33472124852
675.0,615.0,2719.0437052798716
675.0,620.0,2722.7499072180854
675.0,625.0,2670.8320493000556
675.0,630.0,2565.923007597167
675.0,635.0,2412.919127340223
675.0,640.0,2218.9625124476906
675.0,645.0,1993.3867290459546
675.0,650.0,1828.7076684770443
675.0,655.0,1956.8798508925433
675.0,660.0,2058.731514301005
675.0,665.0,2114.6287395021645
675.0,670.0,2122.6793529632937
675.0,675.0,2083.189500928436
675.0,680.0,1998.6862752260608
675.0,685.0,1873.922153988989
675.0,690.0,1866.569281789993
675.0,695.0,1924.8699830799403
675.0,700.0,1938.1835141609954
675.0,705.0,1906.60047082828
675.0,710.0,1832.8559745878304
675.0,715.0,2007.23407635282
675.0,720.0,2674.5277238217127
675.0,725.0,3831.245575301316
675.0,730.0,5471.416465708031
675.0,735.0,7586.668054489525
675.0,740.0,10166.324960349628
675.0,745.0,13197.522819751975
675.0,750.0,16665.334767690365
675.0,755.0,20552.907122642853
675.0,760.0,24841.60151781446
675.0,765.0,29511.141310514453
675.0,770.0,34539.76075330594
675.0,775.0,39904.35606783842
675.0,780.0,45580.63815573434
675.0,785.0,51543.28716563661
675.0,790.0,57766.109464864865
675.0,795.0,64222.197710795306
675.0,800.0,70884.09467786911
675.0,805.0,77723.96126824795
675.0,810.0,84713.74875548686
675.0,815.0,87876.87713806445
675.0,820.0,87876.87713806442
675.0,825.0,87876.87713806445
675.0,830.0,87876.87713806445
675.0,835.0,87876.87713806445
675.0,840.0,87876.87713806445
675.0,845.0,87876.87713806445
675.0,850.0,87876.87713806445
675.0,855.0,87876.87713806445
675.0,860.0,87876.87713806443
675.0,865.0,87876.87713806445
675.0,870.0,87876.87713806446
675.0,875.0,87876.87713806445
675.0,880.0,87876.87713806445
675.0,885.0,87876.87713806442
675.0,890.0,87876.87713806445
675.0,895.0,87876.87713806445
675.0,900.0,87876.87713806445
680.0,250.0,64291.21088718067
680.0,255.0,62575.32900025923
680.0,260.0,60821.29605667321
680.0,265.0,59032.23782175621
680.0,270.0,57211.526807568815
680.0,275.0,55362.764490612375
680.0,280.0,53489.75972896007
680.0,285.0,51596.50365668134
680.0,290.0,49687.141475476965
680.0,295.0,47765.941697084214
680.0,300.0,45837.263502610134
680.0,305.0,43905.52297220378
680.0,310.0,41975.15899432331
680.0,315.0,40050.59968213781
680.0,320.0,38136.23010711714
680.0,325.0,36236.36210390512
680.0,330.0,34355.20681290781
680.0,335.0,32496.850506752762
680.0,340.0,30665.23410908185
680.0,345.0,28864.136657447096
680.0,350.0,27097.16280357614
680.0,355.0,25367.73428419876
680.0,360.0,23679.08514977493
680.0,365.0,22034.260406355894
680.0,370.0,20436.117617509
680.0,375.0,18887.33093165713
680.0,380.0,17390.396945371704
680.0,385.0,15947.64178865627
680.0,390.0,14561.228822172223
680.0,395.0,13233.166364937402
680.0,400.0,11965.314925167148
680.0,405.0,10759.393478681608
680.0,410.0,9616.984428263773
680.0,415.0,8539.536975949553
680.0,420.0,7528.368746544422
680.0,425.0,6584.665608835391
680.0,430.0,5709.479746321328
680.0,435.0,4903.726129704368
680.0,440.0,4168.177633210533
680.0,445.0,3503.459113541105
680.0,450.0,2910.0408323965785
680.0,455.0,2388.2316462047306
680.0,460.0,1944.6706247274117
680.0,465.0,1851.463564211477
680.0,470.0,2053.75569418972
680.0,475.0,2222.9052998974876
680.0,480.0,2347.4688287335757
680.0,485.0,2422.683142358497
680.0,490.0,2445.9495615828655
680.0,495.0,2416.8722405476633
680.0,500.0,2337.2876479047954
680.0,505.0,2211.278701775304
680.0,510.0,2045.1650079560934
680.0,515.0,1850.7815925512525
680.0,520.0,1943.6055881882912
680.0,525.0,2222.379518297261
680.0,530.0,2469.5242560408997
680.0,535.0,2675.284956922748
680.0,540.0,2831.974360356153
680.0,545.0,2934.025240545788
680.0,550.0,2978.037851184066
680.0,555.0,2962.823332249187
680.0,560.0,2889.4405500758903
680.0,565.0,2761.2206780280076
680.0,570.0,2583.771400010217
680.0,575.0,2364.9512726678377
680.0,580.0,2114.8047505222303
680.0,585.0,1856.508935687706
680.0,590.0,1930.0074111325255
680.0,595.0,2173.575572158418
680.0,600.0,2381.490421631187
680.0,605.0,2545.4711600643213
680.0,610.0,2659.334721248515
680.0,615.0,2719.0437052798684
680.0,620.0,2722.7499072180854
680.0,625.0,2670.832049300066
680.0,630.0,2565.923007597166
680.0,635.0,2412.919127340223
680.0,640.0,2218.962512447692
680.0,645.0,1993.386729045949
680.0,650.0,1828.7076684770439
680.0,655.0,1956.8798508925427
680.0,660.0,2058.731514301005
680.0,665.0,2114.6287395021636
680.0,670.0,2122.679352963289
680.0,675.0,2083.189500928436
680.0,680.0,1998.6862752260645
680.0,685.0,1873.9221539889909
680.0,690.0,1866.5692817899894
680.0,695.0,1924.8699830799496
680.0,700.0,1938.183514160996
680.0,705.0,1906.6004708282796
680.0,710.0,1832.8559745878272
680.0,715.0,2007.2340763528173
680.0,720.0,2674.5277238217145
680.0,725.0,3831.245575301318
680.0,730.0,5471.416465708031
680.0,735.0,7586.6680544895235
680.0,740.0,10166.324960349628
680.0,745.0,13197.522819751957
680.0,750.0,16665.334767690365
680.0,755.0,20552.907122642857
680.0,760.0,24841.60151781446
680.0,765.0,29511.141310514453
680.0,770.0,34539.76075330592
680.0,775.0,39904.356067838424
680.0,780.0,45580.638155734334
680.0,785.0,51543.28716563661
680.0,790.0,57766.109464864865
680.0,795.0,64222.19771079529
680.0,800.0,70884.0946778691
680.0,805.0,77723.96126824795
680.0,810.0,84713.74875548686
680.0,815.0,91825.37479983502
680.0,820.0,95033.86643395864
680.0,825.0,95033.86643395855
680.0,830.0,95033.8664339586
680.0,835.0,95033.8664339586
680.0,840.0,95033.86643395857
680.0,845.0,95033.86643395858
680.0,850.0,95033.86643395857
680.0,855.0,95033.8664339586
680.0,860.0,95033.8664339586
680.0,865.0,95033.86643395855
680.0,870.0,95033.8664339586
680.0,875.0,95033.8664339586
680.0,880.0,95033.8664339586
680.0,885.0,95033.86643395855
680.0,890.0,95033.8664339586
680.0,895.0,95033.8664339586
680.0,900.0,95033.86643395858
685.0,250.0,69316.81264765873
685.0,255.0,67458.21285516628
685.0,260.0,65557.68213472485
685.0,265.0,63618.64065779244
685.0,270.0,61644.78293936418
685.0,275.0,59640.05822409003
685.0,280.0,57608.646644492466
685.0,285.0,55554.931462709996
685.0,290.0,53483.4678650525
685.0,295.0,51398.9489268051
685.0,300.0,49306.169489165506
685.0,305.0,47209.98878605795
685.0,310.0,45115.29271913434
685.0,315.0,43026.95669782487
685.0,320.0,40949.80993985128
685.0,325.0,38888.60206340407
685.0,330.0,36847.97270280105
685.0,335.0,34832.424744231525
685.0,340.0,32846.30162398923
685.0,345.0,30893.768957046086
685.0,350.0,28978.80058791917
685.0,355.0,27105.168979068672
685.0,360.0,25276.43969188797
685.0,365.0,23495.969571326048
685.0,370.0,21766.908128270392
685.0,375.0,20092.20152714376
685.0,380.0,18474.598529656407
685.0,385.0,16916.657722973923
685.0,390.0,15420.755369412855
685.0,395.0,13989.093250837926
685.0,400.0,12623.7059448711
685.0,405.0,11326.467052934368
685.0,410.0,10099.09400128753
685.0,415.0,8943.15114711009
685.0,420.0,7860.051039971233
685.0,425.0,6851.053808170319
685.0,430.0,5917.26475417735
685.0,435.0,5059.630351333948
685.0,440.0,4278.932928924702
685.0,445.0,3575.7844120217605
685.0,450.0,2950.619544586166
685.0,455.0,2403.6890641679906
685.0,460.0,1944.6706247274162
685.0,465.0,1851.4635642114756
685.0,470.0,2053.75569418972
685.0,475.0,2222.9052998974876
685.0,480.0,2347.4688287335725
685.0,485.0,2422.683142358501
685.0,490.0,2445.9495615828696
685.0,495.0,2416.872240547668
685.0,500.0,2337.2876479047945
685.0,505.0,2211.2787017753003
685.0,510.0,2045.165007956087
685.0,515.0,1850.7815925512523
685.0,520.0,1943.6055881882885
685.0,525.0,2222.379518297258
685.0,530.0,2469.524256040898
685.0,535.0,2675.284956922746
685.0,540.0,2831.9743603561524
685.0,545.0,2934.025240545782
685.0,550.0,2978.0378511840595
685.0,555.0,2962.8233322491947
685.0,560.0,2889.4405500758908
685.0,565.0,2761.2206780280076
685.0,570.0,2583.77140001022
685.0,575.0,2364.951272667832
685.0,580.0,2114.804750522227
685.0,585.0,1856.5089356877083
685.0,590.0,1930.0074111325212
685.0,595.0,2173.5755721584196
685.0,600.0,2381.4904216311847
685.0,605.0,2545.471160064319
685.0,610.0,2659.3347212485223
685.0,615.0,2719.043705279867
685.0,620.0,2722.7499072180763
685.0,625.0,2670.8320493000624
685.0,630.0,2565.923007597169
685.0,635.0,2412.919127340217
685.0,640.0,2218.9625124476947
685.0,645.0,1993.3867290459527
685.0,650.0,1828.7076684770443
685.0,655.0,1956.8798508925408
685.0,660.0,2058.731514301007
685.0,665.0,2114.628739502158
685.0,670.0,2122.6793529632882
685.0,675.0,2083.189500928436
685.0,680.0,1998.6862752260577
685.0,685.0,1873.9221539889882
685.0,690.0,1866.5692817899967
685.0,695.0,1924.8699830799405
685.0,700.0,1938.1835141610015
685.0,705.0,1906.6004708282785
685.0,710.0,1832.8559745878279
685.0,715.0,2007.2340763528173
685.0,720.0,2674.527723821714
685.0,725.0,3831.245575301317
685.0,730.0,5471.416465708031
685.0,735.0,7586.668054489527
685.0,740.0,10166.324960349604
685.0,745.0,13197.522819751975
685.0,750.0,16665.334767690383
685.0,755.0,20552.907122642857
685.0,760.0,24841.60151781446
685.0,765.0,29511.141310514453
685.0,770.0,34539.76075330594
685.0,775.0,39904.356067838424
685.0,780.0,45580.63815573435
685.0,785.0,51543.28716563661
685.0,790.0,57766.10946486486
685.0,795.0,64222.197710795306
685.0,800.0,70884.0946778691
685.0,805.0,77723.96126824795
685.0,810.0,84713.74875548683
685.0,815.0,91825.37479983502
685.0,820.0,99030.90220389007
685.0,825.0,102272.3723992279
685.0,830.0,102272.37239922787
685.0,835.0,102272.3723992279
685.0,840.0,102272.37239922782
685.0,845.0,102272.3723992279
685.0,850.0,102272.37239922787
685.0,855.0,102272.3723992279
685.0,860.0,102272.3723992279
685.0,865.0,102272.3723992279
685.0,870.0,102272.3723992279
685.0,875.0,102272.3723992279
685.0,880.0,102272.3723992279
685.0,885.0,102272.37239922785
685.0,890.0,102272.3723992279
685.0,895.0,102272.3723992279
685.0,900.0,102272.3723992279
690.0,250.0,74444.0698772109
690.0,255.0,72441.4749073997
690.0,260.0,70392.92879071171
690.0,265.0,68302.14734526907
690.0,270.0,66173.15037499306
690.0,275.0,64010.24025686563
690.0,280.0,61817.97584265508
690.0,285.0,59601.14201913555
690.0,290.0,57364.71544550707
690.0,295.0,55113.827150392826
690.0,300.0,52853.722808057246
690.0,305.0,50589.721618810545
690.0,310.0,48327.17478454956
690.0,315.0,46071.42458968038
690.0,320.0,43827.765072503855
690.0,325.0,41601.40519967506
690.0,330.0,39397.43534501955
690.0,335.0,37220.79772340637
690.0,340.0,35076.261259096405
690.0,345.0,32968.401174912055
690.0,350.0,30901.583394584104
690.0,355.0,28879.95365661547
690.0,360.0,26907.43106293916
690.0,365.0,24987.705629274587
690.0,370.0,23124.23927830099
690.0,375.0,21320.269624911674
690.0,380.0,19578.815844700304
690.0,385.0,17902.685896235478
690.0,390.0,16294.484381875447
690.0,395.0,14756.620375922317
690.0,400.0,13291.314623205755
690.0,405.0,11900.60560581002
690.0,410.0,10586.354089471168
690.0,415.0,9350.245884740934
690.0,420.0,8193.7926885199
690.0,425.0,7118.331001700402
690.0,430.0,6125.019242612519
690.0,435.0,5214.8332909855435
690.0,440.0,4388.560796556601
690.0,445.0,3646.794667441831
690.0,450.0,2989.926214367659
690.0,455.0,2418.1384627182806
690.0,460.0,1944.6706247274099
690.0,465.0,1851.4635642114763
690.0,470.0,2053.7556941897124
690.0,475.0,2222.9052998974876
690.0,480.0,2347.4688287335707
690.0,485.0,2422.6831423584963
690.0,490.0,2445.9495615828673
690.0,495.0,2416.872240547659
690.0,500.0,2337.2876479047936
690.0,505.0,2211.2787017753003
690.0,510.0,2045.1650079560902
690.0,515.0,1850.7815925512516
690.0,520.0,1943.6055881882921
690.0,525.0,2222.3795182972567
690.0,530.0,2469.5242560408974
690.0,535.0,2675.2849569227537
690.0,540.0,2831.974360356153
690.0,545.0,2934.025240545785
690.0,550.0,2978.037851184068
690.0,555.0,2962.823332249188
690.0,560.0,2889.4405500758917
690.0,565.0,2761.2206780280076
690.0,570.0,2583.7714000102183
690.0,575.0,2364.9512726678386
690.0,580.0,2114.804750522228
690.0,585.0,1856.5089356877065
690.0,590.0,1930.007411132526
690.0,595.0,2173.575572158421
690.0,600.0,2381.4904216311884
690.0,605.0,2545.4711600643213
690.0,610.0,2659.3347212485146
690.0,615.0,2719.0437052798684
690.0,620.0,2722.7499072180854
690.0,625.0,2670.8320493000556
690.0,630.0,2565.9230075971723
690.0,635.0,2412.919127340223
690.0,640.0,2218.9625124476893
690.0,645.0,1993.386729045953
690.0,650.0,1828.7076684770439
690.0,655.0,1956.8798508925458
690.0,660.0,2058.731514301005
690.0,665.0,2114.6287395021654
690.0,670.0,2122.679352963296
690.0,675.0,2083.1895009284426
690.0,680.0,1998.6862752260586
690.0,685.0,1873.9221539889909
690.0,690.0,1866.5692817899883
690.0,695.0,1924.8699830799442
690.0,700.0,1938.1835141609938
690.0,705.0,1906.600470828282
690.0,710.0,1832.8559745878304
690.0,715.0,2007.2340763528173
690.0,720.0,2674.527723821712
690.0,725.0,3831.2455753013196
690.0,730.0,5471.416465708033
690.0,735.0,7586.6680544895235
690.0,740.0,10166.324960349628
690.0,745.0,13197.522819751975
690.0,750.0,16665.33476769037
690.0,755.0,20552.907122642857
690.0,760.0,24841.601517814463
690.0,765.0,29511.14131051443
690.0,770.0,34539.76075330594
690.0,775.0,39904.356067838424
690.0,780.0,45580.63815573434
690.0,785.0,51543.287165636626
690.0,790.0,57766.109464864865
690.0,795.0,64222.19771079529
690.0,800.0,70884.0946778691
690.0,805.0,77723.96126824795
690.0,810.0,84713.74875548686
690.0,815.0,91825.37479983502
690.0,820.0,99030.90220389004
690.0,825.0,106302.71877878756
690.0,830.0,109564.98612144562
690.0,835.0,109564.98612144562
690.0,840.0,109564.98612144565
690.0,845.0,109564.9861214456
690.0,850.0,109564.98612144565
690.0,855.0,109564.9861214456
690.0,860.0,109564.9861214456
690.0,865.0,109564.98612144562
690.0,870.0,109564.98612144562
690.0,875.0,109564.98612144559
690.0,880.0,109564.9861214456
690.0,885.0,109564.98612144562
690.0,890.0,109564.98612144562
690.0,895.0,109564.98612144562
690.0,900.0,109564.9861214456
695.0,250.0,79657.58755159004
695.0,255.0,77510.38664391097
695.0,260.0,75312.97634178908
695.0,265.0,73069.36689993565
695.0,270.0,70783.90425010267
695.0,275.0,68461.24685293587
695.0,280.0,66106.33737624976
695.0,285.0,63724.36957462128
695.0,290.0,61320.75093766967
695.0,295.0,58901.06185462901
695.0,300.0,56471.012193934526
695.0,305.0,54036.396312293655
695.0,310.0,51603.04757992705
695.0,315.0,49176.79352933797
695.0,320.0,46763.412706488525
695.0,325.0,44368.59422270174
695.0,330.0,41997.90088226227
695.0,335.0,39656.736594456066
695.0,340.0,37350.318589983544
695.0,345.0,35083.654749521076
695.0,350.0,32861.52613951624
695.0,355.0,30688.47463837562
695.0,360.0,28568.795345717386
695.0,365.0,26506.533298209157
695.0,370.0,24505.483880569103
695.0,375.0,22569.1962231629
695.0,380.0,20700.97881796662
695.0,385.0,18903.906566368787
695.0,390.0,17180.82849216835
695.0,395.0,15534.375405585373
695.0,400.0,13966.966889226847
695.0,405.0,12480.817083747845
695.0,410.0,11077.938877842995
695.0,415.0,9760.146243735118
695.0,420.0,8529.054602172808
695.0,425.0,7386.079242007155
695.0,430.0,6332.431952277656
695.0,435.0,5369.116146310684
695.0,440.0,4496.920860467618
695.0,445.0,3716.4140918987146
695.0,450.0,3027.935998434016
695.0,455.0,2431.5925143929917
695.0,460.0,1944.6706247274162
695.0,465.0,1851.463564211477
695.0,470.0,2053.7556941897183
695.0,475.0,2222.9052998974894
695.0,480.0,2347.46882873357
695.0,485.0,2422.683142358497
695.0,490.0,2445.9495615828737
695.0,495.0,2416.87224054767
695.0,500.0,2337.2876479047895
695.0,505.0,2211.2787017753053
695.0,510.0,2045.1650079560861
695.0,515.0,1850.781592551247
695.0,520.0,1943.605588188289
695.0,525.0,2222.3795182972603
695.0,530.0,2469.524256040896
695.0,535.0,2675.284956922748
695.0,540.0,2831.974360356153
695.0,545.0,2934.025240545791
695.0,550.0,2978.037851184062
695.0,555.0,2962.823332249187
695.0,560.0,2889.4405500758926
695.0,565.0,2761.220678028007
695.0,570.0,2583.771400010224
695.0,575.0,2364.951272667832
695.0,580.0,2114.80475052223
695.0,585.0,1856.5089356877093
695.0,590.0,1930.007411132526
695.0,595.0,2173.575572158415
695.0,600.0,2381.4904216311897
695.0,605.0,2545.4711600643204
695.0,610.0,2659.3347212485214
695.0,615.0,2719.0437052798666
695.0,620.0,2722.7499072180804
695.0,625.0,2670.8320493000565
695.0,630.0,2565.9230075971655
695.0,635.0,2412.9191273402225
695.0,640.0,2218.96251244769
695.0,645.0,1993.3867290459477
695.0,650.0,1828.7076684770445
695.0,655.0,1956.8798508925418
695.0,660.0,2058.731514301005
695.0,665.0,2114.628739502158
695.0,670.0,2122.6793529632896
695.0,675.0,2083.189500928435
695.0,680.0,1998.686275226055
695.0,685.0,1873.9221539889918
695.0,690.0,1866.56928178999
695.0,695.0,1924.8699830799465
695.0,700.0,1938.1835141609977
695.0,705.0,1906.6004708282833
695.0,710.0,1832.85597458783
695.0,715.0,2007.2340763528173
695.0,720.0,2674.5277238217127
695.0,725.0,3831.2455753013205
695.0,730.0,5471.416465708033
695.0,735.0,7586.6680544895235
695.0,740.0,10166.324960349628
695.0,745.0,13197.522819751975
695.0,750.0,16665.334767690365
695.0,755.0,20552.907122642853
695.0,760.0,24841.601517814463
695.0,765.0,29511.14131051443
695.0,770.0,34539.76075330594
695.0,775.0,39904.356067838424
695.0,780.0,45580.63815573435
695.0,785.0,51543.28716563661
695.0,790.0,57766.10946486487
695.0,795.0,64222.197710795306
695.0,800.0,70884.0946778691
695.0,805.0,77723.96126824796
695.0,810.0,84713.74875548683
695.0,815.0,91825.37479983503
695.0,820.0,99030.90220389004
695.0,825.0,106302.7187787876
695.0,830.0,113613.71614072041
695.0,835.0,116884.88132206262
695.0,840.0,116884.88132206263
695.0,845.0,116884.88132206256
695.0,850.0,116884.88132206257
695.0,855.0,116884.88132206259
695.0,860.0,116884.88132206263
695.0,865.0,116884.88132206263
695.0,870.0,116884.88132206253
695.0,875.0,116884.88132206259
695.0,880.0,116884.88132206263
695.0,885.0,116884.88132206256
695.0,890.0,116884.88132206256
695.0,895.0,116884.8813220626
695.0,900.0,116884.88132206259
700.0,250.0,84941.58938615526
700.0,255.0,82649.82981798015
700.0,260.0,80303.36967024952
700.0,265.0,77906.5099435575
700.0,270.0,75463.92103034766
700.0,275.0,72980.61792646699
700.0,280.0,70461.92975114567
700.0,285.0,67913.4639785855
700.0,290.0,65341.06599556901
700.0,295.0,62750.77479736367
700.0,300.0,60148.77580024857
700.0,305.0,57541.351876216686
700.0,310.0,54934.833794795384
700.0,315.0,52335.55127975746
700.0,320.0,49749.78585727323
700.0,325.0,47183.72658374015
700.0,330.0,44643.42960627062
700.0,335.0,42134.782326812994
700.0,340.0,39663.47273425119
700.0,345.0,37234.96423713721
700.0,350.0,34854.476097804385
700.0,355.0,32526.96933822818
700.0,360.0,30257.137781591315
700.0,365.0,28049.40371115931
700.0,370.0,25907.917483684967
700.0,375.0,23836.560331975037
700.0,380.0,21838.949530049762
700.0,385.0,19918.445078477525
700.0,390.0,18078.15709330572
700.0,395.0,16320.953143235944
700.0,400.0,14649.464876036707
700.0,405.0,13066.093394531938
700.0,410.0,11573.01298277701
700.0,415.0,10172.172932710011
700.0,420.0,8865.297376757506
700.0,425.0,7653.883183667174
700.0,430.0,6539.1961161902
700.0,435.0,5522.265576729918
700.0,440.0,4603.878373068729
700.0,445.0,3784.5720177086064
700.0,450.0,3064.628129764463
700.0,455.0,2444.0665325577506
700.0,460.0,1944.6706247274162
700.0,465.0,1851.463564211477
700.0,470.0,2053.7556941897165
700.0,475.0,2222.9052998974876
700.0,480.0,2347.468828733569
700.0,485.0,2422.683142358497
700.0,490.0,2445.949561582863
700.0,495.0,2416.872240547655
700.0,500.0,2337.287647904795
700.0,505.0,2211.278701775307
700.0,510.0,2045.1650079560882
700.0,515.0,1850.7815925512525
700.0,520.0,1943.6055881882908
700.0,525.0,2222.37951829726
700.0,530.0,2469.524256040896
700.0,535.0,2675.2849569227465
700.0,540.0,2831.9743603561524
700.0,545.0,2934.0252405457823
700.0,550.0,2978.0378511840713
700.0,555.0,2962.823332249193
700.0,560.0,2889.4405500758926
700.0,565.0,2761.2206780280076
700.0,570.0,2583.7714000102214
700.0,575.0,2364.951272667843
700.0,580.0,2114.8047505222303
700.0,585.0,1856.508935687707
700.0,590.0,1930.0074111325252
700.0,595.0,2173.5755721584214
700.0,600.0,2381.490421631183
700.0,605.0,2545.47116006432
700.0,610.0,2659.3347212485196
700.0,615.0,2719.043705279865
700.0,620.0,2722.749907218083
700.0,625.0,2670.8320493000533
700.0,630.0,2565.923007597166
700.0,635.0,2412.9191273402175
700.0,640.0,2218.96251244769
700.0,645.0,1993.3867290459557
700.0,650.0,1828.7076684770445
700.0,655.0,1956.8798508925404
700.0,660.0,2058.7315143010037
700.0,665.0,2114.628739502158
700.0,670.0,2122.679352963289
700.0,675.0,2083.189500928436
700.0,680.0,1998.686275226063
700.0,685.0,1873.922153988994
700.0,690.0,1866.5692817899946
700.0,695.0,1924.8699830799433
700.0,700.0,1938.183514161001
700.0,705.0,1906.6004708282794
700.0,710.0,1832.8559745878297
700.0,715.0,2007.2340763528168
700.0,720.0,2674.5277238217127
700.0,725.0,3831.2455753013182
700.0,730.0,5471.416465708033
700.0,735.0,7586.668054489525
700.0,740.0,10166.324960349628
700.0,745.0,13197.522819751957
700.0,750.0,16665.334767690376
700.0,755.0,20552.907122642853
700.0,760.0,24841.60151781446
700.0,765.0,29511.141310514453
700.0,770.0,34539.76075330592
700.0,775.0,39904.356067838424
700.0,780.0,45580.63815573434
700.0,785.0,51543.2871656366
700.0,790.0,57766.10946486488
700.0,795.0,64222.197710795284
700.0,800.0,70884.0946778691
700.0,805.0,77723.96126824795
700.0,810.0,84713.74875548683
700.0,815.0,91825.37479983507
700.0,820.0,99030.90220389004
700.0,825.0,106302.71877878754
700.0,830.0,113613.71614072041
700.0,835.0,120937.46479120242
700.0,840.0,124205.9868297723
700.0,845.0,124205.9868297723
700.0,850.0,124205.9868297723
700.0,855.0,124205.9868297723
700.0,860.0,124205.9868297723
700.0,865.0,124205.98682977233
700.0,870.0,124205.9868297723
700.0,875.0,124205.9868297723
700.0,880.0,124205.98682977233
700.0,885.0,124205.9868297723
700.0,890.0,124205.9868297723
700.0,895.0,124205.9868297723
700.0,900.0,124205.9868297723
705.0,250.0,90280.04392527878
705.0,255.0,87844.4161638253
705.0,260.0,85349.37155717069
705.0,265.0,82799.49568929
705.0,270.0,80199.77921849057
705.0,275.0,77555.59157575255
705.0,280.0,74872.64842458352
705.0,285.0,72156.973310423
705.0,290.0,69414.85415853054
705.0,295.0,66652.79549583406
705.0,300.0,63877.4674543311
705.0,305.0,61095.652753462964
705.0,310.0,58314.19294651789
705.0,315.0,55539.93524202329
705.0,320.0,52779.681177873186
705.0,325.0,50040.13833038573
705.0,330.0,47327.87609360903
705.0,335.0,44649.28636646966
705.0,340.0,42010.54976076308
705.0,345.0,39417.60769145283
705.0,350.0,36876.14045921303
705.0,355.0,34391.551185844924
705.0,360.0,31968.955240414107
705.0,365.0,29613.17459800544
705.0,370.0,27328.73641886007
705.0,375.0,25119.87502746267
705.0,380.0,22990.536408359596
705.0,385.0,20944.384322176556
705.0,390.0,18984.807177295126
705.0,395.0,17114.92486290052
705.0,400.0,15337.594856974481
705.0,405.0,13655.41705496471
705.0,410.0,12070.736918709443
705.0,415.0,10585.64670807826
705.0,420.0,9201.984725229673
705.0,425.0,7921.332663607841
705.0,430.0,6745.011303122819
705.0,435.0,5674.074925635453
705.0,440.0,4709.3049327879025
705.0,445.0,3851.2032282525533
705.0,450.0,3099.9859772978757
705.0,455.0,2455.578373087379
705.0,460.0,1944.6706247274185
705.0,465.0,1851.463564211477
705.0,470.0,2053.755694189722
705.0,475.0,2222.9052998974817
705.0,480.0,2347.468828733574
705.0,485.0,2422.6831423585004
705.0,490.0,2445.9495615828605
705.0,495.0,2416.872240547669
705.0,500.0,2337.2876479047954
705.0,505.0,2211.278701775309
705.0,510.0,2045.1650079560882
705.0,515.0,1850.781592551247
705.0,520.0,1943.605588188293
705.0,525.0,2222.379518297256
705.0,530.0,2469.524256040896
705.0,535.0,2675.284956922746
705.0,540.0,2831.974360356153
705.0,545.0,2934.025240545783
705.0,550.0,2978.0378511840645
705.0,555.0,2962.8233322491924
705.0,560.0,2889.44055007589
705.0,565.0,2761.2206780280094
705.0,570.0,2583.7714000102183
705.0,575.0,2364.9512726678377
705.0,580.0,2114.80475052223
705.0,585.0,1856.508935687708
705.0,590.0,1930.0074111325257
705.0,595.0,2173.575572158421
705.0,600.0,2381.490421631182
705.0,605.0,2545.471160064324
705.0,610.0,2659.334721248517
705.0,615.0,2719.0437052798743
705.0,620.0,2722.7499072180894
705.0,625.0,2670.8320493000624
705.0,630.0,2565.9230075971636
705.0,635.0,2412.919127340223
705.0,640.0,2218.96251244769
705.0,645.0,1993.3867290459498
705.0,650.0,1828.7076684790754
705.0,655.0,1956.8798508925404
705.0,660.0,2058.7315143010055
705.0,665.0,2114.6287395021654
705.0,670.0,2122.679352963292
705.0,675.0,2083.1895009284367
705.0,680.0,1998.6862752260595
705.0,685.0,1873.9221539889897
705.0,690.0,1866.569281789987
705.0,695.0,1924.8699830799414
705.0,700.0,1938.1835141610068
705.0,705.0,1906.6004708282815
705.0,710.0,1832.8559745878265
705.0,715.0,2007.2340763528168
705.0,720.0,2674.527723821716
705.0,725.0,3831.2455753013187
705.0,730.0,5471.416465708031
705.0,735.0,7586.668054489528
705.0,740.0,10166.324960349604
705.0,745.0,13197.522819751972
705.0,750.0,16665.334767690383
705.0,755.0,20552.907122642857
705.0,760.0,24841.60151781446
705.0,765.0,29511.14131051443
705.0,770.0,34539.76075330594
705.0,775.0,39904.356067838424
705.0,780.0,45580.63815573434
705.0,785.0,51543.28716563661
705.0,790.0,57766.10946486486
705.0,795.0,64222.197710795284
705.0,800.0,70884.09467786911
705.0,805.0,77723.96126824795
705.0,810.0,84713.74875548683
705.0,815.0,91825.37479983503
705.0,820.0,99030.90220389004
705.0,825.0,106302.71877878754
705.0,830.0,113613.71614072044
705.0,835.0,120937.46479120242
705.0,840.0,128248.38251398098
705.0,845.0,131503.15098209007
705.0,850.0,131503.15098209007
705.0,855.0,131503.15098209013
705.0,860.0,131503.1509820901
705.0,865.0,131503.15098209013
705.0,870.0,131503.15098209013
705.0,875.0,131503.15098209013
705.0,880.0,131503.15098209013
705.0,885.0,131503.15098209013
705.0,890.0,131503.1509820901
705.0,895.0,131503.15098209013
705.0,900.0,131503.1509820901
710.0,250.0,95656.79620893336
710.0,255.0,93078.61291637081
710.0,260.0,90436.08198797054
710.0,265.0,87734.06500511832
710.0,270.0,84977.86618661793
710.0,275.0,82173.20473250051
710.0,280.0,79326.18035519392
710.0,285.0,76443.23244665103
710.0,290.0,73531.09358145102
710.0,295.0,70596.73829212954
710.0,300.0,67647.32825232325
710.0,305.0,64690.15515694149
710.0,310.0,61732.582685612266
710.0,315.0,58781.988965715085
710.0,320.0,55845.71091700683
710.0,325.0,52930.99175776942
710.0,330.0,50044.93279438838
710.0,335.0,47194.45040307182
710.0,340.0,44386.23886988701
710.0,345.0,41626.739483762736
710.0,350.0,38922.11600565352
710.0,355.0,36278.23636846732
710.0,360.0,33700.66022280091
710.0,365.0,31194.6317336106
710.0,370.0,28765.07686877068
710.0,375.0,26416.604306462363
710.0,380.0,24153.509023878894
710.0,385.0,21979.777618976725
710.0,390.0,19899.09445526121
710.0,395.0,17914.847799047995
710.0,400.0,16030.135238212644
710.0,405.0,14247.7678165713
710.0,410.0,12570.272485537258
710.0,415.0,10999.892650740623
710.0,420.0,9538.586770765665
710.0,425.0,8188.025137399672
710.0,430.0,6949.585123454061
710.0,435.0,5824.345321248383
710.0,440.0,4813.079103681374
710.0,445.0,3916.248217298839
710.0,450.0,3133.9970617816366
710.0,455.0,2466.148317854784
710.0,460.0,1944.6706247274099
710.0,465.0,1851.463564211473
710.0,470.0,2053.755694189715
710.0,475.0,2222.905299897488
710.0,480.0,2347.4688287335666
710.0,485.0,2422.6831423585018
710.0,490.0,2445.9495615828673
710.0,495.0,2416.8722405476615
710.0,500.0,2337.2876479047873
710.0,505.0,2211.2787017753058
710.0,510.0,2045.165007956088
710.0,515.0,1850.7815925512468
710.0,520.0,1943.605588188294
710.0,525.0,2222.3795182972635
710.0,530.0,2469.524256040897
710.0,535.0,2675.284956922748
710.0,540.0,2831.974360356153
710.0,545.0,2934.025240545783
710.0,550.0,2978.037851184065
710.0,555.0,2962.823332249193
710.0,560.0,2889.440550075889
710.0,565.0,2761.2206780280076
710.0,570.0,2583.7714000102233
710.0,575.0,2364.951272667834
710.0,580.0,2114.804750522231
710.0,585.0,1856.508935687708
710.0,590.0,1930.0074111325264
710.0,595.0,2173.575572158415
710.0,600.0,2381.4904216311847
710.0,605.0,2545.47116006432
710.0,610.0,2659.3347212485196
710.0,615.0,2719.0437052798743
710.0,620.0,2722.7499072180804
710.0,625.0,2670.8320493000597
710.0,630.0,2565.923007597164
710.0,635.0,2412.9191273402207
710.0,640.0,2218.96251244769
710.0,645.0,1993.3867290459525
710.0,650.0,1828.7076684770448
710.0,655.0,1956.879850892548
710.0,660.0,2058.731514301007
710.0,665.0,2114.628739502158
710.0,670.0,2122.679352963292
710.0,675.0,2083.1895009284344
710.0,680.0,1998.6862752260588
710.0,685.0,1873.922153988993
710.0,690.0,1866.5692817899917
710.0,695.0,1924.8699830799426
710.0,700.0,1938.1835141610065
710.0,705.0,1906.6004708282783
710.0,710.0,1832.85597458783
710.0,715.0,2007.2340763528196
710.0,720.0,2674.5277238217127
710.0,725.0,3831.2455753013146
710.0,730.0,5471.416465708031
710.0,735.0,7586.668054489525
710.0,740.0,10166.324960349628
710.0,745.0,13197.522819751955
710.0,750.0,16665.334767690383
710.0,755.0,20552.907122642853
710.0,760.0,24841.601517814463
710.0,765.0,29511.141310514453
710.0,770.0,34539.76075330594
710.0,775.0,39904.356067838424
710.0,780.0,45580.638155734334
710.0,785.0,51543.287165636604
710.0,790.0,57766.109464864865
710.0,795.0,64222.197710795284
710.0,800.0,70884.09467786911
710.0,805.0,77723.96126824796
710.0,810.0,84713.74875548683
710.0,815.0,91825.37479983502
710.0,820.0,99030.90220389009
710.0,825.0,106302.71877878756
710.0,830.0,113613.71614072044
710.0,835.0,120937.46479120241
710.0,840.0,128248.38251398099
710.0,845.0,135521.89295955634
710.0,850.0,138752.29481645464
710.0,855.0,138752.29481645458
710.0,860.0,138752.29481645458
710.0,865.0,138752.2948164546
710.0,870.0,138752.2948164546
710.0,875.0,138752.29481645458
710.0,880.0,138752.29481645458
710.0,885.0,138752.2948164546
710.0,890.0,138752.29481645464
710.0,895.0,138752.29481645458
710.0,900.0,138752.29481645458
715.0,250.0,101055.70193612749
715.0,255.0,98336.87119297923
715.0,260.0,95548.56062605987
715.0,265.0,92695.89689207054
715.0,270.0,89784.48861075143
715.0,275.0,86820.39754334727
715.0,280.0,83810.10235936298
715.0,285.0,80760.45545564944
715.0,290.0,77678.63356454523
715.0,295.0,74572.08314471881
715.0,300.0,71448.46176603617
715.0,305.0,68315.5768684366
715.0,310.0,65181.32338250345
715.0,315.0,62053.62173482541
715.0,320.0,58940.35772692822
715.0,325.0,55849.325668841084
715.0,330.0,52788.17597987346
715.0,335.0,49764.36824093818
715.0,340.0,46785.13042250294
715.0,345.0,43857.42472072781
715.0,350.0,40987.92014282692
715.0,355.0,38182.97169453452
715.0,360.0,35448.60576590609
715.0,365.0,32790.511087471496
715.0,370.0,30214.03445424744
715.0,375.0,27724.180295078502
715.0,380.0,25325.613098515132
715.0,385.0,23022.66169820122
715.0,390.0,20819.324465303165
715.0,395.0,18719.274544248306
715.0,400.0,16725.86439941296
715.0,405.0,14842.129098555579
715.0,410.0,13070.78793991804
715.0,415.0,11414.244218953745
715.0,420.0,9874.58312181123
715.0,425.0,8453.567914433466
715.0,430.0,7152.634759422731
715.0,435.0,5972.886633290513
715.0,440.0,4915.086925377157
715.0,445.0,3979.653373471631
715.0,450.0,3166.6530291069407
715.0,455.0,2475.7989429066956
715.0,460.0,1944.6706247274108
715.0,465.0,1851.4635642114754
715.0,470.0,2053.755694189718
715.0,475.0,2222.905299897489
715.0,480.0,2347.468828733574
715.0,485.0,2422.683142358503
715.0,490.0,2445.9495615828705
715.0,495.0,2416.8722405476633
715.0,500.0,2337.287647904798
715.0,505.0,2211.2787017752985
715.0,510.0,2045.165007956086
715.0,515.0,1850.7815925512523
715.0,520.0,1943.6055881882899
715.0,525.0,2222.379518297261
715.0,530.0,2469.5242560408997
715.0,535.0,2675.2849569227456
715.0,540.0,2831.974360356153
715.0,545.0,2934.0252405457913
715.0,550.0,2978.037851184068
715.0,555.0,2962.8233322491924
715.0,560.0,2889.440550075896
715.0,565.0,2761.2206780280067
715.0,570.0,2583.7714000102214
715.0,575.0,2364.9512726678395
715.0,580.0,2114.804750522228
715.0,585.0,1856.508935687707
715.0,590.0,1930.0074111325298
715.0,595.0,2173.575572158418
715.0,600.0,2381.490421631187
715.0,605.0,2545.471160064316
715.0,610.0,2659.3347212485223
715.0,615.0,2719.0437052798716
715.0,620.0,2722.749907218084
715.0,625.0,2670.8320493000597
715.0,630.0,2565.923007597169
715.0,635.0,2412.919127340223
715.0,640.0,2218.96251244769
715.0,645.0,1993.3867290459539
715.0,650.0,1828.7076684770445
715.0,655.0,1956.8798508925408
715.0,660.0,2058.73151430101
715.0,665.0,2114.62873950216
715.0,670.0,2122.6793529632937
715.0,675.0,2083.189500928432
715.0,680.0,1998.6862752260613
715.0,685.0,1873.9221539889922
715.0,690.0,1866.5692817899965
715.0,695.0,1924.8699830799446
715.0,700.0,1938.1835141609945
715.0,705.0,1906.6004708282808
715.0,710.0,1832.855974587831
715.0,715.0,2007.2340763528164
715.0,720.0,2674.5277238217145
715.0,725.0,3831.2455753013137
715.0,730.0,5471.416465708032
715.0,735.0,7586.668054489522
715.0,740.0,10166.32496034963
715.0,745.0,13197.522819751961
715.0,750.0,16665.334767690365
715.0,755.0,20552.907122642857
715.0,760.0,24841.601517814437
715.0,765.0,29511.141310514453
715.0,770.0,34539.76075330594
715.0,775.0,39904.356067838424
715.0,780.0,45580.638155734334
715.0,785.0,51543.287165636626
715.0,790.0,57766.109464864865
715.0,795.0,64222.19771079529
715.0,800.0,70884.0946778691
715.0,805.0,77723.96126824793
715.0,810.0,84713.74875548683
715.0,815.0,91825.374799835
715.0,820.0,99030.90220389004
715.0,825.0,106302.71877878759
715.0,830.0,113613.71614072041
715.0,835.0,120937.46479120241
715.0,840.0,128248.38251398102
715.0,845.0,135521.8929595563
715.0,850.0,142734.57132222183
715.0,855.0,145930.55102983298
715.0,860.0,145930.551029833
715.0,865.0,145930.551029833
715.0,870.0,145930.55102983298
715.0,875.0,145930.551029833
715.0,880.0,145930.55102983298
715.0,885.0,145930.551029833
715.0,890.0,145930.551029833
715.0,895.0,145930.55102983298
715.0,900.0,145930.551029833
720.0,250.0,106460.76093051267
720.0,255.0,103603.75417083711
720.0,260.0,100671.94952098955
720.0,265.0,97670.72557951564
720.0,270.0,94605.9838481639
720.0,275.0,91484.11896289901
720.0,280.0,88311.98089219315
720.0,285.0,85096.82957617113
720.0,290.0,81846.28277477987
720.0,295.0,78568.25817164397
720.0,300.0,75270.91101740864
720.0,305.0,71962.56878132073
720.0,310.0,68651.66439948409
720.0,315.0,65346.66975029835
720.0,320.0,62056.03095448542
720.0,325.0,58788.10698481979
720.0,330.0,55551.11289259298
720.0,335.0,52353.068715198155
720.0,340.0,49201.75485164551
720.0,345.0,46104.67438148618
720.0,350.0,43069.02249102794
720.0,355.0,40101.662862858895
720.0,360.0,37209.11061071722
720.0,365.0,34397.52110295761
720.0,370.0,31672.683832750237
720.0,375.0,29040.020366855584
720.0,380.0,26504.585336584714
720.0,385.0,24071.06942874239
720.0,390.0,21743.803385169984
720.0,395.0,19526.762117515387
720.0,400.0,17423.568187022367
720.0,405.0,15437.4940702574
720.0,410.0,13571.46282630036
720.0,415.0,11828.046982682697
720.0,420.0,10209.465659787023
720.0,425.0,8717.580144025027
720.0,430.0,7353.888289206684
720.0,435.0,6119.518268430726
720.0,440.0,5015.2223061906925
720.0,445.0,4041.3710891605997
720.0,450.0,3197.949583743083
720.0,455.0,2484.554974462057
720.0,460.0,1944.6706247274162
720.0,465.0,1851.4635642114736
720.0,470.0,2053.755694189719
720.0,475.0,2222.9052998974894
720.0,480.0,2347.4688287335757
720.0,485.0,2422.6831423584954
720.0,490.0,2445.949561582866
720.0,495.0,2416.8722405476615
720.0,500.0,2337.287647904796
720.0,505.0,2211.278701775305
720.0,510.0,2045.1650079560875
720.0,515.0,1850.7815925512525
720.0,520.0,1943.6055881882944
720.0,525.0,2222.379518297258
720.0,530.0,2469.5242560409006
720.0,535.0,2675.2849569227524
720.0,540.0,2831.974360356146
720.0,545.0,2934.0252405457863
720.0,550.0,2978.0378511840686
720.0,555.0,2962.823332249187
720.0,560.0,2889.4405500758917
720.0,565.0,2761.220678028003
720.0,570.0,2583.7714000102214
720.0,575.0,2364.951272667839
720.0,580.0,2114.8047505222326
720.0,585.0,1856.5089356878307
720.0,590.0,1930.0074111325255
720.0,595.0,2173.575572158418
720.0,600.0,2381.490421631185
720.0,605.0,2545.471160064316
720.0,610.0,2659.3347212485223
720.0,615.0,2719.043705279865
720.0,620.0,2722.7499072180813
720.0,625.0,2670.832049300061
720.0,630.0,2565.923007597165
720.0,635.0,2412.919127340216
720.0,640.0,2218.962512447685
720.0,645.0,1993.3867290459507
720.0,650.0,1828.7076684770445
720.0,655.0,1956.8798508925377
720.0,660.0,2058.731514301005
720.0,665.0,2114.6287395021645
720.0,670.0,2122.6793529632882
720.0,675.0,2083.189500928439
720.0,680.0,1998.6862752260604
720.0,685.0,1873.9221539889897
720.0,690.0,1866.569281789996
720.0,695.0,1924.8699830799478
720.0,700.0,1938.1835141609956
720.0,705.0,1906.600470828288
720.0,710.0,1832.8559745878276
720.0,715.0,2007.234076352821
720.0,720.0,2674.5277238217145
720.0,725.0,3831.245575301313
720.0,730.0,5471.416465708031
720.0,735.0,7586.668054489532
720.0,740.0,10166.324960349604
720.0,745.0,13197.522819751963
720.0,750.0,16665.334767690365
720.0,755.0,20552.907122642857
720.0,760.0,24841.60151781446
720.0,765.0,29511.141310514453
720.0,770.0,34539.76075330594
720.0,775.0,39904.35606783842
720.0,780.0,45580.63815573434
720.0,785.0,51543.28716563661
720.0,790.0,57766.10946486488
720.0,795.0,64222.197710795284
720.0,800.0,70884.0946778691
720.0,805.0,77723.96126824795
720.0,810.0,84713.74875548687
720.0,815.0,91825.37479983506
720.0,820.0,99030.90220389009
720.0,825.0,106302.71877878759
720.0,830.0,113613.71614072045
720.0,835.0,120937.46479120241
720.0,840.0,128248.38251398096
720.0,845.0,135521.89295955634
720.0,850.0,142734.57132222183
720.0,855.0,149864.27422912006
720.0,860.0,153016.3859831956
720.0,865.0,153016.38598319565
720.0,870.0,153016.38598319568
720.0,875.0,153016.38598319565
720.0,880.0,153016.38598319568
720.0,885.0,153016.3859831956
720.0,890.0,153016.38598319568
720.0,895.0,153016.38598319568
720.0,900.0,153016.38598319574
725.0,250.0,111856.2467585619
725.0,255.0,108864.06202335154
725.0,260.0,105791.59313361744
725.0,265.0,102644.45544437431
725.0,270.0,99428.82959255355
725.0,275.0,96151.43102467824
725.0,280.0,92819.47085245712
725.0,285.0,89440.60851278913
725.0,290.0,86022.89702567551
725.0,295.0,82574.72194439064
725.0,300.0,79104.73534991343
725.0,305.0,75621.78644410324
725.0,310.0,72134.85042914143
725.0,315.0,68652.95741089464
725.0,320.0,65185.12303331613
725.0,325.0,61740.282435382695
725.0,330.0,58327.22893542894
725.0,335.0,54954.558591533736
725.0,340.0,51630.62149231402
725.0,345.0,48363.48030170638
725.0,350.0,45160.87624980417
725.0,355.0,42030.20243423005
725.0,360.0,38978.48400507984
725.0,365.0,36012.3645529023
725.0,370.0,33138.09782322406
725.0,375.0,30361.543748350967
725.0,380.0,27688.167716782245
725.0,385.0,25123.04199703115
725.0,390.0,22670.848289618596
725.0,395.0,20335.88048819473
725.0,400.0,18122.04688559691
725.0,405.0,16032.87124458825
725.0,410.0,14071.492360861917
725.0,415.0,12240.66195998916
725.0,420.0,10542.740983142283
725.0,425.0,8979.694515174888
725.0,430.0,7553.0857826476
725.0,435.0,6264.069793693694
725.0,440.0,5113.387296495644
725.0,445.0,4101.359795684795
725.0,450.0,3227.8863860024335
725.0,455.0,2492.4431359672644
725.0,460.0,1944.6706247274099
725.0,465.0,1851.4635642114717
725.0,470.0,2053.7556941897215
725.0,475.0,2222.9052998974903
725.0,480.0,2347.4688287335725
725.0,485.0,2422.683142358498
725.0,490.0,2445.9495615828682
725.0,495.0,2416.8722405476624
725.0,500.0,2337.287647904795
725.0,505.0,2211.2787017753003
725.0,510.0,2045.1650079560873
725.0,515.0,1850.7815925512523
725.0,520.0,1943.6055881882903
725.0,525.0,2222.3795182972563
725.0,530.0,2469.5242560408997
725.0,535.0,2675.2849569227483
725.0,540.0,2831.9743603561533
725.0,545.0,2934.025240545791
725.0,550.0,2978.037851184069
725.0,555.0,2962.8233322491874
725.0,560.0,2889.4405500758953
725.0,565.0,2761.220678028003
725.0,570.0,2583.771400010222
725.0,575.0,2364.951272667839
725.0,580.0,2114.804750522228
725.0,585.0,1856.5089356877065
725.0,590.0,1930.0074111325252
725.0,595.0,2173.575572158418
725.0,600.0,2381.4904216311857
725.0,605.0,2545.4711600643172
725.0,610.0,2659.33472124852
725.0,615.0,2719.0437052798716
725.0,620.0,2722.7499072180817
725.0,625.0,2670.8320493000588
725.0,630.0,2565.9230075971636
725.0,635.0,2412.919127340221
725.0,640.0,2218.96251244769
725.0,645.0,1993.3867290459502
725.0,650.0,1828.7076684770448
725.0,655.0,1956.8798508925395
725.0,660.0,2058.7315143010014
725.0,665.0,2114.6287395021627
725.0,670.0,2122.6793529632914
725.0,675.0,2083.1895009284344
725.0,680.0,1998.6862752260588
725.0,685.0,1873.92215398899
725.0,690.0,1866.5692817899928
725.0,695.0,1924.869983079939
725.0,700.0,1938.183514161
725.0,705.0,1906.6004708282767
725.0,710.0,1832.8559745878306
725.0,715.0,2007.2340763528186
725.0,720.0,2674.5277238217145
725.0,725.0,3831.2455753013205
725.0,730.0,5471.416465708037
725.0,735.0,7586.668054489533
725.0,740.0,10166.324960349628
725.0,745.0,13197.522819751975
725.0,750.0,16665.334767690383
725.0,755.0,20552.907122642853
725.0,760.0,24841.601517814433
725.0,765.0,29511.141310514453
725.0,770.0,34539.76075330594
725.0,775.0,39904.356067838395
725.0,780.0,45580.638155734334
725.0,785.0,51543.28716563658
725.0,790.0,57766.109464864865
725.0,795.0,64222.197710795284
725.0,800.0,70884.09467786914
725.0,805.0,77723.96126824793
725.0,810.0,84713.74875548683
725.0,815.0,91825.374799835
725.0,820.0,99030.90220389004
725.0,825.0,106302.71877878754
725.0,830.0,113613.71614072041
725.0,835.0,120937.46479120241
725.0,840.0,128248.38251398098
725.0,845.0,135521.89295955634
725.0,850.0,142734.57132222183
725.0,855.0,149864.27422912
725.0,860.0,156890.25135789742
725.0,865.0,159989.70249019295
725.0,870.0,159989.70249019295
725.0,875.0,159989.702490193
725.0,880.0,159989.70249019295
725.0,885.0,159989.70249019295
725.0,890.0,159989.702490193
725.0,895.0,159989.70249019295
725.0,900.0,159989.70249019298
730.0,250.0,117226.82954834616
730.0,255.0,114102.95075550122
730.0,260.0,110893.15291793115
730.0,265.0,107603.27110036628
730.0,270.0,104239.74926543691
730.0,275.0,100809.60936523927
730.0,280.0,97320.41110727322
730.0,285.0,93780.20286692689
730.0,290.0,90197.46455843103
730.0,295.0,86581.04360008464
730.0,300.0,82940.08538867871
730.0,305.0,79283.9599192659
730.0,310.0,75622.18633418684
730.0,315.0,71964.35724493116
730.0,320.0,68320.06464390155
730.0,325.0,64698.82910558099
730.0,330.0,61110.03378265773
730.0,335.0,57562.864433916744
730.0,340.0,54066.256410483686
730.0,345.0,50628.84917734244
730.0,350.0,47258.948595950795
730.0,355.0,43964.4968465972
730.0,360.0,40753.04956021387
730.0,365.0,37631.75946087501
730.0,370.0,34607.36561322144
730.0,375.0,31686.187229578412
730.0,380.0,28874.120918766435
730.0,385.0,26176.640257141866
730.0,390.0,23598.79662535886
730.0,395.0,21145.220370535793
730.0,400.0,18820.12151985792
730.0,405.0,16627.289468135405
730.0,410.0,14570.091282557742
730.0,415.0,12651.468493833065
730.0,420.0,10873.932466136615
730.0,425.0,9239.558644387655
730.0,430.0,7749.98015531513
730.0,435.0,6406.381383350748
730.0,440.0,5209.492243554785
730.0,445.0,4159.583928817329
730.0,450.0,3256.4669177559617
730.0,455.0,2499.4919893798597
730.0,460.0,1944.6706247274178
730.0,465.0,1851.4635642114747
730.0,470.0,2053.755694189713
730.0,475.0,2222.9052998974894
730.0,480.0,2347.4688287335694
730.0,485.0,2422.6831423585004
730.0,490.0,2445.949561582867
730.0,495.0,2416.872240547669
730.0,500.0,2337.287647904791
730.0,505.0,2211.278701775305
730.0,510.0,2045.1650079560932
730.0,515.0,1850.7815925512525
730.0,520.0,1943.6055881882903
730.0,525.0,2222.3795182972613
730.0,530.0,2469.5242560408933
730.0,535.0,2675.2849569227537
730.0,540.0,2831.974360356157
730.0,545.0,2934.025240545789
730.0,550.0,2978.0378511840636
730.0,555.0,2962.823332249185
730.0,560.0,2889.440550075894
730.0,565.0,2761.2206780280076
730.0,570.0,2583.7714000102233
730.0,575.0,2364.951272667835
730.0,580.0,2114.804750522227
730.0,585.0,1856.508935687708
730.0,590.0,1930.0074111325257
730.0,595.0,2173.575572158421
730.0,600.0,2381.4904216311857
730.0,605.0,2545.4711600643177
730.0,610.0,2659.334721248522
730.0,615.0,2719.0437052798707
730.0,620.0,2722.7499072180854
730.0,625.0,2670.8320493000638
730.0,630.0,2565.923007597174
730.0,635.0,2412.919127340221
730.0,640.0,2218.962512447686
730.0,645.0,1993.3867290459555
730.0,650.0,1828.7076684770445
730.0,655.0,1956.879850892545
730.0,660.0,2058.7315143010055
730.0,665.0,2114.628739502158
730.0,670.0,2122.6793529632896
730.0,675.0,2083.189500928437
730.0,680.0,1998.6862752260613
730.0,685.0,1873.922153988992
730.0,690.0,1866.5692817899928
730.0,695.0,1924.869983079946
730.0,700.0,1938.1835141610045
730.0,705.0,1906.6004708282808
730.0,710.0,1832.8559745878304
730.0,715.0,2007.23407635282
730.0,720.0,2674.527723821712
730.0,725.0,3831.24557530132
730.0,730.0,5471.416465708031
730.0,735.0,7586.668054489525
730.0,740.0,10166.324960349604
730.0,745.0,13197.522819751957
730.0,750.0,16665.334767690383
730.0,755.0,20552.907122642857
730.0,760.0,24841.601517814463
730.0,765.0,29511.141310514442
730.0,770.0,34539.76075330594
730.0,775.0,39904.35606783842
730.0,780.0,45580.63815573434
730.0,785.0,51543.28716563661
730.0,790.0,57766.1094648649
730.0,795.0,64222.197710795335
730.0,800.0,70884.09467786911
730.0,805.0,77723.96126824795
730.0,810.0,84713.74875548683
730.0,815.0,91825.374799835
730.0,820.0,99030.90220389004
730.0,825.0,106302.7187787876
730.0,830.0,113613.71614072041
730.0,835.0,120937.46479120247
730.0,840.0,128248.38251398098
730.0,845.0,135521.89295955622
730.0,850.0,142734.5713222218
730.0,855.0,149864.27422912003
730.0,860.0,156890.25135789742
730.0,865.0,163793.23683355085
730.0,870.0,166831.92172259625
730.0,875.0,166831.92172259622
730.0,880.0,166831.92172259622
730.0,885.0,166831.92172259628
730.0,890.0,166831.92172259628
730.0,895.0,166831.9217225963
730.0,900.0,166831.92172259625
735.0,250.0,122557.68939469306
735.0,255.0,119306.04239051955
735.0,260.0,115962.71398741618
735.0,265.0,112533.74026879082
735.0,270.0,109025.8108460413
735.0,275.0,105446.23780068915
735.0,280.0,101802.91463781381
735.0,285.0,98104.26571090285
735.0,290.0,94359.18694088078
735.0,295.0,90576.97899949153
735.0,300.0,86767.27442864957
735.0,305.0,82939.9604084746
735.0,310.0,79105.09905057096
735.0,315.0,75272.84716381186
735.0,320.0,71453.377418959
735.0,325.0,67656.80272044904
735.0,330.0,63893.105393807804
735.0,335.0,60172.07251709476
735.0,340.0,56503.23839961317
735.0,345.0,52895.83484332417
735.0,350.0,49358.7494522206
735.0,355.0,45900.49188843603
735.0,360.0,42529.16764755459
735.0,365.0,39252.45864215157
735.0,370.0,36077.609664445474
735.0,375.0,33011.41965258635
735.0,380.0,30060.2366097516
735.0,385.0,27229.95502562424
735.0,390.0,24526.01471853492
735.0,395.0,21953.4001415086
735.0,400.0,19516.639373020083
735.0,405.0,17219.802221958234
735.0,410.0,15066.497109457014
735.0,415.0,13059.866627479438
735.0,420.0,11202.581906635645
735.0,425.0,9496.836138269084
735.0,430.0,7944.337776684985
735.0,435.0,6546.304091077722
735.0,440.0,5303.455832916367
735.0,445.0,4216.013830798845
735.0,450.0,3283.6983218689493
735.0,455.0,2505.731773648826
735.0,460.0,1944.6706247274128
735.0,465.0,1851.463564211477
735.0,470.0,2053.755694189714
735.0,475.0,2222.9052998974853
735.0,480.0,2347.4688287335757
735.0,485.0,2422.683142358501
735.0,490.0,2445.9495615828655
735.0,495.0,2416.8722405476656
735.0,500.0,2337.2876479047977
735.0,505.0,2211.2787017753094
735.0,510.0,2045.1650079560873
735.0,515.0,1850.7815925512523
735.0,520.0,1943.6055881882885
735.0,525.0,2222.37951829726
735.0,530.0,2469.524256040895
735.0,535.0,2675.284956922749
735.0,540.0,2831.974360356146
735.0,545.0,2934.025240545783
735.0,550.0,2978.0378511840677
735.0,555.0,2962.823332249185
735.0,560.0,2889.4405500758894
735.0,565.0,2761.2206780280076
735.0,570.0,2583.771400010226
735.0,575.0,2364.9512726678377
735.0,580.0,2114.8047505222303
735.0,585.0,1856.508935687708
735.0,590.0,1930.0074111325248
735.0,595.0,2173.575572158421
735.0,600.0,2381.49042163118
735.0,605.0,2545.4711600643177
735.0,610.0,2659.3347212485264
735.0,615.0,2719.043705279866
735.0,620.0,2722.7499072180804
735.0,625.0,2670.832049300059
735.0,630.0,2565.923007597166
735.0,635.0,2412.919127340223
735.0,640.0,2218.9625124476897
735.0,645.0,1993.3867290459482
735.0,650.0,1828.7076684770434
735.0,655.0,1956.8798508925488
735.0,660.0,2058.731514301007
735.0,665.0,2114.6287395021636
735.0,670.0,2122.6793529632864
735.0,675.0,2083.189500928439
735.0,680.0,1998.6862752260586
735.0,685.0,1873.9221539889895
735.0,690.0,1866.5692817899935
735.0,695.0,1924.8699830799449
735.0,700.0,1938.1835141609984
735.0,705.0,1906.6004708282858
735.0,710.0,1832.8559745878304
735.0,715.0,2007.2340763528186
735.0,720.0,2674.527723821713
735.0,725.0,3831.245575301316
735.0,730.0,5471.416465708033
735.0,735.0,7586.6680544895235
735.0,740.0,10166.324960349628
735.0,745.0,13197.522819751975
735.0,750.0,16665.334767690376
735.0,755.0,20552.907122642853
735.0,760.0,24841.60151781446
735.0,765.0,29511.14131051443
735.0,770.0,34539.76075330594
735.0,775.0,39904.35606783842
735.0,780.0,45580.63815573434
735.0,785.0,51543.2871656366
735.0,790.0,57766.10946486488
735.0,795.0,64222.197710795335
735.0,800.0,70884.09467786911
735.0,805.0,77723.96126824793
735.0,810.0,84713.74875548683
735.0,815.0,91825.374799835
735.0,820.0,99030.90220389006
735.0,825.0,106302.7187787876
735.0,830.0,113613.71614072056
735.0,835.0,120937.46479120241
735.0,840.0,128248.38251398096
735.0,845.0,135521.89295955634
735.0,850.0,142734.57132222183
735.0,855.0,149864.27422912003
735.0,860.0,156890.25135789745
735.0,865.0,163793.23683355085
735.0,870.0,170555.51911242574
735.0,875.0,173526.04325097013
735.0,880.0,173526.0432509701
735.0,885.0,173526.04325097013
735.0,890.0,173526.0432509701
735.0,895.0,173526.04325097013
735.0,900.0,173526.04325097008
740.0,250.0,127834.61818454377
740.0,255.0,124459.52438052633
740.0,260.0,120986.8817869895
740.0,265.0,117422.90740924423
740.0,270.0,113774.51718369777
740.0,275.0,110049.2950725669
740.0,280.0,106255.45150235623
740.0,285.0,102401.77158604763
740.0,290.0,98497.55395444258
740.0,295.0,94552.5413933786
740.0,300.0,90576.84480800178
740.0,305.0,86580.8622972829
740.0,310.0,82575.19530320405
740.0,315.0,78570.5638822786
740.0,320.0,74577.7231333206
740.0,325.0,70607.3826985615
740.0,330.0,66670.13105095935
740.0,335.0,62776.36599055004
740.0,340.0,58936.232433761834
740.0,345.0,55159.5681946146
740.0,350.0,51455.8580681507
740.0,355.0,47834.19614111266
740.0,360.0,44303.255911436136
740.0,365.0,40871.267499813875
740.0,370.0,37546.00100722206
740.0,375.0,34334.75491891874
740.0,380.0,31244.348377288672
740.0,385.0,28281.116147941946
740.0,390.0,25450.905177673634
740.0,395.0,22759.071776322602
740.0,400.0,20210.478642999384
740.0,405.0,17809.491177636613
740.0,410.0,15559.97276388289
740.0,415.0,13465.278957218476
740.0,420.0,11528.250753324168
740.0,425.0,9751.207329795821
740.0,430.0,8135.938836941606
740.0,435.0,6683.699954980977
740.0,440.0,5395.205024925434
740.0,445.0,4270.625596596885
740.0,450.0,3309.5912209991907
740.0,455.0,2511.1942430247536
740.0,460.0,1944.6706247274115
740.0,465.0,1851.4635642114763
740.0,470.0,2053.7556941897174
740.0,475.0,2222.9052998974826
740.0,480.0,2347.4688287335716
740.0,485.0,2422.683142358492
740.0,490.0,2445.9495615828696
740.0,495.0,2416.872240547666
740.0,500.0,2337.2876479047954
740.0,505.0,2211.2787017753085
740.0,510.0,2045.1650079560895
740.0,515.0,1850.7815925512525
740.0,520.0,1943.6055881882894
740.0,525.0,2222.3795182972563
740.0,530.0,2469.5242560408997
740.0,535.0,2675.2849569227515
740.0,540.0,2831.9743603561537
740.0,545.0,2934.025240545787
740.0,550.0,2978.037851184063
740.0,555.0,2962.823332249189
740.0,560.0,2889.4405500758935
740.0,565.0,2761.2206780280076
740.0,570.0,2583.771400010224
740.0,575.0,2364.9512726678377
740.0,580.0,2114.804750522233
740.0,585.0,1856.5089356877093
740.0,590.0,1930.0074111325275
740.0,595.0,2173.575572158415
740.0,600.0,2381.4904216311884
740.0,605.0,2545.471160064319
740.0,610.0,2659.3347212485273
740.0,615.0,2719.0437052798725
740.0,620.0,2722.7499072180804
740.0,625.0,2670.8320493000633
740.0,630.0,2565.9230075971705
740.0,635.0,2412.9191273402203
740.0,640.0,2218.9625124476925
740.0,645.0,1993.3867290459532
740.0,650.0,1828.7076684770439
740.0,655.0,1956.879850892546
740.0,660.0,2058.7315143010082
740.0,665.0,2114.6287395021627
740.0,670.0,2122.679352963289
740.0,675.0,2083.1895009284344
740.0,680.0,1998.6862752260613
740.0,685.0,1873.9221539889854
740.0,690.0,1866.5692817899958
740.0,695.0,1924.869983079948
740.0,700.0,1938.1835141609954
740.0,705.0,1906.6004708282753
740.0,710.0,1832.8559745878306
740.0,715.0,2007.2340763528173
740.0,720.0,2674.5277238217127
740.0,725.0,3831.245575301318
740.0,730.0,5471.416465708031
740.0,735.0,7586.668054489525
740.0,740.0,10166.324960349628
740.0,745.0,13197.522819751975
740.0,750.0,16665.334767690387
740.0,755.0,20552.907122642857
740.0,760.0,24841.60151781446
740.0,765.0,29511.141310514453
740.0,770.0,34539.76075330594
740.0,775.0,39904.35606783839
740.0,780.0,45580.638155734334
740.0,785.0,51543.28716563661
740.0,790.0,57766.109464864865
740.0,795.0,64222.19771079529
740.0,800.0,70884.0946778691
740.0,805.0,77723.96126824795
740.0,810.0,84713.74875548683
740.0,815.0,91825.374799835
740.0,820.0,99030.90220389004
740.0,825.0,106302.71877878756
740.0,830.0,113613.7161407204
740.0,835.0,120937.46479120244
740.0,840.0,128248.38251398099
740.0,845.0,135521.89295955634
740.0,850.0,142734.57132222183
740.0,855.0,149864.27422912
740.0,860.0,156890.25135789745
740.0,865.0,163793.23683355082
740.0,870.0,170555.51911242577
740.0,875.0,177160.98876636548
740.0,880.0,180056.68296408418
740.0,885.0,180056.6829640842
740.0,890.0,180056.68296408418
740.0,895.0,180056.68296408418
740.0,900.0,180056.68296408418
745.0,250.0,133044.10821075377
745.0,255.0,129550.23661953356
745.0,260.0,125952.86716891453
745.0,265.0,122258.37653806308
745.0,270.0,118473.88625872644
745.0,275.0,114607.23227540845
745.0,280.0,110666.92318267406
745.0,285.0,106662.0875510113
745.0,290.0,102602.41116078204
745.0,295.0,98498.0653590667
745.0,300.0,94359.62810222588
745.0,305.0,90197.99953081383
745.0,310.0,86024.31412333739
745.0,315.0,81849.85157259126
745.0,320.0,77685.94852336987
745.0,325.0,73543.91319639969
745.0,330.0,69434.94471635362
745.0,335.0,65370.05866341036
745.0,340.0,61360.02001647694
745.0,345.0,57415.284255111335
745.0,350.0,53545.94698107943
745.0,355.0,49761.70201692187
745.0,360.0,46071.807578706226
745.0,365.0,42485.05980714976
745.0,370.0,39009.772700747875
745.0,375.0,35653.763334055075
745.0,380.0,32424.34116317804
745.0,385.0,29328.300223970808
745.0,390.0,26371.913107830267
745.0,395.0,23560.925741561496
745.0,400.0,20900.552196678127
745.0,405.0,18395.468985292773
745.0,410.0,16049.808556137143
745.0,415.0,13867.151962017586
745.0,420.0,11850.520918862314
745.0,425.0,10002.369699078035
745.0,430.0,8324.57748524942
745.0,435.0,6818.441948456464
745.0,440.0,5484.674897913261
745.0,445.0,4323.400873444531
745.0,450.0,3334.159521536521
745.0,455.0,2515.9125074017497
745.0,460.0,1944.6706247274162
745.0,465.0,1851.463564211477
745.0,470.0,2053.755694189709
745.0,475.0,2222.9052998974876
745.0,480.0,2347.4688287335775
745.0,485.0,2422.683142358494
745.0,490.0,2445.949561582867
745.0,495.0,2416.8722405476597
745.0,500.0,2337.28764790479
745.0,505.0,2211.2787017753058
745.0,510.0,2045.165007956089
745.0,515.0,1850.7815925512525
745.0,520.0,1943.6055881882912
745.0,525.0,2222.37951829726
745.0,530.0,2469.524256040896
745.0,535.0,2675.2849569227496
745.0,540.0,2831.974360356153
745.0,545.0,2934.0252405457845
745.0,550.0,2978.037851184071
745.0,555.0,2962.823332249193
745.0,560.0,2889.4405500758917
745.0,565.0,2761.2206780280076
745.0,570.0,2583.771400010223
745.0,575.0,2364.9512726678377
745.0,580.0,2114.804750522228
745.0,585.0,1856.508935687707
745.0,590.0,1930.0074111325262
745.0,595.0,2173.575572158419
745.0,600.0,2381.4904216311897
745.0,605.0,2545.4711600643213
745.0,610.0,2659.3347212485214
745.0,615.0,2719.0437052798757
745.0,620.0,2722.749907218084
745.0,625.0,2670.832049300064
745.0,630.0,2565.9230075971686
745.0,635.0,2412.919127340216
745.0,640.0,2218.9625124476916
745.0,645.0,1993.386729045953
745.0,650.0,1828.7076684770443
745.0,655.0,1956.8798508925404
745.0,660.0,2058.7315143010037
745.0,665.0,2114.6287395021645
745.0,670.0,2122.679352963289
745.0,675.0,2083.1895009284344
745.0,680.0,1998.686275226055
745.0,685.0,1873.922153988985
745.0,690.0,1866.5692817899878
745.0,695.0,1924.8699830799421
745.0,700.0,1938.183514161005
745.0,705.0,1906.6004708282833
745.0,710.0,1832.8559745878304
745.0,715.0,2007.2340763528168
745.0,720.0,2674.5277238217127
745.0,725.0,3831.245575301316
745.0,730.0,5471.416465708031
745.0,735.0,7586.668054489523
745.0,740.0,10166.324960349628
745.0,745.0,13197.522819751975
745.0,750.0,16665.334767690383
745.0,755.0,20552.907122642853
745.0,760.0,24841.601517814433
745.0,765.0,29511.14131051443
745.0,770.0,34539.76075330594
745.0,775.0,39904.356067838424
745.0,780.0,45580.63815573434
745.0,785.0,51543.28716563661
745.0,790.0,57766.10946486486
745.0,795.0,64222.197710795306
745.0,800.0,70884.0946778691
745.0,805.0,77723.96126824793
745.0,810.0,84713.74875548683
745.0,815.0,91825.37479983504
745.0,820.0,99030.90220389009
745.0,825.0,106302.7187787876
745.0,830.0,113613.7161407204
745.0,835.0,120937.46479120242
745.0,840.0,128248.38251398099
745.0,845.0,135521.89295955628
745.0,850.0,142734.5713222218
745.0,855.0,149864.27422912003
745.0,860.0,156890.25135789742
745.0,865.0,163793.23683355082
745.0,870.0,170555.5191124258
745.0,875.0,177160.98876636554
745.0,880.0,183595.16431931444
745.0,885.0,186410.089336997
745.0,890.0,186410.089336997
745.0,895.0,186410.089336997
745.0,900.0,186410.089336997
750.0,250.0,138173.426517839
750.0,255.0,134565.74498510655
750.0,260.0,130848.5587912937
750.0,265.0,127028.38215475062
750.0,270.0,123112.52032272618
750.0,275.0,119109.03991607574
750.0,280.0,115026.72729089721
750.0,285.0,110875.03529158556
750.0,290.0,106664.01920004457
750.0,295.0,102404.26310498355
750.0,300.0,98106.79828714623
750.0,305.0,93783.01552268396
750.0,310.0,89444.57342646264
750.0,315.0,85103.30506974601
750.0,320.0,80771.12511218234
750.0,325.0,76459.93957866463
750.0,330.0,72181.56020364875
750.0,335.0,67947.62496037886
750.0,340.0,63769.52603020048
750.0,345.0,59658.34605127386
750.0,350.0,55624.80306340826
750.0,355.0,51679.20414473954
750.0,360.0,47831.40735956409
750.0,365.0,44090.79130929353
750.0,370.0,40466.23132689904
750.0,375.0,36966.08118760883
750.0,380.0,33598.159124455844
750.0,385.0,30369.73694188995
750.0,390.0,27287.531104997874
750.0,395.0,24357.694831224893
750.0,400.0,21585.810420417853
750.0,405.0,18976.88130157443
750.0,410.0,16535.323541741192
750.0,415.0,14264.956829408582
750.0,420.0,12168.995200388486
750.0,425.0,10250.038000175588
750.0,430.0,8510.061759611815
750.0,435.0,6950.413794316745
750.0,440.0,5571.808411943005
750.0,445.0,4374.326623481367
750.0,450.0,3357.4202083223736
750.0,455.0,2519.920876379528
750.0,460.0,1944.6706247274099
750.0,465.0,1851.4635642114765
750.0,470.0,2053.755694189718
750.0,475.0,2222.9052998974876
750.0,480.0,2347.468828733572
750.0,485.0,2422.6831423584963
750.0,490.0,2445.949561582861
750.0,495.0,2416.8722405476706
750.0,500.0,2337.287647904792
750.0,505.0,2211.278701775304
750.0,510.0,2045.165007956086
750.0,515.0,1850.7815925512525
750.0,520.0,1943.6055881882876
750.0,525.0,2222.3795182972585
750.0,530.0,2469.524256040897
750.0,535.0,2675.284956922748
750.0,540.0,2831.9743603561583
750.0,545.0,2934.0252405457827
750.0,550.0,2978.0378511840663
750.0,555.0,2962.823332249193
750.0,560.0,2889.4405500758908
750.0,565.0,2761.2206780280076
750.0,570.0,2583.771400010225
750.0,575.0,2364.9512726678386
750.0,580.0,2114.804750522228
750.0,585.0,1856.508935687708
750.0,590.0,1930.0074111325198
750.0,595.0,2173.575572158423
750.0,600.0,2381.490421631187
750.0,605.0,2545.4711600643222
750.0,610.0,2659.3347212485182
750.0,615.0,2719.0437052798684
750.0,620.0,2722.749907218079
750.0,625.0,2670.8320493000533
750.0,630.0,2565.9230075971636
750.0,635.0,2412.9191273402225
750.0,640.0,2218.9625124476865
750.0,645.0,1993.3867290459507
750.0,650.0,1828.7076684770443
750.0,655.0,1956.879850892545
750.0,660.0,2058.7315143010055
750.0,665.0,2114.6287395021577
750.0,670.0,2122.679352963288
750.0,675.0,2083.1895009284403
750.0,680.0,1998.6862752260613
750.0,685.0,1873.9221539889913
750.0,690.0,1866.5692817899978
750.0,695.0,1924.869983079946
750.0,700.0,1938.1835141610006
750.0,705.0,1906.600470828279
750.0,710.0,1832.8559745878329
750.0,715.0,2007.2340763528132
750.0,720.0,2674.527723821714
750.0,725.0,3831.245575301318
750.0,730.0,5471.416465708031
750.0,735.0,7586.668054489533
750.0,740.0,10166.324960349628
750.0,745.0,13197.522819751957
750.0,750.0,16665.334767690383
750.0,755.0,20552.907122642853
750.0,760.0,24841.60151781446
750.0,765.0,29511.141310514453
750.0,770.0,34539.76075330594
750.0,775.0,39904.35606783839
750.0,780.0,45580.63815573434
750.0,785.0,51543.28716563658
750.0,790.0,57766.1094648649
750.0,795.0,64222.197710795306
750.0,800.0,70884.0946778691
750.0,805.0,77723.96126824795
750.0,810.0,84713.74875548683
750.0,815.0,91825.37479983499
750.0,820.0,99030.90220389004
750.0,825.0,106302.7187787876
750.0,830.0,113613.71614072041
750.0,835.0,120937.46479120247
750.0,840.0,128248.38251398098
750.0,845.0,135521.89295955628
750.0,850.0,142734.57132222183
750.0,855.0,149864.27422912003
750.0,860.0,156890.25135789742
750.0,865.0,163793.23683355082
750.0,870.0,170555.5191124258
750.0,875.0,177160.98876636542
750.0,880.0,183595.16431931447
750.0,885.0,189845.1969848716
750.0,890.0,192574.13918829444
750.0,895.0,192574.13918829442
750.0,900.0,192574.13918829442
755.0,250.0,143210.67451872738
755.0,255.0,139494.4009055429
755.0,260.0,135662.5823026437
755.0,265.0,131721.84771540275
755.0,270.0,127679.66334153616
755.0,275.0,123544.30402081486
755.0,280.0,119324.81205353205
755.0,285.0,115030.9437169377
755.0,290.0,110673.10426056727
755.0,295.0,106262.27260420565
755.0,300.0,101809.9173581804
755.0,305.0,97327.90611516072
755.0,310.0,92828.4102028924
755.0,315.0,88323.80721667198
755.0,320.0,83826.58366782631
755.0,325.0,79349.2399814327
755.0,330.0,74904.19986931665
755.0,335.0,70503.72579424469
755.0,340.0,66159.84186967264
755.0,345.0,61884.26511018961
755.0,350.0,57688.34550992939
755.0,355.0,53583.01498873426
755.0,360.0,49578.7448539276
755.0,365.0,45685.51108431299
755.0,370.0,41912.766480621656
755.0,375.0,38269.41855198435
755.0,380.0,34763.81192069973
755.0,385.0,31403.714033191325
755.0,390.0,28196.303054027834
755.0,395.0,25148.156976643513
755.0,400.0,22265.243202901223
755.0,405.0,19552.908096417515
755.0,410.0,17015.86629163061
755.0,415.0,14658.189815828686
755.0,420.0,12483.297342839089
755.0,425.0,10493.944125477705
755.0,430.0,8692.21333498815
755.0,435.0,7079.509663479735
755.0,440.0,5656.55610883237
755.0,445.0,4423.394859783605
755.0,450.0,3379.3931354719343
755.0,455.0,2523.2547081866055
755.0,460.0,1944.6706247274103
755.0,465.0,1851.4635642114702
755.0,470.0,2053.7556941897187
755.0,475.0,2222.905299897485
755.0,480.0,2347.468828733574
755.0,485.0,2422.6831423584963
755.0,490.0,2445.9495615828723
755.0,495.0,2416.872240547669
755.0,500.0,2337.2876479047927
755.0,505.0,2211.278701775306
755.0,510.0,2045.1650079560895
755.0,515.0,1850.7815925512525
755.0,520.0,1943.6055881882876
755.0,525.0,2222.379518297262
755.0,530.0,2469.5242560408988
755.0,535.0,2675.2849569227496
755.0,540.0,2831.974360356153
755.0,545.0,2934.025240545787
755.0,550.0,2978.0378511840668
755.0,555.0,2962.8233322491924
755.0,560.0,2889.4405500758935
755.0,565.0,2761.220678028007
755.0,570.0,2583.7714000102187
755.0,575.0,2364.9512726678386
755.0,580.0,2114.8047505222326
755.0,585.0,1856.5089356877065
755.0,590.0,1930.0074111325257
755.0,595.0,2173.575572158415
755.0,600.0,2381.4904216311857
755.0,605.0,2545.4711600643145
755.0,610.0,2659.334721248518
755.0,615.0,2719.043705279869
755.0,620.0,2722.7499072180854
755.0,625.0,2670.8320493000606
755.0,630.0,2565.9230075971714
755.0,635.0,2412.919127340216
755.0,640.0,2218.9625124476916
755.0,645.0,1993.3867290459514
755.0,650.0,1828.7076684770445
755.0,655.0,1956.879850892545
755.0,660.0,2058.731514301008
755.0,665.0,2114.6287395021573
755.0,670.0,2122.6793529632896
755.0,675.0,2083.1895009284335
755.0,680.0,1998.686275226061
755.0,685.0,1873.9221539889854
755.0,690.0,1866.5692817899933
755.0,695.0,1924.8699830799467
755.0,700.0,1938.1835141610024
755.0,705.0,1906.6004708282833
755.0,710.0,1832.8559745878304
755.0,715.0,2007.23407635282
755.0,720.0,2674.5277238217127
755.0,725.0,3831.2455753013205
755.0,730.0,5471.416465708031
755.0,735.0,7586.668054489525
755.0,740.0,10166.324960349628
755.0,745.0,13197.522819751957
755.0,750.0,16665.334767690383
755.0,755.0,20552.907122642853
755.0,760.0,24841.60151781446
755.0,765.0,29511.14131051443
755.0,770.0,34539.76075330594
755.0,775.0,39904.35606783839
755.0,780.0,45580.63815573434
755.0,785.0,51543.287165636626
755.0,790.0,57766.10946486488
755.0,795.0,64222.197710795306
755.0,800.0,70884.09467786911
755.0,805.0,77723.96126824795
755.0,810.0,84713.74875548683
755.0,815.0,91825.37479983503
755.0,820.0,99030.90220389004
755.0,825.0,106302.71877878754
755.0,830.0,113613.71614072041
755.0,835.0,120937.46479120244
755.0,840.0,128248.38251398099
755.0,845.0,135521.89295955634
755.0,850.0,142734.57132222183
755.0,855.0,149864.27422912006
755.0,860.0,156890.25135789742
755.0,865.0,163793.23683355082
755.0,870.0,170555.51911242574
755.0,875.0,177160.98876636554
755.0,880.0,183595.16431931447
755.0,885.0,189845.19698487167
755.0,890.0,195899.85578694736
755.0,895.0,198538.31466350637
755.0,900.0,198538.31466350632
760.0,250.0,148144.83297861286
760.0,255.0,144325.38698577846
760.0,260.0,140384.3462906944
760.0,265.0,136328.43158424165
760.0,270.0,132165.24663305172
760.0,275.0,127903.25115133877
760.0,280.0,123551.72041086343
760.0,285.0,119120.69186485435
760.0,290.0,114620.89953401321
760.0,295.0,110063.69736865081
760.0,300.0,105460.97322091092
760.0,305.0,100825.05541398918
760.0,310.0,96168.61415697933
760.0,315.0,91504.56020123679
760.0,320.0,86845.94316507372
760.0,325.0,82205.85185858722
760.0,330.0,77597.3187358151
760.0,335.0,73033.23028814215
760.0,340.0,68526.24481374788
760.0,345.0,64088.71855691132
760.0,350.0,59732.640759179994
760.0,355.0,55469.57771155354
760.0,360.0,51310.62549023485
760.0,365.0,47266.37070396177
760.0,370.0,43346.858308120194
760.0,375.0,39561.565359324784
760.0,380.0,35919.37949372451
760.0,385.0,32428.580918793017
760.0,390.0,29096.826801752857
760.0,395.0,25931.13710161646
760.0,400.0,22937.881119452428
760.0,405.0,20122.7643039132
760.0,410.0,17490.81513543431
760.0,415.0,15046.372195263535
760.0,420.0,12793.071791853172
760.0,425.0,10733.836746843546
760.0,430.0,8870.867121117073
760.0,435.0,7205.633782047402
760.0,440.0,5738.875765096221
760.0,445.0,4470.602365972611
760.0,450.0,3400.1008180428603
760.0,455.0,2525.9502640294063
760.0,460.0,1944.6706247274099
760.0,465.0,1851.4635642114765
760.0,470.0,2053.7556941897196
760.0,475.0,2222.9052998974857
760.0,480.0,2347.4688287335707
760.0,485.0,2422.683142358496
760.0,490.0,2445.949561582868
760.0,495.0,2416.8722405476638
760.0,500.0,2337.287647904789
760.0,505.0,2211.2787017753035
760.0,510.0,2045.165007956086
760.0,515.0,1850.7815925512525
760.0,520.0,1943.6055881882935
760.0,525.0,2222.3795182972563
760.0,530.0,2469.524256040898
760.0,535.0,2675.284956922748
760.0,540.0,2831.974360356153
760.0,545.0,2934.02524054578
760.0,550.0,2978.0378511840636
760.0,555.0,2962.823332249189
760.0,560.0,2889.4405500758917
760.0,565.0,2761.2206780280076
760.0,570.0,2583.771400010221
760.0,575.0,2364.9512726678327
760.0,580.0,2114.804750522227
760.0,585.0,1856.508935687707
760.0,590.0,1930.007411132526
760.0,595.0,2173.5755721584196
760.0,600.0,2381.4904216311884
760.0,605.0,2545.471160064317
760.0,610.0,2659.3347212485223
760.0,615.0,2719.0437052798684
760.0,620.0,2722.7499072180813
760.0,625.0,2670.832049300056
760.0,630.0,2565.9230075971695
760.0,635.0,2412.9191273402175
760.0,640.0,2218.962512447685
760.0,645.0,1993.3867290459527
760.0,650.0,1828.7076684770448
760.0,655.0,1956.879850892539
760.0,660.0,2058.7315143010055
760.0,665.0,2114.628739502158
760.0,670.0,2122.679352963289
760.0,675.0,2083.1895009284312
760.0,680.0,1998.6862752260558
760.0,685.0,1873.92215398899
760.0,690.0,1866.5692817899965
760.0,695.0,1924.8699830799476
760.0,700.0,1938.1835141609984
760.0,705.0,1906.6004708282785
760.0,710.0,1832.8559745878297
760.0,715.0,2007.234076352821
760.0,720.0,2674.527723821712
760.0,725.0,3831.245575301318
760.0,730.0,5471.416465708037
760.0,735.0,7586.668054489524
760.0,740.0,10166.324960349628
760.0,745.0,13197.522819751975
760.0,750.0,16665.334767690365
760.0,755.0,20552.90712264286
760.0,760.0,24841.60151781446
760.0,765.0,29511.141310514453
760.0,770.0,34539.76075330594
760.0,775.0,39904.35606783841
760.0,780.0,45580.63815573434
760.0,785.0,51543.28716563663
760.0,790.0,57766.10946486489
760.0,795.0,64222.197710795306
760.0,800.0,70884.0946778691
760.0,805.0,77723.96126824796
760.0,810.0,84713.74875548683
760.0,815.0,91825.374799835
760.0,820.0,99030.90220389004
760.0,825.0,106302.71877878753
760.0,830.0,113613.7161407204
760.0,835.0,120937.46479120244
760.0,840.0,128248.38251398096
760.0,845.0,135521.8929595563
760.0,850.0,142734.57132222183
760.0,855.0,149864.27422912003
760.0,860.0,156890.25135789742
760.0,865.0,163793.23683355082
760.0,870.0,170555.5191124258
760.0,875.0,177160.98876636548
760.0,880.0,183595.16431931444
760.0,885.0,189845.19698487167
760.0,890.0,195899.85578694736
760.0,895.0,201749.49507424908
760.0,900.0,204293.66364542014
765.0,250.0,152965.79297931737
765.0,255.0,149048.74922635462
765.0,260.0,145004.07545718973
765.0,265.0,140838.56085939467
765.0,270.0,136559.92303756403
765.0,275.0,132176.78261641948
765.0,280.0,127698.62397429162
765.0,285.0,123135.74232170373
765.0,290.0,118499.1778315767
765.0,295.0,113800.63801587709
765.0,300.0,109052.40998708089
765.0,305.0,104267.26461939453
765.0,310.0,99458.35490845497
765.0,315.0,94639.11099438903
765.0,320.0,89823.13435884845
765.0,325.0,85024.09362128173
765.0,330.0,80255.62415946522
765.0,335.0,75531.23346474719
765.0,340.0,70864.21375756213
765.0,345.0,66267.56293771442
765.0,350.0,61753.91447967594
765.0,355.0,57335.47641616855
765.0,360.0,53023.97913302034
765.0,365.0,48830.63133119657
765.0,370.0,44766.08322917055
765.0,375.0,40840.395890701075
765.0,380.0,37063.015469637736
765.0,385.0,33442.75117070249
765.0,390.0,29987.755822802952
765.0,395.0,26705.50813202681
765.0,400.0,23602.7959177796
765.0,405.0,20685.699907057406
765.0,410.0,17959.57795684715
765.0,415.0,15429.049864096247
765.0,420.0,13097.983193005639
765.0,425.0,10969.480779314426
765.0,430.0,9045.87074543101
765.0,435.0,7328.699972519415
765.0,440.0,5818.732014962795
765.0,445.0,4515.9504092579555
765.0,450.0,3419.5682286288247
765.0,455.0,2528.044567887546
765.0,460.0,1944.6706247274162
765.0,465.0,1851.4635642114756
765.0,470.0,2053.755694189715
765.0,475.0,2222.9052998974853
765.0,480.0,2347.468828733577
765.0,485.0,2422.6831423584986
765.0,490.0,2445.949561582868
765.0,495.0,2416.872240547666
765.0,500.0,2337.2876479047923
765.0,505.0,2211.2787017753053
765.0,510.0,2045.1650079560864
765.0,515.0,1850.7815925512525
765.0,520.0,1943.6055881882894
765.0,525.0,2222.3795182972603
765.0,530.0,2469.5242560408997
765.0,535.0,2675.2849569227424
765.0,540.0,2831.974360356153
765.0,545.0,2934.0252405457877
765.0,550.0,2978.0378511840686
765.0,555.0,2962.823332249185
765.0,560.0,2889.4405500758917
765.0,565.0,2761.220678028004
765.0,570.0,2583.771400010226
765.0,575.0,2364.9512726678386
765.0,580.0,2114.804750522229
765.0,585.0,1856.5089356877077
765.0,590.0,1930.0074111325252
765.0,595.0,2173.5755721584233
765.0,600.0,2381.4904216311884
765.0,605.0,2545.471160064324
765.0,610.0,2659.3347212485205
765.0,615.0,2719.043705279865
765.0,620.0,2722.749907218083
765.0,625.0,2670.8320493000556
765.0,630.0,2565.9230075971695
765.0,635.0,2412.919127340223
765.0,640.0,2218.9625124476856
765.0,645.0,1993.3867290459507
765.0,650.0,1828.7076684770445
765.0,655.0,1956.879850892545
765.0,660.0,2058.731514301008
765.0,665.0,2114.628739502158
765.0,670.0,2122.6793529632896
765.0,675.0,2083.189500928436
765.0,680.0,1998.6862752260608
765.0,685.0,1873.9221539889907
765.0,690.0,1866.5692817899946
765.0,695.0,1924.8699830799417
765.0,700.0,1938.1835141609981
765.0,705.0,1906.6004708282758
765.0,710.0,1832.8559745878329
765.0,715.0,2007.2340763528168
765.0,720.0,2674.527723821714
765.0,725.0,3831.2455753013164
765.0,730.0,5471.416465708033
765.0,735.0,7586.668054489524
765.0,740.0,10166.324960349604
765.0,745.0,13197.52281975196
765.0,750.0,16665.334767690383
765.0,755.0,20552.907122642857
765.0,760.0,24841.60151781446
765.0,765.0,29511.14131051443
765.0,770.0,34539.76075330594
765.0,775.0,39904.35606783839
765.0,780.0,45580.63815573435
765.0,785.0,51543.28716563661
765.0,790.0,57766.10946486486
765.0,795.0,64222.197710795284
765.0,800.0,70884.09467786913
765.0,805.0,77723.96126824795
765.0,810.0,84713.74875548684
765.0,815.0,91825.374799835
765.0,820.0,99030.90220389006
765.0,825.0,106302.71877878756
765.0,830.0,113613.71614072044
765.0,835.0,120937.46479120244
765.0,840.0,128248.38251398098
765.0,845.0,135521.8929595563
765.0,850.0,142734.57132222183
765.0,855.0,149864.27422912003
765.0,860.0,156890.25135789745
765.0,865.0,163793.23683355082
765.0,870.0,170555.51911242574
765.0,875.0,177160.98876636554
765.0,880.0,183595.16431931438
765.0,885.0,189845.19698487167
765.0,890.0,195899.85578694733
765.0,895.0,201749.49507424905
765.0,900.0,207386.00684000185
770.0,250.0,157664.37390113858
770.0,255.0,153655.41678280217
770.0,260.0,149512.83188152526
770.0,265.0,145243.4538568528
770.0,270.0,140855.09033168596
770.0,275.0,136356.4985234864
770.0,280.0,131757.3474259884
770.0,285.0,127068.16568784714
770.0,290.0,122300.27584467852
770.0,295.0,117465.71607068455
770.0,300.0,112577.15108272035
770.0,305.0,107647.77422976021
770.0,310.0,102691.20310693572
770.0,315.0,97721.37121919944
770.0,320.0,92752.41828143464
770.0,325.0,87798.58166764078
770.0,330.0,82874.09132770564
770.0,335.0,77993.0701762451
770.0,340.0,73169.44156917701
770.0,345.0,68416.8450243187
770.0,350.0,63748.5608671884
770.0,355.0,59177.44400347842
770.0,360.0,54715.8665868359
770.0,365.0,50375.66897182198
770.0,370.0,46168.11804989238
770.0,375.0,42103.871871964664
770.0,380.0,38192.94936487641
770.0,385.0,34444.703957221966
770.0,390.0,30867.80003175902
770.0,395.0,27470.19129867246
770.0,400.0,24259.10042859726
770.0,405.0,21240.99956441041
770.0,410.0,18421.59163378549
770.0,415.0,15805.792679857313
770.0,420.0,13397.71570067093
770.0,425.0,11200.656717165924
770.0,430.0,9217.08395840936
770.0,435.0,7448.631155415368
770.0,440.0,5896.095960232148
770.0,445.0,4559.444455945002
770.0,450.0,3437.8226021070436
770.0,455.0,2529.575271263556
770.0,460.0,1944.6706247274099
770.0,465.0,1851.4635642114765
770.0,470.0,2053.7556941897183
770.0,475.0,2222.905299897488
770.0,480.0,2347.4688287335694
770.0,485.0,2422.6831423585013
770.0,490.0,2445.949561582871
770.0,495.0,2416.872240547659
770.0,500.0,2337.287647904796
770.0,505.0,2211.278701775296
770.0,510.0,2045.1650079560861
770.0,515.0,1850.7815925512525
770.0,520.0,1943.605588188289
770.0,525.0,2222.3795182972576
770.0,530.0,2469.5242560408915
770.0,535.0,2675.2849569227424
770.0,540.0,2831.974360356146
770.0,545.0,2934.0252405457886
770.0,550.0,2978.037851184065
770.0,555.0,2962.823332249188
770.0,560.0,2889.4405500758926
770.0,565.0,2761.2206780280076
770.0,570.0,2583.771400010222
770.0,575.0,2364.9512726678336
770.0,580.0,2114.804750522228
770.0,585.0,1856.508935687707
770.0,590.0,1930.0074111325252
770.0,595.0,2173.5755721584233
770.0,600.0,2381.4904216311884
770.0,605.0,2545.4711600643204
770.0,610.0,2659.334721248521
770.0,615.0,2719.0437052798693
770.0,620.0,2722.7499072180804
770.0,625.0,2670.832049300058
770.0,630.0,2565.92300759717
770.0,635.0,2412.9191273402234
770.0,640.0,2218.962512447695
770.0,645.0,1993.3867290459468
770.0,650.0,1828.7076684770439
770.0,655.0,1956.87985089254
770.0,660.0,2058.731514301005
770.0,665.0,2114.628739502158
770.0,670.0,2122.6793529632882
770.0,675.0,2083.1895009284353
770.0,680.0,1998.6862752260631
770.0,685.0,1873.922153988992
770.0,690.0,1866.5692817899928
770.0,695.0,1924.8699830799444
770.0,700.0,1938.1835141610027
770.0,705.0,1906.6004708282815
770.0,710.0,1832.85597458783
770.0,715.0,2007.23407635282
770.0,720.0,2674.5277238217127
770.0,725.0,3831.2455753013232
770.0,730.0,5471.416465708031
770.0,735.0,7586.668054489524
770.0,740.0,10166.324960349628
770.0,745.0,13197.522819751975
770.0,750.0,16665.334767690365
770.0,755.0,20552.90712264286
770.0,760.0,24841.60151781446
770.0,765.0,29511.141310514453
770.0,770.0,34539.76075330594
770.0,775.0,39904.356067838395
770.0,780.0,45580.63815573434
770.0,785.0,51543.2871656366
770.0,790.0,57766.109464864865
770.0,795.0,64222.19771079529
770.0,800.0,70884.09467786911
770.0,805.0,77723.96126824796
770.0,810.0,84713.74875548684
770.0,815.0,91825.37479983499
770.0,820.0,99030.90220389004
770.0,825.0,106302.71877878753
770.0,830.0,113613.71614072041
770.0,835.0,120937.46479120241
770.0,840.0,128248.38251398099
770.0,845.0,135521.89295955634
770.0,850.0,142734.57132222183
770.0,855.0,149864.27422911994
770.0,860.0,156890.25135789745
770.0,865.0,163793.23683355082
770.0,870.0,170555.5191124258
770.0,875.0,177160.98876636548
770.0,880.0,183595.16431931447
770.0,885.0,189845.19698487167
770.0,890.0,195899.8557869473
770.0,895.0,201749.49507424905
770.0,900.0,207386.0068400019
775.0,250.0,162232.3297941641
775.0,255.0,158137.21054244254
775.0,260.0,153902.52555885687
775.0,265.0,149535.13235111532
775.0,270.0,145042.9049020002
775.0,275.0,140434.71260916904
775.0,280.0,135720.38422807332
775.0,285.0,130910.65688959153
775.0,290.0,126017.11079079454
775.0,295.0,121052.0906873016
775.0,300.0,116028.6158047091
775.0,305.0,110960.28020989502
775.0,310.0,105861.1460118054
775.0,315.0,100745.63196755032
775.0,320.0,95628.40014846942
775.0,325.0,90524.24325919153
775.0,330.0,85447.97501635159
775.0,335.0,80414.32568195228
775.0,340.0,75437.84445546432
775.0,345.0,70532.80996288385
775.0,350.0,65713.14959666519
775.0,355.0,60992.3679694888
775.0,360.0,56383.484300688215
775.0,365.0,51898.97816472678
775.0,370.0,47550.742730545884
775.0,375.0,43350.04442067618
775.0,380.0,39307.487820236995
775.0,385.0,35432.984675118154
775.0,390.0,31735.72592439942
775.0,395.0,28224.155895479198
775.0,400.0,24905.948042972355
775.0,405.0,21787.98190066716
775.0,410.0,18876.321226190015
775.0,415.0,16176.193618549656
775.0,420.0,13691.972164186549
775.0,425.0,11427.159894382525
775.0,430.0,9384.37799950054
775.0,435.0,7565.358837322821
775.0,440.0,5970.944782895987
775.0,445.0,4601.093897394549
775.0,450.0,3454.893250883768
775.0,455.0,2530.580521962947
775.0,460.0,1944.6706247274162
775.0,465.0,1851.4635642114717
775.0,470.0,2053.7556941897187
775.0,475.0,2222.905299897485
775.0,480.0,2347.4688287335757
775.0,485.0,2422.683142358497
775.0,490.0,2445.949561582868
775.0,495.0,2416.872240547668
775.0,500.0,2337.2876479047964
775.0,505.0,2211.2787017753017
775.0,510.0,2045.1650079560884
775.0,515.0,1850.7815925512525
775.0,520.0,1943.6055881882944
775.0,525.0,2222.3795182972613
775.0,530.0,2469.524256040897
775.0,535.0,2675.284956922749
775.0,540.0,2831.974360356153
775.0,545.0,2934.0252405457786
775.0,550.0,2978.03785118407
775.0,555.0,2962.8233322491874
775.0,560.0,2889.4405500758917
775.0,565.0,2761.2206780280076
775.0,570.0,2583.7714000102196
775.0,575.0,2364.9512726678345
775.0,580.0,2114.8047505222266
775.0,585.0,1856.508935687707
775.0,590.0,1930.0074111325237
775.0,595.0,2173.5755721584214
775.0,600.0,2381.490421631183
775.0,605.0,2545.471160064322
775.0,610.0,2659.3347212485273
775.0,615.0,2719.0437052798684
775.0,620.0,2722.749907218087
775.0,625.0,2670.832049300064
775.0,630.0,2565.923007597163
775.0,635.0,2412.9191273402203
775.0,640.0,2218.9625124476865
775.0,645.0,1993.3867290459525
775.0,650.0,1828.7076684770443
775.0,655.0,1956.8798508925395
775.0,660.0,2058.7315143010055
775.0,665.0,2114.62873950216
775.0,670.0,2122.6793529632896
775.0,675.0,2083.189500928439
775.0,680.0,1998.6862752260602
775.0,685.0,1873.922153988992
775.0,690.0,1866.5692817899887
775.0,695.0,1924.8699830799526
775.0,700.0,1938.1835141610059
775.0,705.0,1906.6004708282935
775.0,710.0,1832.8559745878304
775.0,715.0,2007.2340763528164
775.0,720.0,2674.5277238217136
775.0,725.0,3831.245575301316
775.0,730.0,5471.416465708031
775.0,735.0,7586.6680544895235
775.0,740.0,10166.324960349612
775.0,745.0,13197.522819751975
775.0,750.0,16665.33476769037
775.0,755.0,20552.907122642853
775.0,760.0,24841.601517814463
775.0,765.0,29511.141310514453
775.0,770.0,34539.76075330594
775.0,775.0,39904.356067838424
775.0,780.0,45580.63815573435
775.0,785.0,51543.28716563661
775.0,790.0,57766.10946486488
775.0,795.0,64222.19771079529
775.0,800.0,70884.0946778691
775.0,805.0,77723.96126824796
775.0,810.0,84713.74875548683
775.0,815.0,91825.37479983503
775.0,820.0,99030.90220389009
775.0,825.0,106302.71877878759
775.0,830.0,113613.71614072045
775.0,835.0,120937.46479120244
775.0,840.0,128248.38251398098
775.0,845.0,135521.8929595563
775.0,850.0,142734.57132222183
775.0,855.0,149864.27422912003
775.0,860.0,156890.25135789742
775.0,865.0,163793.23683355085
775.0,870.0,170555.51911242574
775.0,875.0,177160.98876636548
775.0,880.0,183595.16431931447
775.0,885.0,189845.19698487167
775.0,890.0,195899.8557869473
775.0,895.0,201749.49507424905
775.0,900.0,207386.0068400019
780.0,250.0,166662.34573153977
780.0,255.0,162486.84201594995
780.0,260.0,158165.9156170815
780.0,265.0,153706.42488685044
780.0,270.0,149116.28690616236
780.0,275.0,144404.45899389376
780.0,280.0,139580.9047081813
780.0,285.0,134656.54433099457
780.0,290.0,129643.19036902863
780.0,295.0,124553.46915297626
780.0,300.0,119400.73012766511
780.0,305.0,114198.94487155086
780.0,310.0,108962.59823536935
780.0,315.0,103706.57421671554
780.0,320.0,98446.03928404336
780.0,325.0,93196.32581573432
780.0,330.0,87972.81814279506
780.0,335.0,82790.843376151
780.0,340.0,77665.56880836232
780.0,345.0,72611.90720901993
780.0,350.0,67644.43084132913
780.0,355.0,62777.29452674296
780.0,360.0,58024.167630422606
780.0,365.0,53398.1744413198
780.0,370.0,48911.84211244444
780.0,375.0,44577.05512193612
780.0,380.0,40405.015114717535
780.0,385.0,36406.20499489163
780.0,390.0,32590.35624892798
780.0,395.0,28966.41866932212
780.0,400.0,25542.53190873176
780.0,405.0,22325.998590563355
780.0,410.0,19323.25901918524
780.0,415.0,16539.867837962283
780.0,420.0,13980.47326007327
780.0,425.0,11648.799721501122
780.0,430.0,9547.634960789455
780.0,435.0,7678.822609981968
780.0,440.0,6043.261374910786
780.0,445.0,4640.911793063198
780.0,450.0,3470.8113920326355
780.0,455.0,2531.098835638101
780.0,460.0,1944.6706247274117
780.0,465.0,1851.463564211477
780.0,470.0,2053.75569418972
780.0,475.0,2222.9052998974894
780.0,480.0,2347.4688287335757
780.0,485.0,2422.6831423585036
780.0,490.0,2445.949561582866
780.0,495.0,2416.87224054767
780.0,500.0,2337.287647904794
780.0,505.0,2211.278701775304
780.0,510.0,2045.165007956089
780.0,515.0,1850.7815925512523
780.0,520.0,1943.6055881882912
780.0,525.0,2222.379518297261
780.0,530.0,2469.5242560409247
780.0,535.0,2675.284956922752
780.0,540.0,2831.9743603561524
780.0,545.0,2934.0252405457895
780.0,550.0,2978.0378511840727
780.0,555.0,2962.823332249262
780.0,560.0,2889.4405500758935
780.0,565.0,2761.220678028003
780.0,570.0,2583.771400010222
780.0,575.0,2364.9512726678345
780.0,580.0,2114.8047505222316
780.0,585.0,1856.508935687707
780.0,590.0,1930.0074111325255
780.0,595.0,2173.575572158415
780.0,600.0,2381.490421631189
780.0,605.0,2545.4711600643177
780.0,610.0,2659.334721248517
780.0,615.0,2719.043705279872
780.0,620.0,2722.749907218084
780.0,625.0,2670.8320493000615
780.0,630.0,2565.923007597164
780.0,635.0,2412.91912734022
780.0,640.0,2218.962512447689
780.0,645.0,1993.3867290459555
780.0,650.0,1828.7076684770448
780.0,655.0,1956.8798508925463
780.0,660.0,2058.731514301008
780.0,665.0,2114.6287395021645
780.0,670.0,2122.679352963293
780.0,675.0,2083.18950092844
780.0,680.0,1998.686275226057
780.0,685.0,1873.9221539889897
780.0,690.0,1866.5692817899899
780.0,695.0,1924.8699830799446
780.0,700.0,1938.1835141610004
780.0,705.0,1906.6004708282833
780.0,710.0,1832.8559745878272
780.0,715.0,2007.2340763528164
780.0,720.0,2674.527723821716
780.0,725.0,3831.245575301313
780.0,730.0,5471.416465708031
780.0,735.0,7586.668054489525
780.0,740.0,10166.324960349613
780.0,745.0,13197.522819751975
780.0,750.0,16665.334767690383
780.0,755.0,20552.90712264286
780.0,760.0,24841.60151781446
780.0,765.0,29511.141310514453
780.0,770.0,34539.76075330592
780.0,775.0,39904.35606783839
780.0,780.0,45580.63815573434
780.0,785.0,51543.287165636626
780.0,790.0,57766.10946486486
780.0,795.0,64222.197710795335
780.0,800.0,70884.0946778691
780.0,805.0,77723.96126824795
780.0,810.0,84713.74875548684
780.0,815.0,91825.37479983503
780.0,820.0,99030.90220389004
780.0,825.0,106302.71877878754
780.0,830.0,113613.71614072044
780.0,835.0,120937.46479120244
780.0,840.0,128248.38251398099
780.0,845.0,135521.89295955622
780.0,850.0,142734.57132222183
780.0,855.0,149864.27422912003
780.0,860.0,156890.25135789745
780.0,865.0,163793.23683355085
780.0,870.0,170555.5191124258
780.0,875.0,177160.9887663655
780.0,880.0,183595.16431931438
780.0,885.0,189845.19698487167
780.0,890.0,195899.8557869473
780.0,895.0,201749.49507424908
780.0,900.0,207386.00684000197
785.0,250.0,170948.0258502746
785.0,255.0,166697.90415831713
785.0,260.0,162296.60373730192
785.0,265.0,157750.96259775132
785.0,270.0,153068.9182714347
785.0,275.0,148259.49212711834
785.0,280.0,143332.7577079052
785.0,285.0,138299.79299558557
785.0,290.0,133172.61706304323
785.0,295.0,127964.11214229211
785.0,300.0,122687.93266641027
785.0,305.0,117358.40331156348
785.0,310.0,111990.40843883151
785.0,315.0,106599.27558342306
785.0,320.0,101200.65575411436
785.0,325.0,95810.40327271794
785.0,330.0,90444.45771695122
785.0,335.0,85118.73022818648
785.0,340.0,79848.99605592144
785.0,345.0,74650.79473736737
785.0,350.0,69539.33881308271
785.0,355.0,64529.43147087646
785.0,360.0,59635.39304760399
785.0,365.0,54870.99591116226
785.0,370.0,50249.40693008696
785.0,375.0,45783.13652894609
785.0,380.0,41483.99322535374
785.0,385.0,37363.04255637688
785.0,390.0,33430.56941627067
785.0,395.0,29696.04302336091
785.0,400.0,26168.084001790197
785.0,405.0,22854.433367269725
785.0,410.0,19761.923529588737
785.0,415.0,16896.451733564565
785.0,420.0,14262.956637464105
785.0,425.0,11865.39894868659
785.0,430.0,9706.74718329909
785.0,435.0,7788.969682779356
785.0,440.0,6113.033997544157
785.0,445.0,4678.914635729779
785.0,450.0,3485.609986793691
785.0,455.0,2531.192997229674
785.0,460.0,1944.6706247274162
785.0,465.0,1851.4635642114747
785.0,470.0,2053.7556941897155
785.0,475.0,2222.905299897484
785.0,480.0,2347.468828733572
785.0,485.0,2422.6831423585013
785.0,490.0,2445.9495615828628
785.0,495.0,2416.872240547658
785.0,500.0,2337.2876479047886
785.0,505.0,2211.2787017753008
785.0,510.0,2045.1650079560882
785.0,515.0,1850.7815925512525
785.0,520.0,1943.6055881882894
785.0,525.0,2222.3795182972613
785.0,530.0,2469.524256040894
785.0,535.0,2675.284956922755
785.0,540.0,2831.97436035616
785.0,545.0,2934.0252405457895
785.0,550.0,2978.037851184069
785.0,555.0,2962.823332249188
785.0,560.0,2889.4405500758935
785.0,565.0,2761.2206780280076
785.0,570.0,2583.771400010218
785.0,575.0,2364.951272667838
785.0,580.0,2114.804750522231
785.0,585.0,1856.5089356877113
785.0,590.0,1930.0074111325237
785.0,595.0,2173.575572158415
785.0,600.0,2381.4904216311884
785.0,605.0,2545.471160064318
785.0,610.0,2659.3347212485287
785.0,615.0,2719.0437052798725
785.0,620.0,2722.749907218084
785.0,625.0,2670.8320493000606
785.0,630.0,2565.9230075971673
785.0,635.0,2412.9191273402234
785.0,640.0,2218.9625124476897
785.0,645.0,1993.3867290459505
785.0,650.0,1828.7076684770445
785.0,655.0,1956.8798508925418
785.0,660.0,2058.7315143010055
785.0,665.0,2114.628739502161
785.0,670.0,2122.6793529632882
785.0,675.0,2083.189500928442
785.0,680.0,1998.6862752260602
785.0,685.0,1873.922153988992
785.0,690.0,1866.5692817899912
785.0,695.0,1924.8699830799455
785.0,700.0,1938.183514160998
785.0,705.0,1906.6004708282833
785.0,710.0,1832.8559745878306
785.0,715.0,2007.2340763528205
785.0,720.0,2674.5277238217127
785.0,725.0,3831.2455753013146
785.0,730.0,5471.416465708031
785.0,735.0,7586.668054489525
785.0,740.0,10166.324960349622
785.0,745.0,13197.522819751975
785.0,750.0,16665.334767690387
785.0,755.0,20552.907122642857
785.0,760.0,24841.60151781446
785.0,765.0,29511.141310514453
785.0,770.0,34539.76075330594
785.0,775.0,39904.356067838424
785.0,780.0,45580.638155734334
785.0,785.0,51543.28716563663
785.0,790.0,57766.10946486487
785.0,795.0,64222.19771079529
785.0,800.0,70884.09467786914
785.0,805.0,77723.96126824796
785.0,810.0,84713.74875548683
785.0,815.0,91825.374799835
785.0,820.0,99030.9022038901
785.0,825.0,106302.71877878756
785.0,830.0,113613.71614072041
785.0,835.0,120937.46479120242
785.0,840.0,128248.38251398098
785.0,845.0,135521.89295955634
785.0,850.0,142734.57132222183
785.0,855.0,149864.27422912003
785.0,860.0,156890.25135789742
785.0,865.0,163793.23683355082
785.0,870.0,170555.51911242577
785.0,875.0,177160.98876636548
785.0,880.0,183595.16431931444
785.0,885.0,189845.19698487167
785.0,890.0,195899.8557869473
785.0,895.0,201749.49507424908
785.0,900.0,207386.00684000185
790.0,250.0,175083.87479043193
790.0,255.0,170764.85574694024
790.0,260.0,166289.02132216768
790.0,265.0,161663.16899413717
790.0,270.0,156895.23491049404
790.0,275.0,151994.28122306097
790.0,280.0,146970.4670162444
790.0,285.0,141835.00264513402
790.0,290.0,136600.0878665676
790.0,295.0,131278.83472887572
790.0,300.0,125885.17673566224
790.0,305.0,120433.76628786452
790.0,310.0,114939.86280353637
790.0,315.0,109419.21418352213
790.0,320.0,103887.93442534802
790.0,325.0,98362.38017029164
790.0,330.0,92859.02881398109
790.0,335.0,87394.36051619184
790.0,340.0,81984.74605901197
790.0,345.0,76646.34202798971
790.0,350.0,71394.99428941219
790.0,355.0,66246.15022176366
790.0,360.0,61214.77968976086
790.0,365.0,56315.30433503195
790.0,370.0,51561.53443699082
790.0,375.0,46966.61238485856
790.0,380.0,42542.96169853745
790.0,385.0,38302.24055000625
790.0,390.0,34255.2988556458
790.0,395.0,30412.138212137834
790.0,400.0,26781.87422404231
790.0,405.0,23372.701081852134
790.0,410.0,20191.858579024014
790.0,415.0,17245.602068853328
790.0,420.0,14539.176139365341
790.0,425.0,12076.79300071838
790.0,430.0,9861.616717115267
790.0,435.0,7895.754467918798
790.0,440.0,6180.255980296925
790.0,445.0,4715.122142345741
790.0,450.0,3499.323592014255
790.0,455.0,2531.192997229683
790.0,460.0,1944.670624727409
790.0,465.0,1851.4635642114763
790.0,470.0,2053.7556941897165
790.0,475.0,2222.905299897492
790.0,480.0,2347.4688287335716
790.0,485.0,2422.6831423584986
790.0,490.0,2445.9495615828646
790.0,495.0,2416.872240547665
790.0,500.0,2337.28764790479
790.0,505.0,2211.278701775308
790.0,510.0,2045.165007956089
790.0,515.0,1850.7815925512525
790.0,520.0,1943.6055881882903
790.0,525.0,2222.379518297261
790.0,530.0,2469.524256040895
790.0,535.0,2675.28495692275
790.0,540.0,2831.97436035616
790.0,545.0,2934.025240545791
790.0,550.0,2978.0378511840686
790.0,555.0,2962.8233322491824
790.0,560.0,2889.440550075892
790.0,565.0,2761.2206780280067
790.0,570.0,2583.7714000102237
790.0,575.0,2364.9512726678395
790.0,580.0,2114.804750522236
790.0,585.0,1856.5089356877083
790.0,590.0,1930.0074111325255
790.0,595.0,2173.575572158421
790.0,600.0,2381.490421631188
790.0,605.0,2545.4711600643177
790.0,610.0,2659.334721248521
790.0,615.0,2719.0437052798675
790.0,620.0,2722.7499072180804
790.0,625.0,2670.8320493000588
790.0,630.0,2565.9230075971705
790.0,635.0,2412.91912734022
790.0,640.0,2218.96251244769
790.0,645.0,1993.3867290459484
790.0,650.0,1828.7076684770439
790.0,655.0,1956.8798508925463
790.0,660.0,2058.731514301008
790.0,665.0,2114.6287395021645
790.0,670.0,2122.6793529632882
790.0,675.0,2083.189500928431
790.0,680.0,1998.6862752260552
790.0,685.0,1873.9221539889932
790.0,690.0,1866.5692817899894
790.0,695.0,1924.8699830799437
790.0,700.0,1938.1835141610002
790.0,705.0,1906.6004708282871
790.0,710.0,1832.8559745878306
790.0,715.0,2007.2340763528139
790.0,720.0,2674.5277238217127
790.0,725.0,3831.2455753013223
790.0,730.0,5471.416465708033
790.0,735.0,7586.668054489525
790.0,740.0,10166.324960349628
790.0,745.0,13197.522819751957
790.0,750.0,16665.334767690365
790.0,755.0,20552.90712264285
790.0,760.0,24841.601517814433
790.0,765.0,29511.141310514453
790.0,770.0,34539.76075330594
790.0,775.0,39904.35606783839
790.0,780.0,45580.638155734334
790.0,785.0,51543.287165636626
790.0,790.0,57766.1094648649
790.0,795.0,64222.197710795306
790.0,800.0,70884.09467786913
790.0,805.0,77723.96126824793
790.0,810.0,84713.74875548684
790.0,815.0,91825.37479983503
790.0,820.0,99030.90220389004
790.0,825.0,106302.71877878759
790.0,830.0,113613.7161407204
790.0,835.0,120937.46479120247
790.0,840.0,128248.38251398098
790.0,845.0,135521.89295955634
790.0,850.0,142734.57132222183
790.0,855.0,149864.27422912003
790.0,860.0,156890.25135789742
790.0,865.0,163793.23683355085
790.0,870.0,170555.51911242574
790.0,875.0,177160.98876636554
790.0,880.0,183595.16431931444
790.0,885.0,189845.19698487167
790.0,890.0,195899.8557869473
790.0,895.0,201749.49507424908
790.0,900.0,207386.0068400019
795.0,250.0,179065.27415330155
795.0,255.0,174683.00086467178
795.0,260.0,170138.41188612438
795.0,265.0,165438.24511908795
795.0,270.0,160590.41448024762
795.0,275.0,155604.00043940253
795.0,280.0,150489.22376863417
795.0,285.0,145257.40222597445
795.0,290.0,139920.8904741982
795.0,295.0,134493.0041320291
795.0,300.0,128987.92942216923
795.0,305.0,123420.62038928061
795.0,310.0,117806.68607718546
795.0,315.0,112162.27034383097
795.0,320.0,106503.92714581272
795.0,325.0,100848.49412314521
795.0,330.0,95212.96717319505
795.0,335.0,89614.37841652324
795.0,340.0,84069.67957556974
795.0,345.0,78595.63231309816
795.0,350.0,73208.70657355788
795.0,355.0,67924.98745064877
795.0,360.0,62760.09062920424
795.0,365.0,57729.086029497936
795.0,370.0,52846.428957124
795.0,375.0,48125.89784655596
795.0,380.0,43580.53758312405
795.0,385.0,39222.60740470514
795.0,390.0,35063.53250812979
795.0,395.0,31113.858694149756
795.0,400.0,27383.209667920426
795.0,405.0,23880.24692987759
795.0,410.0,20612.63252747567
795.0,415.0,17586.995253720637
795.0,420.0,14808.901155197314
795.0,425.0,12282.82942352721
795.0,430.0,10012.1548716102
795.0,435.0,7999.13823373216
795.0,440.0,6244.925466665637
795.0,445.0,4749.557072218729
795.0,450.0,3511.988222314834
795.0,455.0,2531.1929972296834
795.0,460.0,1944.6706247274099
795.0,465.0,1851.463564211477
795.0,470.0,2053.755694189715
795.0,475.0,2222.9052998974876
795.0,480.0,2347.4688287335775
795.0,485.0,2422.6831423584954
795.0,490.0,2445.9495615828696
795.0,495.0,2416.8722405476615
795.0,500.0,2337.2876479047877
795.0,505.0,2211.2787017753067
795.0,510.0,2045.1650079560861
795.0,515.0,1850.781592551247
795.0,520.0,1943.605588188288
795.0,525.0,2222.3795182972567
795.0,530.0,2469.5242560409006
795.0,535.0,2675.284956922749
795.0,540.0,2831.9743603561574
795.0,545.0,2934.025240545785
795.0,550.0,2978.0378511840713
795.0,555.0,2962.8233322491888
795.0,560.0,2889.4405500758935
795.0,565.0,2761.2206780280076
795.0,570.0,2583.7714000102183
795.0,575.0,2364.9512726678354
795.0,580.0,2114.8047505222335
795.0,585.0,1856.5089356877083
795.0,590.0,1930.0074111325218
795.0,595.0,2173.5755721584205
795.0,600.0,2381.490421631186
795.0,605.0,2545.4711600643172
795.0,610.0,2659.334721248523
795.0,615.0,2719.0437052798675
795.0,620.0,2722.749907218084
795.0,625.0,2670.832049300052
795.0,630.0,2565.923007597168
795.0,635.0,2412.9191273402175
795.0,640.0,2218.9625124476906
795.0,645.0,1993.3867290459498
795.0,650.0,1828.7076684770443
795.0,655.0,1956.8798508925436
795.0,660.0,2058.731514301005
795.0,665.0,2114.628739502162
795.0,670.0,2122.679352963292
795.0,675.0,2083.1895009284367
795.0,680.0,1998.6862752260588
795.0,685.0,1873.9221539889866
795.0,690.0,1866.5692817899962
795.0,695.0,1924.8699830799444
795.0,700.0,1938.1835141610022
795.0,705.0,1906.6004708282737
795.0,710.0,1832.8559745878306
795.0,715.0,2007.2340763528161
795.0,720.0,2674.527723821716
795.0,725.0,3831.245575301318
795.0,730.0,5471.416465708031
795.0,735.0,7586.668054489525
795.0,740.0,10166.324960349628
795.0,745.0,13197.522819751975
795.0,750.0,16665.33476769038
795.0,755.0,20552.907122642853
795.0,760.0,24841.601517814437
795.0,765.0,29511.141310514453
795.0,770.0,34539.76075330594
795.0,775.0,39904.35606783839
795.0,780.0,45580.63815573434
795.0,785.0,51543.28716563661
795.0,790.0,57766.10946486487
795.0,795.0,64222.197710795284
795.0,800.0,70884.09467786913
795.0,805.0,77723.96126824796
795.0,810.0,84713.74875548683
795.0,815.0,91825.37479983502
795.0,820.0,99030.90220389004
795.0,825.0,106302.71877878759
795.0,830.0,113613.7161407204
795.0,835.0,120937.46479120244
795.0,840.0,128248.38251398099
795.0,845.0,135521.8929595563
795.0,850.0,142734.57132222183
795.0,855.0,149864.27422912
795.0,860.0,156890.25135789745
795.0,865.0,163793.2368335509
795.0,870.0,170555.51911242574
795.0,875.0,177160.98876636548
795.0,880.0,183595.16431931438
795.0,885.0,189845.1969848716
795.0,890.0,195899.8557869473
795.0,895.0,201749.49507424905
795.0,900.0,207386.0068400019
800.0,250.0,182888.45543027547
800.0,255.0,178448.46487870757
800.0,260.0,173840.8099958827
800.0,265.0,169072.15133774342
800.0,270.0,164150.36088407243
800.0,275.0,159084.5159352008
800.0,280.0,153884.87588420778
800.0,285.0,148562.84149305805
800.0,290.0,143130.89688673255
800.0,295.0,137602.5350885364
800.0,300.0,131992.16850278698
800.0,305.0,126315.02627834602
800.0,310.0,120587.04092258551
800.0,315.0,114824.72684472422
800.0,320.0,109045.05367972924
800.0,325.0,103265.3172595301
800.0,330.0,97503.01097013704
800.0,335.0,91775.69995672845
800.0,340.0,86100.90026302765
800.0,345.0,80495.96451936374
800.0,350.0,74977.97528936216
800.0,355.0,69563.6466621788
800.0,360.0,64269.234198008155
800.0,365.0,59110.452910289656
800.0,370.0,54102.40263985518
800.0,375.0,49259.499959792185
800.0,380.0,44595.41564717072
800.0,385.0,40123.01677759939
800.0,390.0,35854.31262777119
800.0,395.0,31800.403786975734
800.0,400.0,27971.434169541797
800.0,405.0,24376.545945419606
800.0,410.0,21023.83774753911
800.0,415.0,17920.326832946288
800.0,420.0,15071.916150594234
800.0,425.0,12483.367474312154
800.0,430.0,10158.281876149507
800.0,435.0,8099.088837263101
800.0,440.0,6307.045211078299
800.0,445.0,4782.245072529933
800.0,450.0,3523.6412210895355
800.0,455.0,2531.192997229685
800.0,460.0,1944.6706247274099
800.0,465.0,1851.463564211477
800.0,470.0,2053.7556941897165
800.0,475.0,2222.9052998974876
800.0,480.0,2347.4688287335716
800.0,485.0,2422.6831423584995
800.0,490.0,2445.9495615828664
800.0,495.0,2416.872240547667
800.0,500.0,2337.287647904791
800.0,505.0,2211.278701775303
800.0,510.0,2045.1650079560893
800.0,515.0,1850.781592551247
800.0,520.0,1943.6055881882912
800.0,525.0,2222.379518297262
800.0,530.0,2469.524256040898
800.0,535.0,2675.284956922749
800.0,540.0,2831.97436035616
800.0,545.0,2934.0252405457873
800.0,550.0,2978.037851184068
800.0,555.0,2962.8233322491874
800.0,560.0,2889.4405500758953
800.0,565.0,2761.220678028001
800.0,570.0,2583.7714000102173
800.0,575.0,2364.9512726678327
800.0,580.0,2114.804750522236
800.0,585.0,1856.5089356877083
800.0,590.0,1930.007411132526
800.0,595.0,2173.5755721584205
800.0,600.0,2381.490421631185
800.0,605.0,2545.4711600643172
800.0,610.0,2659.3347212485255
800.0,615.0,2719.0437052798684
800.0,620.0,2722.7499072180785
800.0,625.0,2670.832049300059
800.0,630.0,2565.923007597171
800.0,635.0,2412.9191273402203
800.0,640.0,2218.96251244769
800.0,645.0,1993.3867290459496
800.0,650.0,1828.7076684770448
800.0,655.0,1956.879850892545
800.0,660.0,2058.7315143010064
800.0,665.0,2114.628739502159
800.0,670.0,2122.6793529632873
800.0,675.0,2083.189500928432
800.0,680.0,1998.6862752260588
800.0,685.0,1873.922153988989
800.0,690.0,1866.5692817899956
800.0,695.0,1924.8699830799403
800.0,700.0,1938.1835141610009
800.0,705.0,1906.6004708282826
800.0,710.0,1832.8559745878272
800.0,715.0,2007.23407635282
800.0,720.0,2674.527723821712
800.0,725.0,3831.2455753013137
800.0,730.0,5471.416465708031
800.0,735.0,7586.6680544895235
800.0,740.0,10166.324960349628
800.0,745.0,13197.522819751954
800.0,750.0,16665.334767690383
800.0,755.0,20552.907122642857
800.0,760.0,24841.60151781446
800.0,765.0,29511.141310514453
800.0,770.0,34539.76075330594
800.0,775.0,39904.3560678384
800.0,780.0,45580.63815573434
800.0,785.0,51543.287165636626
800.0,790.0,57766.10946486488
800.0,795.0,64222.19771079529
800.0,800.0,70884.0946778691
800.0,805.0,77723.96126824796
800.0,810.0,84713.74875548684
800.0,815.0,91825.374799835
800.0,820.0,99030.90220389004
800.0,825.0,106302.71877878754
800.0,830.0,113613.7161407204
800.0,835.0,120937.46479120244
800.0,840.0,128248.38251398099
800.0,845.0,135521.89295955634
800.0,850.0,142734.57132222183
800.0,855.0,149864.27422912003
800.0,860.0,156890.25135789745
800.0,865.0,163793.23683355082
800.0,870.0,170555.5191124258
800.0,875.0,177160.98876636554
800.0,880.0,183595.16431931438
800.0,885.0,189845.1969848716
800.0,890.0,195899.8557869473
800.0,895.0,201749.49507424908
800.0,900.0,207386.0068400019
805.0,250.0,186550.47062169996
805.0,255.0,182058.16808620642
805.0,260.0,177393.01788152382
805.0,265.0,172561.58682810655
805.0,270.0,167571.68653268597
805.0,275.0,162432.37076957466
805.0,280.0,157153.91544921286
805.0,285.0,151747.78070653457
805.0,290.0,146226.55523370305
805.0,295.0,140603.88360156232
805.0,300.0,134894.37791140398
805.0,305.0,129113.51566301481
805.0,310.0,123277.52617999124
805.0,315.0,117403.26826199413
805.0,320.0,111508.10192461846
805.0,325.0,105609.75711991363
805.0,330.0,99726.20221661049
805.0,335.0,93875.51475317316
805.0,340.0,88075.75660830167
805.0,345.0,82344.85526509598
805.0,350.0,76700.4923414568
805.0,355.0,71160.00003464348
805.0,360.0,65740.26564619168
805.0,365.0,60457.643926177196
805.0,370.0,55327.87664564119
805.0,375.0,50366.01858919032
805.0,380.0,45586.36905881922
805.0,385.0,41002.40800385396
805.0,390.0,36626.73602722176
805.0,395.0,32471.017741537642
805.0,400.0,28545.928247725875
805.0,405.0,24861.102841698044
805.0,410.0,21425.090401978534
805.0,415.0,18245.31123239867
805.0,420.0,15328.020408772501
805.0,425.0,12678.277878174402
805.0,430.0,10299.926664864799
805.0,435.0,8195.580542462036
805.0,440.0,6366.622428259536
805.0,445.0,4813.214549531168
805.0,450.0,3534.3211379189306
805.0,455.0,2531.1929972296803
805.0,460.0,1944.6706247274162
805.0,465.0,1851.4635642114717
805.0,470.0,2053.7556941897187
805.0,475.0,2222.9052998974876
805.0,480.0,2347.4688287335707
805.0,485.0,2422.6831423585013
805.0,490.0,2445.949561582868
805.0,495.0,2416.872240547655
805.0,500.0,2337.2876479047877
805.0,505.0,2211.2787017753026
805.0,510.0,2045.1650079560861
805.0,515.0,1850.7815925512525
805.0,520.0,1943.6055881882835
805.0,525.0,2222.379518297255
805.0,530.0,2469.524256040895
805.0,535.0,2675.2849569227465
805.0,540.0,2831.9743603561556
805.0,545.0,2934.02524054579
805.0,550.0,2978.037851184068
805.0,555.0,2962.823332249185
805.0,560.0,2889.4405500758935
805.0,565.0,2761.2206780279994
805.0,570.0,2583.771400010225
805.0,575.0,2364.951272667837
805.0,580.0,2114.804750522231
805.0,585.0,1856.508935687708
805.0,590.0,1930.0074111325252
805.0,595.0,2173.575572158415
805.0,600.0,2381.4904216311897
805.0,605.0,2545.471160064323
805.0,610.0,2659.3347212485196
805.0,615.0,2719.0437052798675
805.0,620.0,2722.7499072180785
805.0,625.0,2670.83204930006
805.0,630.0,2565.9230075971636
805.0,635.0,2412.919127340222
805.0,640.0,2218.9625124476916
805.0,645.0,1993.3867290459505
805.0,650.0,1828.7076684770439
805.0,655.0,1956.8798508925408
805.0,660.0,2058.7315143010055
805.0,665.0,2114.628739502159
805.0,670.0,2122.6793529632896
805.0,675.0,2083.189500928438
805.0,680.0,1998.6862752260547
805.0,685.0,1873.9221539889904
805.0,690.0,1866.569281789993
805.0,695.0,1924.8699830799428
805.0,700.0,1938.1835141610031
805.0,705.0,1906.600470828282
805.0,710.0,1832.8559745878308
805.0,715.0,2007.2340763528164
805.0,720.0,2674.5277238217127
805.0,725.0,3831.2455753013132
805.0,730.0,5471.416465708031
805.0,735.0,7586.668054489523
805.0,740.0,10166.324960349604
805.0,745.0,13197.522819751975
805.0,750.0,16665.334767690383
805.0,755.0,20552.90712264286
805.0,760.0,24841.601517814437
805.0,765.0,29511.141310514453
805.0,770.0,34539.760753305905
805.0,775.0,39904.35606783839
805.0,780.0,45580.638155734334
805.0,785.0,51543.28716563658
805.0,790.0,57766.10946486488
805.0,795.0,64222.19771079529
805.0,800.0,70884.0946778691
805.0,805.0,77723.96126824796
805.0,810.0,84713.74875548683
805.0,815.0,91825.37479983502
805.0,820.0,99030.90220389006
805.0,825.0,106302.71877878759
805.0,830.0,113613.71614072041
805.0,835.0,120937.46479120244
805.0,840.0,128248.38251398099
805.0,845.0,135521.8929595563
805.0,850.0,142734.57132222183
805.0,855.0,149864.27422911997
805.0,860.0,156890.25135789742
805.0,865.0,163793.23683355082
805.0,870.0,170555.5191124258
805.0,875.0,177160.9887663655
805.0,880.0,183595.16431931447
805.0,885.0,189845.1969848716
805.0,890.0,195899.85578694736
805.0,895.0,201749.49507424905
805.0,900.0,207386.0068400019
810.0,250.0,190049.1614986248
810.0,255.0,185509.79794320153
810.0,260.0,180792.58059612822
810.0,265.0,175903.96761071015
810.0,270.0,170851.69315908727
810.0,275.0,165644.76839378674
810.0,280.0,160293.46475600934
810.0,285.0,154809.2790671789
810.0,290.0,149204.88043686128
810.0,295.0,143494.0396487996
810.0,300.0,137691.54229659942
810.0,305.0,131813.087500521
810.0,310.0,125875.17450950091
810.0,315.0,119894.97983966362
810.0,320.0,113890.22780983082
810.0,325.0,107879.0573836423
810.0,330.0,101879.88812844642
810.0,335.0,95911.28784647277
810.0,340.0,89991.84407358352
810.0,345.0,84140.04117723
810.0,350.0,78374.14428379621
810.0,355.0,72712.09074067605
810.0,360.0,67171.38933559506
810.0,365.0,61769.027066918185
810.0,370.0,56521.38292777233
810.0,375.0,51444.14795078791
810.0,380.0,46552.25066194634
810.0,385.0,41859.78712075033
810.0,390.0,37379.95486607797
810.0,395.0,33124.990318447584
810.0,400.0,29106.109497384285
810.0,405.0,25333.452253330113
810.0,410.0,21816.030567116097
810.0,415.0,18561.681794245014
810.0,420.0,15577.028004926797
810.0,425.0,12867.442764404428
810.0,430.0,10437.026791942237
810.0,435.0,8288.593925477247
810.0,440.0,6423.668693317218
810.0,445.0,4842.496562307215
810.0,450.0,3544.067609631775
810.0,455.0,2531.1929972296834
810.0,460.0,1944.6706247274099
810.0,465.0,1851.4635642114765
810.0,470.0,2053.7556941897183
810.0,475.0,2222.905299897491
810.0,480.0,2347.4688287335694
810.0,485.0,2422.6831423584945
810.0,490.0,2445.9495615828746
810.0,495.0,2416.872240547664
810.0,500.0,2337.2876479047886
810.0,505.0,2211.2787017753035
810.0,510.0,2045.1650079560886
810.0,515.0,1850.7815925512525
810.0,520.0,1943.605588188288
810.0,525.0,2222.3795182972563
810.0,530.0,2469.524256040897
810.0,535.0,2675.284956922744
810.0,540.0,2831.9743603561524
810.0,545.0,2934.025240545785
810.0,550.0,2978.0378511840718
810.0,555.0,2962.823332249187
810.0,560.0,2889.4405500758917
810.0,565.0,2761.2206780280076
810.0,570.0,2583.7714000102196
810.0,575.0,2364.951272667838
810.0,580.0,2114.804750522228
810.0,585.0,1856.508935687708
810.0,590.0,1930.0074111325239
810.0,595.0,2173.575572158421
810.0,600.0,2381.4904216311884
810.0,605.0,2545.4711600643213
810.0,610.0,2659.33472124852
810.0,615.0,2719.043705279868
810.0,620.0,2722.7499072180854
810.0,625.0,2670.832049300057
810.0,630.0,2565.9230075971655
810.0,635.0,2412.9191273402225
810.0,640.0,2218.962512447686
810.0,645.0,1993.3867290459507
810.0,650.0,1828.707668477042
810.0,655.0,1956.8798508925393
810.0,660.0,2058.7315143010037
810.0,665.0,2114.6287395021627
810.0,670.0,2122.6793529632932
810.0,675.0,2083.1895009284426
810.0,680.0,1998.6862752260586
810.0,685.0,1873.922153988992
810.0,690.0,1866.5692817899894
810.0,695.0,1924.8699830799465
810.0,700.0,1938.1835141609963
810.0,705.0,1906.6004708282767
810.0,710.0,1832.8559745878306
810.0,715.0,2007.2340763528182
810.0,720.0,2674.5277238217127
810.0,725.0,3831.2455753013205
810.0,730.0,5471.416465708031
810.0,735.0,7586.668054489525
810.0,740.0,10166.324960349628
810.0,745.0,13197.522819751954
810.0,750.0,16665.334767690365
810.0,755.0,20552.907122642857
810.0,760.0,24841.60151781446
810.0,765.0,29511.141310514453
810.0,770.0,34539.76075330594
810.0,775.0,39904.356067838424
810.0,780.0,45580.638155734334
810.0,785.0,51543.28716563658
810.0,790.0,57766.109464864865
810.0,795.0,64222.19771079529
810.0,800.0,70884.0946778691
810.0,805.0,77723.96126824796
810.0,810.0,84713.74875548683
810.0,815.0,91825.374799835
810.0,820.0,99030.90220389006
810.0,825.0,106302.7187787876
810.0,830.0,113613.7161407204
810.0,835.0,120937.46479120244
810.0,840.0,128248.38251398096
810.0,845.0,135521.89295955622
810.0,850.0,142734.57132222183
810.0,855.0,149864.27422912003
810.0,860.0,156890.25135789742
810.0,865.0,163793.23683355082
810.0,870.0,170555.51911242574
810.0,875.0,177160.98876636548
810.0,880.0,183595.16431931447
810.0,885.0,189845.1969848716
810.0,890.0,195899.8557869473
810.0,895.0,201749.49507424905
810.0,900.0,207386.00684000185
815.0,250.0,193383.12817082426
815.0,255.0,188801.78051481885
815.0,260.0,184037.76033425136
815.0,265.0,179097.40369781514
815.0,270.0,173988.35173705016
815.0,275.0,168719.55525392925
815.0,280.0,163301.26148193778
815.0,285.0,157744.98234186784
815.0,290.0,152063.44413300892
815.0,295.0,146270.51923613375
815.0,300.0,140381.1410252405
815.0,305.0,134411.20375889607
815.0,310.0,128377.44971095124
815.0,315.0,122297.34616494428
815.0,320.0,116188.95512330925
815.0,325.0,110070.79864809036
815.0,330.0,103961.7226650413
815.0,335.0,97880.76182014676
815.0,340.0,91847.00762645455
815.0,345.0,85879.48168125848
815.0,350.0,79997.01523562585
815.0,355.0,74218.13587457752
815.0,360.0,68560.96158359728
815.0,365.0,63043.102048131645
815.0,370.0,57681.56670230642
815.0,375.0,52492.67882896223
815.0,380.0,47491.99491846002
815.0,385.0,42694.22852822697
815.0,390.0,38113.17803479903
815.0,395.0,33761.65791028774
815.0,400.0,29651.433472518947
815.0,405.0,25793.159407330917
815.0,410.0,22196.322721732417
815.0,415.0,18869.191114162157
815.0,420.0,15818.768020864087
815.0,425.0,13050.75578488408
815.0,430.0,10569.528476282156
815.0,435.0,8378.115863518802
815.0,440.0,6478.199887930651
815.0,445.0,4870.124734686681
815.0,450.0,3552.921242079365
815.0,455.0,2531.192997229683
815.0,460.0,1944.6706247274162
815.0,465.0,1851.4635642114763
815.0,470.0,2053.755694189723
815.0,475.0,2222.9052998974894
815.0,480.0,2347.4688287335694
815.0,485.0,2422.683142358497
815.0,490.0,2445.9495615828682
815.0,495.0,2416.8722405476656
815.0,500.0,2337.2876479047927
815.0,505.0,2211.278701775305
815.0,510.0,2045.1650079560861
815.0,515.0,1850.7815925512473
815.0,520.0,1943.6055881882912
815.0,525.0,2222.3795182972567
815.0,530.0,2469.524256040895
815.0,535.0,2675.284956922746
815.0,540.0,2831.974360356148
815.0,545.0,2934.025240545788
815.0,550.0,2978.0378511840636
815.0,555.0,2962.8233322491856
815.0,560.0,2889.4405500758935
815.0,565.0,2761.2206780280067
815.0,570.0,2583.771400010219
815.0,575.0,2364.951272667832
815.0,580.0,2114.8047505222326
815.0,585.0,1856.508935687708
815.0,590.0,1930.0074111325232
815.0,595.0,2173.5755721584223
815.0,600.0,2381.4904216311866
815.0,605.0,2545.4711600643222
815.0,610.0,2659.334721248522
815.0,615.0,2719.0437052798666
815.0,620.0,2722.749907218084
815.0,625.0,2670.8320493000565
815.0,630.0,2565.923007597164
815.0,635.0,2412.919127340217
815.0,640.0,2218.9625124476916
815.0,645.0,1993.3867290459505
815.0,650.0,1828.7076684770445
815.0,655.0,1956.8798508925404
815.0,660.0,2058.731514301005
815.0,665.0,2114.6287395021627
815.0,670.0,2122.6793529632937
815.0,675.0,2083.189500928437
815.0,680.0,1998.6862752260613
815.0,685.0,1873.922153988992
815.0,690.0,1866.5692817899912
815.0,695.0,1924.8699830799426
815.0,700.0,1938.1835141609993
815.0,705.0,1906.6004708282796
815.0,710.0,1832.8559745878306
815.0,715.0,2007.2340763528164
815.0,720.0,2674.527723821712
815.0,725.0,3831.245575301316
815.0,730.0,5471.416465708035
815.0,735.0,7586.668054489533
815.0,740.0,10166.324960349628
815.0,745.0,13197.522819751975
815.0,750.0,16665.334767690376
815.0,755.0,20552.907122642853
815.0,760.0,24841.601517814463
815.0,765.0,29511.141310514453
815.0,770.0,34539.76075330592
815.0,775.0,39904.35606783842
815.0,780.0,45580.638155734334
815.0,785.0,51543.28716563661
815.0,790.0,57766.109464864865
815.0,795.0,64222.197710795306
815.0,800.0,70884.0946778691
815.0,805.0,77723.96126824796
815.0,810.0,84713.74875548683
815.0,815.0,91825.37479983499
815.0,820.0,99030.90220389009
815.0,825.0,106302.71877878759
815.0,830.0,113613.71614072041
815.0,835.0,120937.46479120242
815.0,840.0,128248.38251398099
815.0,845.0,135521.89295955622
815.0,850.0,142734.57132222183
815.0,855.0,149864.27422912003
815.0,860.0,156890.25135789742
815.0,865.0,163793.2368335509
815.0,870.0,170555.51911242574
815.0,875.0,177160.98876636548
815.0,880.0,183595.16431931444
815.0,885.0,189845.19698487167
815.0,890.0,195899.85578694736
815.0,895.0,201749.49507424905
815.0,900.0,207386.0068400019
820.0,250.0,196551.69734613184
820.0,255.0,191933.25151569693
820.0,260.0,187127.51025975
820.0,265.0,182140.67569233215
820.0,270.0,176980.2818114839
820.0,275.0,171655.2027894837
820.0,280.0,166175.64326955116
820.0,285.0,160553.1099165018
820.0,290.0,154800.36406958263
820.0,295.0,148931.35598676538
820.0,300.0,142961.1417993786
820.0,305.0,136905.78488214946
820.0,310.0,130782.24384745138
820.0,315.0,124608.24975330972
820.0,320.0,118402.17535823272
820.0,325.0,112182.8993375117
820.0,330.0,105969.66830535981
820.0,335.0,99781.95925650295
820.0,340.0,93639.3446993485
820.0,345.0,87561.36230169916
820.0,350.0,81567.3903763783
820.0,355.0,75676.53001277334
820.0,360.0,69907.49417909268
820.0,365.0,64278.503692090286
820.0,370.0,58807.18962222396
820.0,375.0,53510.50149110032
820.0,380.0,48404.62052809214
820.0,385.0,43504.877294276776
820.0,390.0,38825.67314014363
820.0,395.0,34380.40521330581
820.0,400.0,30181.395059873885
820.0,405.0,26239.821221554896
820.0,410.0,22565.65659798357
820.0,415.0,19167.611675143184
820.0,420.0,16053.084992946162
820.0,425.0,13228.122406648026
820.0,430.0,10697.386767146812
820.0,435.0,8464.13959916509
820.0,440.0,6530.23618549906
820.0,445.0,4896.13517990867
820.0,450.0,3560.9234897279016
820.0,455.0,2531.1929972296834
820.0,460.0,1944.6706247274099
820.0,465.0,1851.463564211477
820.0,470.0,2053.755694189714
820.0,475.0,2222.905299897488
820.0,480.0,2347.468828733572
820.0,485.0,2422.6831423584968
820.0,490.0,2445.949561582871
820.0,495.0,2416.8722405476733
820.0,500.0,2337.2876479047895
820.0,505.0,2211.2787017753003
820.0,510.0,2045.1650079560895
820.0,515.0,1850.7815925512525
820.0,520.0,1943.6055881882926
820.0,525.0,2222.3795182972585
820.0,530.0,2469.524256040894
820.0,535.0,2675.284956922748
820.0,540.0,2831.9743603561524
820.0,545.0,2934.025240545787
820.0,550.0,2978.0378511840686
820.0,555.0,2962.8233322491924
820.0,560.0,2889.440550075901
820.0,565.0,2761.2206780280003
820.0,570.0,2583.7714000102187
820.0,575.0,2364.9512726678317
820.0,580.0,2114.804750522229
820.0,585.0,1856.5089356877065
820.0,590.0,1930.0074111325257
820.0,595.0,2173.575572158421
820.0,600.0,2381.4904216311847
820.0,605.0,2545.47116006432
820.0,610.0,2659.334721248519
820.0,615.0,2719.0437052798707
820.0,620.0,2722.7499072180817
820.0,625.0,2670.832049300056
820.0,630.0,2565.9230075971636
820.0,635.0,2412.919127340217
820.0,640.0,2218.9625124476906
820.0,645.0,1993.3867290459536
820.0,650.0,1828.707668477042
820.0,655.0,1956.8798508925431
820.0,660.0,2058.7315143010055
820.0,665.0,2114.6287395021645
820.0,670.0,2122.6793529632937
820.0,675.0,2083.189500928436
820.0,680.0,1998.6862752260613
820.0,685.0,1873.922153988992
820.0,690.0,1866.569281789994
820.0,695.0,1924.869983079945
820.0,700.0,1938.183514160996
820.0,705.0,1906.6004708282774
820.0,710.0,1832.8559745878308
820.0,715.0,2007.2340763528132
820.0,720.0,2674.527723821713
820.0,725.0,3831.2455753013146
820.0,730.0,5471.416465708033
820.0,735.0,7586.668054489522
820.0,740.0,10166.324960349628
820.0,745.0,13197.522819751955
820.0,750.0,16665.334767690383
820.0,755.0,20552.90712264286
820.0,760.0,24841.60151781446
820.0,765.0,29511.14131051443
820.0,770.0,34539.76075330594
820.0,775.0,39904.35606783842
820.0,780.0,45580.63815573434
820.0,785.0,51543.287165636626
820.0,790.0,57766.10946486489
820.0,795.0,64222.19771079529
820.0,800.0,70884.0946778691
820.0,805.0,77723.96126824795
820.0,810.0,84713.74875548683
820.0,815.0,91825.37479983499
820.0,820.0,99030.90220389009
820.0,825.0,106302.71877878756
820.0,830.0,113613.7161407204
820.0,835.0,120937.46479120244
820.0,840.0,128248.38251398098
820.0,845.0,135521.8929595563
820.0,850.0,142734.5713222218
820.0,855.0,149864.27422912003
820.0,860.0,156890.25135789742
820.0,865.0,163793.23683355082
820.0,870.0,170555.51911242574
820.0,875.0,177160.98876636554
820.0,880.0,183595.16431931438
820.0,885.0,189845.19698487167
820.0,890.0,195899.8557869473
820.0,895.0,201749.49507424905
820.0,900.0,207386.0068400019
825.0,250.0,199554.89040691184
825.0,255.0,194904.0270575487
825.0,260.0,190061.44794895305
825.0,265.0,185033.2109297146
825.0,270.0,179826.73031967157
825.0,275.0,174450.7888913958
825.0,280.0,168915.53175571616
825.0,285.0,163232.44130739672
825.0,290.0,157414.29298758964
825.0,295.0,151475.09226440947
825.0,300.0,145429.99386991162
825.0,305.0,139295.204928588
825.0,310.0,133087.87412948697
825.0,315.0,126825.96948975079
825.0,320.0,120528.14751657625
825.0,325.0,114213.61667154056
825.0,330.0,107901.99798520523
825.0,335.0,101613.18545131813
825.0,340.0,95367.20849849061
825.0,345.0,89184.09839341925
825.0,350.0,83083.75994143829
825.0,355.0,77085.84933215598
825.0,360.0,71209.65849922763
825.0,365.0,65474.00593735931
825.0,370.0,59897.13359359305
825.0,375.0,54496.609242873215
825.0,380.0,49289.23367363213
825.0,385.0,44290.95205808943
825.0,390.0,39516.76904969777
825.0,395.0,34980.66741045425
825.0,400.0,30695.530309166727
825.0,405.0,26673.067800149038
825.0,410.0,22923.74836724232
825.0,415.0,19456.736753897076
825.0,420.0,16279.839572264102
825.0,425.0,13399.4603603777
825.0,430.0,10820.565815427297
825.0,435.0,8546.66486768408
825.0,440.0,6579.802065902343
825.0,445.0,4920.566431947369
825.0,450.0,3568.116530390683
825.0,455.0,2531.192997229686
825.0,460.0,1944.6706247274083
825.0,465.0,1851.4635642114742
825.0,470.0,2053.755694189714
825.0,475.0,2222.905299897488
825.0,480.0,2347.4688287335757
825.0,485.0,2422.6831423584963
825.0,490.0,2445.9495615828605
825.0,495.0,2416.8722405476656
825.0,500.0,2337.2876479047923
825.0,505.0,2211.278701775309
825.0,510.0,2045.1650079560904
825.0,515.0,1850.7815925512525
825.0,520.0,1943.6055881882912
825.0,525.0,2222.379518297261
825.0,530.0,2469.5242560408997
825.0,535.0,2675.2849569227515
825.0,540.0,2831.9743603561546
825.0,545.0,2934.0252405457873
825.0,550.0,2978.0378511840713
825.0,555.0,2962.823332249193
825.0,560.0,2889.440550075895
825.0,565.0,2761.220678028004
825.0,570.0,2583.771400010221
825.0,575.0,2364.9512726678363
825.0,580.0,2114.804750522228
825.0,585.0,1856.508935687708
825.0,590.0,1930.0074111325255
825.0,595.0,2173.575572158415
825.0,600.0,2381.490421631184
825.0,605.0,2545.4711600643213
825.0,610.0,2659.3347212485237
825.0,615.0,2719.043705279873
825.0,620.0,2722.7499072180804
825.0,625.0,2670.832049300056
825.0,630.0,2565.923007597164
825.0,635.0,2412.9191273402234
825.0,640.0,2218.962512447695
825.0,645.0,1993.3867290459536
825.0,650.0,1828.7076684770443
825.0,655.0,1956.8798508925397
825.0,660.0,2058.731514301005
825.0,665.0,2114.628739502158
825.0,670.0,2122.6793529632882
825.0,675.0,2083.189500928439
825.0,680.0,1998.6862752260613
825.0,685.0,1873.922153988992
825.0,690.0,1866.5692817899915
825.0,695.0,1924.8699830799465
825.0,700.0,1938.183514160995
825.0,705.0,1906.6004708282808
825.0,710.0,1832.8559745878308
825.0,715.0,2007.2340763528173
825.0,720.0,2674.5277238217145
825.0,725.0,3831.2455753013146
825.0,730.0,5471.416465708033
825.0,735.0,7586.668054489525
825.0,740.0,10166.324960349628
825.0,745.0,13197.522819751975
825.0,750.0,16665.334767690387
825.0,755.0,20552.907122642857
825.0,760.0,24841.60151781446
825.0,765.0,29511.141310514453
825.0,770.0,34539.76075330594
825.0,775.0,39904.356067838424
825.0,780.0,45580.63815573435
825.0,785.0,51543.28716563661
825.0,790.0,57766.10946486486
825.0,795.0,64222.197710795306
825.0,800.0,70884.09467786911
825.0,805.0,77723.96126824796
825.0,810.0,84713.74875548684
825.0,815.0,91825.374799835
825.0,820.0,99030.90220389007
825.0,825.0,106302.7187787876
825.0,830.0,113613.71614072044
825.0,835.0,120937.46479120242
825.0,840.0,128248.38251398099
825.0,845.0,135521.89295955628
825.0,850.0,142734.57132222183
825.0,855.0,149864.27422912
825.0,860.0,156890.25135789742
825.0,865.0,163793.23683355085
825.0,870.0,170555.51911242577
825.0,875.0,177160.98876636548
825.0,880.0,183595.16431931438
825.0,885.0,189845.1969848716
825.0,890.0,195899.8557869473
825.0,895.0,201749.49507424902
825.0,900.0,207386.0068400019
830.0,250.0,202393.39121521998
830.0,255.0,197714.5740115753
830.0,260.0,192839.8283511787
830.0,265.0,187775.05905746904
830.0,270.0,182527.54978930746
830.0,275.0,177105.97869579284
830.0,280.0,171520.41591521422
830.0,285.0,165782.3019859362
830.0,290.0,159904.40683589398
830.0,295.0,153900.76966421728
830.0,300.0,147786.6206711159
830.0,305.0,141578.28619798244
830.0,310.0,135293.07936837376
830.0,315.0,128949.17872977097
830.0,320.0,122565.4976698253
830.0,325.0,116161.54749227273
830.0,330.0,109757.29699545413
830.0,335.0,103373.03118982048
830.0,340.0,97029.21146957821
830.0,345.0,90746.3391176414
830.0,350.0,84544.82354075449
830.0,355.0,78444.85611778837
830.0,360.0,72466.29006893931
830.0,365.0,66628.52633067763
830.0,370.0,60950.40509898513
830.0,375.0,55450.10250141559
830.0,380.0,50145.03178092556
830.0,385.0,45051.748432023654
830.0,390.0,40185.85890789998
830.0,395.0,35561.932788917904
830.0,400.0,31193.418653103272
830.0,405.0,27092.564268551105
830.0,410.0,23270.34211197642
830.0,415.0,19736.38155880374
830.0,420.0,16498.909363165032
830.0,425.0,13564.700217470714
830.0,430.0,10939.039229124663
830.0,435.0,8625.698071406738
830.0,440.0,6626.926348895043
830.0,445.0,4943.4593770741785
830.0,450.0,3574.54313282611
830.0,455.0,2531.1929972296775
830.0,460.0,1944.6706247274083
830.0,465.0,1851.4635642114747
830.0,470.0,2053.7556941897137
830.0,475.0,2222.905299897488
830.0,480.0,2347.4688287335725
830.0,485.0,2422.683142358499
830.0,490.0,2445.949561582865
830.0,495.0,2416.8722405476638
830.0,500.0,2337.287647904792
830.0,505.0,2211.2787017753085
830.0,510.0,2045.1650079560882
830.0,515.0,1850.7815925512525
830.0,520.0,1943.6055881882933
830.0,525.0,2222.379518297261
830.0,530.0,2469.524256040895
830.0,535.0,2675.284956922748
830.0,540.0,2831.974360356147
830.0,545.0,2934.025240545784
830.0,550.0,2978.0378511840613
830.0,555.0,2962.823332249185
830.0,560.0,2889.440550075893
830.0,565.0,2761.2206780280085
830.0,570.0,2583.7714000102205
830.0,575.0,2364.9512726678377
830.0,580.0,2114.804750522229
830.0,585.0,1856.508935687708
830.0,590.0,1930.0074111325255
830.0,595.0,2173.575572158415
830.0,600.0,2381.4904216311857
830.0,605.0,2545.4711600643177
830.0,610.0,2659.334721248527
830.0,615.0,2719.043705279873
830.0,620.0,2722.749907218077
830.0,625.0,2670.832049300058
830.0,630.0,2565.923007597164
830.0,635.0,2412.9191273402203
830.0,640.0,2218.96251244769
830.0,645.0,1993.3867290459514
830.0,650.0,1828.7076684770448
830.0,655.0,1956.8798508925447
830.0,660.0,2058.731514301007
830.0,665.0,2114.628739502163
830.0,670.0,2122.679352963285
830.0,675.0,2083.1895009284344
830.0,680.0,1998.6862752260563
830.0,685.0,1873.922153988996
830.0,690.0,1866.5692817899962
830.0,695.0,1924.8699830799414
830.0,700.0,1938.1835141610009
830.0,705.0,1906.6004708282787
830.0,710.0,1832.8559745878297
830.0,715.0,2007.234076352821
830.0,720.0,2674.527723821712
830.0,725.0,3831.2455753013164
830.0,730.0,5471.416465708032
830.0,735.0,7586.668054489525
830.0,740.0,10166.324960349604
830.0,745.0,13197.522819751957
830.0,750.0,16665.334767690376
830.0,755.0,20552.907122642857
830.0,760.0,24841.60151781446
830.0,765.0,29511.141310514453
830.0,770.0,34539.76075330594
830.0,775.0,39904.35606783841
830.0,780.0,45580.638155734334
830.0,785.0,51543.28716563661
830.0,790.0,57766.109464864865
830.0,795.0,64222.19771079529
830.0,800.0,70884.0946778691
830.0,805.0,77723.96126824793
830.0,810.0,84713.74875548684
830.0,815.0,91825.37479983503
830.0,820.0,99030.90220389004
830.0,825.0,106302.71877878756
830.0,830.0,113613.7161407204
830.0,835.0,120937.46479120242
830.0,840.0,128248.38251398098
830.0,845.0,135521.89295955634
830.0,850.0,142734.57132222183
830.0,855.0,149864.27422912003
830.0,860.0,156890.25135789742
830.0,865.0,163793.23683355082
830.0,870.0,170555.5191124258
830.0,875.0,177160.98876636554
830.0,880.0,183595.16431931447
830.0,885.0,189845.19698487167
830.0,890.0,195899.8557869473
830.0,895.0,201749.49507424905
830.0,900.0,207386.0068400019
835.0,250.0,205068.5133941475
835.0,255.0,200365.97973233636
835.0,260.0,195463.5160106572
835.0,265.0,190366.86679231783
835.0,270.0,185083.17564808804
835.0,275.0,179621.0044418556
835.0,280.0,173990.33444045455
835.0,285.0,168202.54823089574
835.0,290.0,162270.3920241353
835.0,295.0,156207.91857202182
835.0,300.0,150030.41157078804
835.0,305.0,143754.29303765166
835.0,310.0,137397.01568594936
835.0,315.0,130976.94274560486
835.0,320.0,124513.21796291423
835.0,325.0,118025.62863872945
835.0,330.0,111534.46453501465
835.0,335.0,105060.37528492014
835.0,340.0,98624.2286305032
835.0,345.0,92246.97138430968
835.0,350.0,85949.49453518496
835.0,355.0,79752.50340964542
835.0,360.0,73676.39332905742
835.0,365.0,67741.13078389628
835.0,370.0,61966.13982866193
835.0,375.0,56370.193204956326
835.0,380.0,50971.30763021505
835.0,385.0,45786.64275674251
835.0,390.0,40832.403495117745
835.0,395.0,36123.74568016044
835.0,400.0,31674.685420768048
835.0,405.0,27498.012866148078
835.0,410.0,23605.211515183913
835.0,415.0,20006.384543186807
835.0,420.0,16710.189894964937
835.0,425.0,13723.786060436072
835.0,430.0,11052.790486588894
835.0,435.0,8701.2524824078
835.0,440.0,6671.642234060704
835.0,445.0,4964.857179250711
835.0,450.0,3580.2465154738866
835.0,455.0,2531.1929972296834
835.0,460.0,1944.6706247274099
835.0,465.0,1851.4635642114765
835.0,470.0,2053.755694189713
835.0,475.0,2222.905299897491
835.0,480.0,2347.4688287335757
835.0,485.0,2422.683142358498
835.0,490.0,2445.949561582861
835.0,495.0,2416.872240547664
835.0,500.0,2337.28764790479
835.0,505.0,2211.278701775312
835.0,510.0,2045.1650079560895
835.0,515.0,1850.7815925512525
835.0,520.0,1943.605588188288
835.0,525.0,2222.3795182972603
835.0,530.0,2469.5242560408974
835.0,535.0,2675.2849569227506
835.0,540.0,2831.97436035616
835.0,545.0,2934.0252405457863
835.0,550.0,2978.037851184071
835.0,555.0,2962.823332249193
835.0,560.0,2889.440550075895
835.0,565.0,2761.2206780280076
835.0,570.0,2583.7714000102196
835.0,575.0,2364.9512726678404
835.0,580.0,2114.804750522227
835.0,585.0,1856.5089356877063
835.0,590.0,1930.0074111325257
835.0,595.0,2173.575572158419
835.0,600.0,2381.4904216311857
835.0,605.0,2545.471160064324
835.0,610.0,2659.334721248519
835.0,615.0,2719.043705279872
835.0,620.0,2722.7499072180817
835.0,625.0,2670.8320493000574
835.0,630.0,2565.923007597167
835.0,635.0,2412.9191273402225
835.0,640.0,2218.962512447695
835.0,645.0,1993.3867290459555
835.0,650.0,1828.7076684770439
835.0,655.0,1956.8798508925422
835.0,660.0,2058.7315143010082
835.0,665.0,2114.628739502159
835.0,670.0,2122.6793529632882
835.0,675.0,2083.189500928438
835.0,680.0,1998.6862752260613
835.0,685.0,1873.922153988991
835.0,690.0,1866.5692817899928
835.0,695.0,1924.8699830799428
835.0,700.0,1938.1835141610036
835.0,705.0,1906.600470828282
835.0,710.0,1832.8559745878306
835.0,715.0,2007.2340763528143
835.0,720.0,2674.527723821712
835.0,725.0,3831.2455753013232
835.0,730.0,5471.416465708031
835.0,735.0,7586.6680544895235
835.0,740.0,10166.324960349604
835.0,745.0,13197.52281975196
835.0,750.0,16665.334767690383
835.0,755.0,20552.907122642853
835.0,760.0,24841.60151781446
835.0,765.0,29511.141310514453
835.0,770.0,34539.76075330594
835.0,775.0,39904.35606783839
835.0,780.0,45580.63815573434
835.0,785.0,51543.28716563661
835.0,790.0,57766.109464864865
835.0,795.0,64222.197710795284
835.0,800.0,70884.09467786913
835.0,805.0,77723.96126824793
835.0,810.0,84713.74875548684
835.0,815.0,91825.374799835
835.0,820.0,99030.90220389006
835.0,825.0,106302.71877878756
835.0,830.0,113613.71614072044
835.0,835.0,120937.46479120244
835.0,840.0,128248.38251398099
835.0,845.0,135521.89295955622
835.0,850.0,142734.57132222183
835.0,855.0,149864.27422912006
835.0,860.0,156890.25135789742
835.0,865.0,163793.23683355082
835.0,870.0,170555.51911242574
835.0,875.0,177160.98876636548
835.0,880.0,183595.16431931444
835.0,885.0,189845.1969848716
835.0,890.0,195899.8557869473
835.0,895.0,201749.49507424902
835.0,900.0,207386.0068400019
840.0,250.0,207582.16673190592
840.0,255.0,202859.92078979017
840.0,260.0,197933.9561952274
840.0,265.0,192809.8514976872
840.0,270.0,187494.60228368695
840.0,275.0,181996.6440279188
840.0,280.0,176325.85678600526
840.0,285.0,170493.55063149607
840.0,290.0,164512.4313317598
840.0,295.0,158396.54640425622
840.0,300.0,152161.21234403964
840.0,305.0,145822.9244323752
840.0,310.0,139399.2510838221
840.0,315.0,132908.7151212135
840.0,320.0,126370.66466725727
840.0,325.0,119805.1364791591
840.0,330.0,113232.71453593645
840.0,335.0,106674.38650452468
840.0,340.0,100151.40040976058
840.0,345.0,93685.12341356672
840.0,350.0,87296.90413954739
840.0,355.0,81007.93947546066
840.0,360.0,74839.14631971571
840.0,365.0,68811.03832365664
840.0,370.0,62943.607369044155
840.0,375.0,57256.20933077099
840.0,380.0,51767.45361322241
840.0,385.0,46495.09602625115
840.0,390.0,41455.93476835192
840.0,395.0,36665.70958211144
840.0,400.0,32139.00452402494
840.0,405.0,27889.155195007676
840.0,410.0,23928.16168319149
840.0,415.0,20266.608825610998
840.0,420.0,16913.59567289533
840.0,425.0,13876.676205411231
840.0,430.0,11161.813377461478
840.0,435.0,8773.348453003886
840.0,440.0,6713.987334839687
840.0,445.0,4984.8051933348
840.0,450.0,3585.2701952716047
840.0,455.0,2531.1929972296834
840.0,460.0,1944.6706247274162
840.0,465.0,1851.4635642114756
840.0,470.0,2053.755694189709
840.0,475.0,2222.905299897483
840.0,480.0,2347.4688287335716
840.0,485.0,2422.683142358497
840.0,490.0,2445.949561582866
840.0,495.0,2416.8722405476633
840.0,500.0,2337.28764790479
840.0,505.0,2211.278701775299
840.0,510.0,2045.1650079560882
840.0,515.0,1850.7815925512525
840.0,520.0,1943.605588188335
840.0,525.0,2222.3795182972603
840.0,530.0,2469.524256040898
840.0,535.0,2675.284956922748
840.0,540.0,2831.974360356152
840.0,545.0,2934.0252405457923
840.0,550.0,2978.0378511840718
840.0,555.0,2962.823332249187
840.0,560.0,2889.440550075894
840.0,565.0,2761.220678028002
840.0,570.0,2583.7714000102196
840.0,575.0,2364.9512726678327
840.0,580.0,2114.804750522229
840.0,585.0,1856.5089356877065
840.0,590.0,1930.0074111325234
840.0,595.0,2173.5755721584223
840.0,600.0,2381.490421631183
840.0,605.0,2545.4711600643204
840.0,610.0,2659.334721248515
840.0,615.0,2719.0437052798725
840.0,620.0,2722.7499072180804
840.0,625.0,2670.8320493000606
840.0,630.0,2565.923007597165
840.0,635.0,2412.919127340223
840.0,640.0,2218.96251244769
840.0,645.0,1993.3867290459534
840.0,650.0,1828.7076684770445
840.0,655.0,1956.8798508925404
840.0,660.0,2058.7315143010032
840.0,665.0,2114.6287395021636
840.0,670.0,2122.6793529632837
840.0,675.0,2083.1895009284344
840.0,680.0,1998.6862752260627
840.0,685.0,1873.922153988989
840.0,690.0,1866.5692817899896
840.0,695.0,1924.8699830799414
840.0,700.0,1938.1835141610027
840.0,705.0,1906.6004708282724
840.0,710.0,1832.8559745878308
840.0,715.0,2007.2340763528164
840.0,720.0,2674.5277238217127
840.0,725.0,3831.2455753013187
840.0,730.0,5471.416465708031
840.0,735.0,7586.668054489525
840.0,740.0,10166.324960349628
840.0,745.0,13197.522819751975
840.0,750.0,16665.334767690365
840.0,755.0,20552.907122642857
840.0,760.0,24841.601517814463
840.0,765.0,29511.141310514453
840.0,770.0,34539.76075330594
840.0,775.0,39904.356067838424
840.0,780.0,45580.63815573434
840.0,785.0,51543.287165636604
840.0,790.0,57766.10946486489
840.0,795.0,64222.197710795335
840.0,800.0,70884.09467786911
840.0,805.0,77723.96126824795
840.0,810.0,84713.74875548683
840.0,815.0,91825.37479983502
840.0,820.0,99030.90220389009
840.0,825.0,106302.71877878756
840.0,830.0,113613.71614072041
840.0,835.0,120937.46479120241
840.0,840.0,128248.38251398099
840.0,845.0,135521.89295955634
840.0,850.0,142734.57132222183
840.0,855.0,149864.27422912
840.0,860.0,156890.25135789742
840.0,865.0,163793.23683355085
840.0,870.0,170555.51911242583
840.0,875.0,177160.98876636554
840.0,880.0,183595.16431931444
840.0,885.0,189845.19698487167
840.0,890.0,195899.8557869473
840.0,895.0,201749.49507424908
840.0,900.0,207386.0068400019
845.0,250.0,209936.822316746
845.0,255.0,205198.6303172714
845.0,260.0,200253.1445378593
845.0,265.0,195105.77318458218
845.0,270.0,189763.35745307643
845.0,275.0,184234.1978597874
845.0,280.0,178528.06246633644
845.0,285.0,172656.17582367116
845.0,290.0,166631.18804977436
845.0,295.0,160467.12409967752
845.0,300.0,154179.31393717456
845.0,305.0,147784.30494102463
845.0,310.0,141299.7584330301
845.0,315.0,134744.33265672182
845.0,320.0,128137.55484548325
845.0,325.0,121499.68516809325
845.0,330.0,114851.5753344285
845.0,335.0,108214.52447115452
845.0,340.0,101610.13458585055
845.0,345.0,95060.1675263035
845.0,350.0,88586.40487941657
845.0,355.0,82210.51175600578
845.0,360.0,75953.90494660982
845.0,365.0,69837.6255241492
845.0,370.0,63882.21566283465
845.0,375.0,58107.59926068746
845.0,380.0,52532.965900484916
845.0,385.0,47176.657772661034
845.0,390.0,42056.05939834519
845.0,395.0,37187.490302510574
845.0,400.0,32586.10117915249
845.0,405.0,28265.774508815815
845.0,410.0,24239.031006328354
845.0,415.0,20516.943640391102
845.0,420.0,17109.06124830788
845.0,425.0,14023.343931736517
845.0,430.0,11266.11243919153
845.0,435.0,8842.01361287448
845.0,440.0,6754.003694372188
845.0,445.0,5003.350860794118
845.0,450.0,3589.657826237414
845.0,455.0,2531.192997229683
845.0,460.0,1944.6706247274083
845.0,465.0,1851.4635642114754
845.0,470.0,2053.7556941897196
845.0,475.0,2222.905299897482
845.0,480.0,2347.468828733572
845.0,485.0,2422.6831423585036
845.0,490.0,2445.9495615828605
845.0,495.0,2416.872240547664
845.0,500.0,2337.287647904792
845.0,505.0,2211.278701775304
845.0,510.0,2045.1650079560904
845.0,515.0,1850.7815925512525
845.0,520.0,1943.605588188289
845.0,525.0,2222.3795182972585
845.0,530.0,2469.524256040895
845.0,535.0,2675.284956922744
845.0,540.0,2831.974360356146
845.0,545.0,2934.0252405457895
845.0,550.0,2978.037851184066
845.0,555.0,2962.823332249183
845.0,560.0,2889.4405500758953
845.0,565.0,2761.2206780280103
845.0,570.0,2583.7714000102237
845.0,575.0,2364.9512726678395
845.0,580.0,2114.8047505222326
845.0,585.0,1856.508935687708
845.0,590.0,1930.0074111325268
845.0,595.0,2173.5755721584155
845.0,600.0,2381.490421631189
845.0,605.0,2545.4711600643172
845.0,610.0,2659.3347212485187
845.0,615.0,2719.0437052798666
845.0,620.0,2722.749907218077
845.0,625.0,2670.832049300053
845.0,630.0,2565.9230075971686
845.0,635.0,2412.919127340222
845.0,640.0,2218.96251244769
845.0,645.0,1993.3867290459484
845.0,650.0,1828.707668477042
845.0,655.0,1956.8798508925468
845.0,660.0,2058.731514301005
845.0,665.0,2114.628739502158
845.0,670.0,2122.6793529632923
845.0,675.0,2083.189500928439
845.0,680.0,1998.686275226056
845.0,685.0,1873.922153988987
845.0,690.0,1866.5692817899944
845.0,695.0,1924.8699830799471
845.0,700.0,1938.1835141609943
845.0,705.0,1906.6004708282787
845.0,710.0,1832.8559745878263
845.0,715.0,2007.2340763528173
845.0,720.0,2674.527723821712
845.0,725.0,3831.245575301313
845.0,730.0,5471.416465708031
845.0,735.0,7586.668054489525
845.0,740.0,10166.324960349604
845.0,745.0,13197.522819751975
845.0,750.0,16665.334767690365
845.0,755.0,20552.907122642857
845.0,760.0,24841.601517814463
845.0,765.0,29511.141310514453
845.0,770.0,34539.76075330594
845.0,775.0,39904.35606783839
845.0,780.0,45580.63815573435
845.0,785.0,51543.28716563661
845.0,790.0,57766.10946486486
845.0,795.0,64222.197710795335
845.0,800.0,70884.09467786914
845.0,805.0,77723.96126824795
845.0,810.0,84713.74875548683
845.0,815.0,91825.37479983502
845.0,820.0,99030.90220389004
845.0,825.0,106302.71877878762
845.0,830.0,113613.7161407204
845.0,835.0,120937.46479120244
845.0,840.0,128248.38251398099
845.0,845.0,135521.89295955628
845.0,850.0,142734.57132222183
845.0,855.0,149864.27422912006
845.0,860.0,156890.25135789742
845.0,865.0,163793.23683355082
845.0,870.0,170555.51911242574
845.0,875.0,177160.98876636554
845.0,880.0,183595.1643193145
845.0,885.0,189845.1969848716
845.0,890.0,195899.85578694736
845.0,895.0,201749.49507424908
845.0,900.0,207386.0068400019
850.0,250.0,212135.4760347249
850.0,255.0,207384.8636055097
850.0,260.0,202423.5948178498
850.0,265.0,197256.90455818333
850.0,270.0,191891.47465790252
850.0,275.0,186335.46360140972
850.0,280.0,180598.518209662
850.0,285.0,174691.76605478732
850.0,290.0,168627.78794273187
850.0,295.0,162420.5704429605
850.0,300.0,156085.43909493086
850.0,305.0,149638.97354745193
850.0,310.0,143098.90644734044
850.0,315.0,136484.00834300322
850.0,320.0,129813.9611881655
850.0,325.0,123109.22319042902
850.0,330.0,116390.88775463795
850.0,335.0,109680.5391080449
850.0,340.0,103000.10691201608
850.0,345.0,96371.72176108786
850.0,350.0,89817.57301464399
850.0,355.0,83359.76991398075
850.0,360.0,77020.20648177149
850.0,365.0,70820.43029708369
850.0,370.0,64781.51493899186
850.0,375.0,58923.935717609864
850.0,380.0,53267.44826845358
850.0,385.0,47830.9696865639
850.0,390.0,42632.46210525738
850.0,395.0,37688.818951343244
850.0,400.0,33015.7545165311
850.0,405.0,28627.69791848353
850.0,410.0,24537.69295605567
850.0,415.0,20757.305737228635
850.0,420.0,17296.542245415232
850.0,425.0,14163.7781721024
850.0,430.0,11365.703356649863
850.0,435.0,8907.283032046993
850.0,440.0,6791.73777179248
850.0,445.0,5020.543583631567
850.0,450.0,3593.4530282795754
850.0,455.0,2531.192997229683
850.0,460.0,1944.6706247274178
850.0,465.0,1851.4635642114765
850.0,470.0,2053.7556941897155
850.0,475.0,2222.9052998974857
850.0,480.0,2347.4688287335725
850.0,485.0,2422.6831423585004
850.0,490.0,2445.9495615828696
850.0,495.0,2416.8722405476665
850.0,500.0,2337.2876479047923
850.0,505.0,2211.2787017753053
850.0,510.0,2045.1650079560904
850.0,515.0,1850.7815925512525
850.0,520.0,1943.605588188289
850.0,525.0,2222.379518297254
850.0,530.0,2469.5242560408988
850.0,535.0,2675.2849569227496
850.0,540.0,2831.974360356155
850.0,545.0,2934.025240545786
850.0,550.0,2978.03785118407
850.0,555.0,2962.823332249187
850.0,560.0,2889.4405500758958
850.0,565.0,2761.2206780280076
850.0,570.0,2583.7714000102187
850.0,575.0,2364.9512726678345
850.0,580.0,2114.804750522233
850.0,585.0,1856.5089356877083
850.0,590.0,1930.0074111325255
850.0,595.0,2173.575572158421
850.0,600.0,2381.4904216311907
850.0,605.0,2545.4711600643172
850.0,610.0,2659.3347212485137
850.0,615.0,2719.0437052798716
850.0,620.0,2722.7499072180854
850.0,625.0,2670.8320493000588
850.0,630.0,2565.9230075971705
850.0,635.0,2412.9191273402234
850.0,640.0,2218.9625124476916
850.0,645.0,1993.3867290459555
850.0,650.0,1828.707668477042
850.0,655.0,1956.8798508925395
850.0,660.0,2058.731514301008
850.0,665.0,2114.628739502158
850.0,670.0,2122.6793529632882
850.0,675.0,2083.189500928438
850.0,680.0,1998.6862752260613
850.0,685.0,1873.922153988992
850.0,690.0,1866.5692817899894
850.0,695.0,1924.8699830799378
850.0,700.0,1938.1835141610034
850.0,705.0,1906.6004708282833
850.0,710.0,1832.8559745878306
850.0,715.0,2007.234076352821
850.0,720.0,2674.5277238217127
850.0,725.0,3831.2455753013137
850.0,730.0,5471.416465708037
850.0,735.0,7586.668054489525
850.0,740.0,10166.324960349604
850.0,745.0,13197.522819751975
850.0,750.0,16665.334767690365
850.0,755.0,20552.907122642853
850.0,760.0,24841.60151781446
850.0,765.0,29511.141310514453
850.0,770.0,34539.76075330592
850.0,775.0,39904.356067838424
850.0,780.0,45580.638155734334
850.0,785.0,51543.287165636626
850.0,790.0,57766.10946486488
850.0,795.0,64222.19771079529
850.0,800.0,70884.09467786913
850.0,805.0,77723.96126824795
850.0,810.0,84713.74875548683
850.0,815.0,91825.37479983503
850.0,820.0,99030.9022038901
850.0,825.0,106302.71877878754
850.0,830.0,113613.71614072045
850.0,835.0,120937.46479120242
850.0,840.0,128248.38251398096
850.0,845.0,135521.89295955625
850.0,850.0,142734.57132222183
850.0,855.0,149864.27422912006
850.0,860.0,156890.25135789745
850.0,865.0,163793.23683355085
850.0,870.0,170555.51911242577
850.0,875.0,177160.98876636548
850.0,880.0,183595.16431931438
850.0,885.0,189845.19698487167
850.0,890.0,195899.85578694736
850.0,895.0,201749.49507424908
850.0,900.0,207386.0068400019
855.0,250.0,214181.6101387406
855.0,255.0,209421.86164703115
855.0,260.0,204448.30458059165
855.0,265.0,199265.99880231466
855.0,270.0,193881.46317011412
855.0,275.0,188302.7085031323
855.0,280.0,182539.2526333061
855.0,285.0,176602.1162318743
855.0,290.0,170503.79867539325
855.0,295.0,164258.23385408113
855.0,300.0,157880.72647494386
855.0,305.0,151387.8700402891
855.0,310.0,144797.44824688823
855.0,315.0,138128.32200679556
855.0,320.0,131400.30461861502
855.0,325.0,124634.02778661072
855.0,330.0,117850.8011998658
855.0,335.0,111072.46822981288
855.0,340.0,104321.26003072422
855.0,345.0,97619.64993118911
855.0,350.0,90990.20955557522
855.0,355.0,84455.46762757564
855.0,360.0,78037.7719576233
855.0,365.0,71759.15471768752
855.0,370.0,65641.20081342937
855.0,375.0,59704.91899760503
855.0,380.0,53970.61533574724
855.0,385.0,48457.76874798271
855.0,390.0,43184.908593710585
855.0,395.0,38169.49460880857
855.0,400.0,33427.799929828616
855.0,405.0,28974.79838984077
855.0,410.0,24824.057716541563
855.0,415.0,20987.64064882894
855.0,420.0,17476.01628230572
855.0,425.0,14297.9841177088
855.0,430.0,11460.613293638804
855.0,435.0,8969.199330449766
855.0,440.0,6827.240389065113
855.0,445.0,5036.434573450066
855.0,450.0,3596.6992074494174
855.0,455.0,2531.1929972296834
855.0,460.0,1944.670624727409
855.0,465.0,1851.4635642114754
855.0,470.0,2053.7556941897183
855.0,475.0,2222.905299897486
855.0,480.0,2347.468828733568
855.0,485.0,2422.6831423584945
855.0,490.0,2445.9495615828605
855.0,495.0,2416.872240547655
855.0,500.0,2337.2876479047927
855.0,505.0,2211.278701775305
855.0,510.0,2045.16500795609
855.0,515.0,1850.7815925512525
855.0,520.0,1943.6055881882903
855.0,525.0,2222.3795182972603
855.0,530.0,2469.5242560408997
855.0,535.0,2675.2849569227515
855.0,540.0,2831.974360356148
855.0,545.0,2934.0252405457813
855.0,550.0,2978.037851184066
855.0,555.0,2962.8233322491856
855.0,560.0,2889.440550075891
855.0,565.0,2761.220678028003
855.0,570.0,2583.771400010216
855.0,575.0,2364.9512726678317
855.0,580.0,2114.804750522228
855.0,585.0,1856.5089356877065
855.0,590.0,1930.0074111325255
855.0,595.0,2173.575572158415
855.0,600.0,2381.4904216311884
855.0,605.0,2545.4711600643177
855.0,610.0,2659.3347212485137
855.0,615.0,2719.0437052798725
855.0,620.0,2722.7499072180804
855.0,625.0,2670.8320493000588
855.0,630.0,2565.923007597166
855.0,635.0,2412.919127340216
855.0,640.0,2218.9625124476916
855.0,645.0,1993.3867290459536
855.0,650.0,1828.7076684770443
855.0,655.0,1956.8798508925388
855.0,660.0,2058.7315143010046
855.0,665.0,2114.628739502159
855.0,670.0,2122.6793529632937
855.0,675.0,2083.1895009284412
855.0,680.0,1998.6862752260593
855.0,685.0,1873.922153988993
855.0,690.0,1866.5692817899899
855.0,695.0,1924.869983079947
855.0,700.0,1938.1835141610015
855.0,705.0,1906.6004708282787
855.0,710.0,1832.85597458783
855.0,715.0,2007.234076352821
855.0,720.0,2674.5277238217136
855.0,725.0,3831.2455753013187
855.0,730.0,5471.416465708033
855.0,735.0,7586.6680544895235
855.0,740.0,10166.324960349628
855.0,745.0,13197.522819751975
855.0,750.0,16665.334767690383
855.0,755.0,20552.907122642853
855.0,760.0,24841.601517814463
855.0,765.0,29511.141310514453
855.0,770.0,34539.76075330594
855.0,775.0,39904.356067838424
855.0,780.0,45580.63815573434
855.0,785.0,51543.28716563661
855.0,790.0,57766.10946486486
855.0,795.0,64222.19771079529
855.0,800.0,70884.09467786913
855.0,805.0,77723.96126824795
855.0,810.0,84713.74875548686
855.0,815.0,91825.37479983502
855.0,820.0,99030.90220389004
855.0,825.0,106302.7187787876
855.0,830.0,113613.71614072044
855.0,835.0,120937.46479120241
855.0,840.0,128248.38251398099
855.0,845.0,135521.8929595563
855.0,850.0,142734.57132222183
855.0,855.0,149864.27422911997
855.0,860.0,156890.25135789742
855.0,865.0,163793.23683355082
855.0,870.0,170555.5191124258
855.0,875.0,177160.98876636554
855.0,880.0,183595.16431931444
855.0,885.0,189845.1969848717
855.0,890.0,195899.85578694733
855.0,895.0,201749.49507424905
855.0,900.0,207386.00684000188
860.0,250.0,216079.1527200121
860.0,255.0,211313.31245572385
860.0,260.0,206330.71841285896
860.0,265.0,201136.2549094876
860.0,270.0,195736.27550498128
860.0,275.0,190138.6390928948
860.0,280.0,184352.7282131535
860.0,285.0,178389.44821233998
860.0,290.0,172261.2064489382
860.0,295.0,165981.87137407422
860.0,300.0,159566.71196590815
860.0,305.0,153032.3186245945
860.0,310.0,146396.50720252158
860.0,315.0,139678.20830552466
860.0,320.0,132897.34433549852
860.0,325.0,126074.69692139789
860.0,330.0,119231.76740889126
860.0,335.0,112390.63293327592
860.0,340.0,105573.80033432819
860.0,345.0,98804.05978203811
860.0,350.0,92104.33953929415
860.0,355.0,85497.56280606095
860.0,360.0,79006.50714460632
860.0,365.0,72653.66659264278
860.0,370.0,66461.11628435693
860.0,375.0,60450.379241499875
860.0,380.0,54642.29497415444
860.0,385.0,49056.88965630051
860.0,390.0,43713.24789909853
860.0,395.0,38629.38650441841
860.0,400.0,33822.1310237231
860.0,405.0,29306.996415184523
860.0,410.0,25098.073554048064
860.0,415.0,21207.923749962156
860.0,420.0,17647.483727972605
860.0,425.0,14425.983696363215
860.0,430.0,11550.881128109675
860.0,435.0,9027.8127172698
860.0,440.0,6860.566630457406
860.0,445.0,5051.076673983603
860.0,450.0,3599.439369550789
860.0,455.0,2531.1929972296834
860.0,460.0,1944.6706247274099
860.0,465.0,1851.4635642114763
860.0,470.0,2053.755694189718
860.0,475.0,2222.905299897481
860.0,480.0,2347.4688287335757
860.0,485.0,2422.683142358498
860.0,490.0,2445.9495615828696
860.0,495.0,2416.8722405476633
860.0,500.0,2337.2876479047927
860.0,505.0,2211.2787017753058
860.0,510.0,2045.1650079560882
860.0,515.0,1850.7815925512525
860.0,520.0,1943.6055881882914
860.0,525.0,2222.3795182972585
860.0,530.0,2469.5242560408997
860.0,535.0,2675.2849569227506
860.0,540.0,2831.974360356155
860.0,545.0,2934.02524054579
860.0,550.0,2978.0378511840613
860.0,555.0,2962.823332249187
860.0,560.0,2889.4405500758935
860.0,565.0,2761.2206780280003
860.0,570.0,2583.7714000102173
860.0,575.0,2364.9512726678386
860.0,580.0,2114.804750522229
860.0,585.0,1856.508935687708
860.0,590.0,1930.0074111325303
860.0,595.0,2173.5755721584155
860.0,600.0,2381.4904216311857
860.0,605.0,2545.471160064321
860.0,610.0,2659.33472124852
860.0,615.0,2719.0437052798707
860.0,620.0,2722.749907218087
860.0,625.0,2670.832049300056
860.0,630.0,2565.923007597164
860.0,635.0,2412.919127340222
860.0,640.0,2218.962512447685
860.0,645.0,1993.3867290459507
860.0,650.0,1828.7076684770445
860.0,655.0,1956.8798508925463
860.0,660.0,2058.7315143010082
860.0,665.0,2114.6287395021645
860.0,670.0,2122.679352963288
860.0,675.0,2083.189500928438
860.0,680.0,1998.6862752260647
860.0,685.0,1873.9221539889909
860.0,690.0,1866.5692817899937
860.0,695.0,1924.8699830799405
860.0,700.0,1938.1835141609974
860.0,705.0,1906.6004708282826
860.0,710.0,1832.8559745878306
860.0,715.0,2007.2340763528173
860.0,720.0,2674.527723821712
860.0,725.0,3831.245575301315
860.0,730.0,5471.416465708033
860.0,735.0,7586.668054489524
860.0,740.0,10166.32496034963
860.0,745.0,13197.52281975196
860.0,750.0,16665.334767690365
860.0,755.0,20552.90712264286
860.0,760.0,24841.601517814463
860.0,765.0,29511.14131051443
860.0,770.0,34539.76075330594
860.0,775.0,39904.35606783839
860.0,780.0,45580.63815573434
860.0,785.0,51543.28716563658
860.0,790.0,57766.109464864865
860.0,795.0,64222.197710795335
860.0,800.0,70884.0946778691
860.0,805.0,77723.96126824795
860.0,810.0,84713.74875548684
860.0,815.0,91825.37479983503
860.0,820.0,99030.90220389009
860.0,825.0,106302.7187787876
860.0,830.0,113613.71614072045
860.0,835.0,120937.46479120244
860.0,840.0,128248.38251398099
860.0,845.0,135521.8929595563
860.0,850.0,142734.57132222183
860.0,855.0,149864.27422912003
860.0,860.0,156890.25135789745
860.0,865.0,163793.23683355085
860.0,870.0,170555.51911242577
860.0,875.0,177160.98876636554
860.0,880.0,183595.16431931444
860.0,885.0,189845.1969848716
860.0,890.0,195899.8557869473
860.0,895.0,201749.49507424908
860.0,900.0,207386.0068400019
865.0,250.0,217832.43506245545
865.0,255.0,213063.31013362884
865.0,260.0,208074.68883575272
865.0,265.0,202871.2805071979
865.0,270.0,197459.2722792196
865.0,275.0,191846.36815371222
865.0,280.0,186041.8104548945
865.0,285.0,180056.38222817428
865.0,290.0,173902.38972020012
865.0,295.0,167593.62470259675
865.0,300.0,161145.30704664125
865.0,305.0,154574.00858452145
865.0,310.0,147897.55986260367
865.0,315.0,141134.94185718414
865.0,320.0,134306.16506366563
865.0,325.0,127432.13855347969
865.0,330.0,120534.53162375835
865.0,335.0,113635.63052641084
865.0,340.0,106758.1925043346
865.0,345.0,99925.29897898942
865.0,350.0,93160.20929632487
865.0,355.0,86486.21596155284
865.0,360.0,79926.5018533326
865.0,365.0,73503.99952066224
865.0,370.0,67241.2523854254
865.0,375.0,61160.27752401837
865.0,380.0,55282.429689313816
865.0,385.0,49628.26637260273
865.0,390.0,44217.41397825171
865.0,395.0,39068.4355606367
865.0,400.0,34198.70103406595
865.0,405.0,29624.26125277447
865.0,410.0,25359.72783766036
865.0,415.0,21418.16103976351
865.0,420.0,17810.968243873544
865.0,425.0,14547.815886891389
865.0,430.0,11636.557567191458
865.0,435.0,9083.180946618195
865.0,440.0,6891.775689071779
865.0,445.0,5064.524156863641
865.0,450.0,3601.715929604866
865.0,455.0,2531.1929972296793
865.0,460.0,1944.6706247274162
865.0,465.0,1851.463564211477
865.0,470.0,2053.7556941897196
865.0,475.0,2222.9052998974857
865.0,480.0,2347.4688287335725
865.0,485.0,2422.6831423584963
865.0,490.0,2445.949561582863
865.0,495.0,2416.8722405476647
865.0,500.0,2337.2876479047973
865.0,505.0,2211.2787017753008
865.0,510.0,2045.1650079560918
865.0,515.0,1850.7815925512527
865.0,520.0,1943.6055881882876
865.0,525.0,2222.3795182972563
865.0,530.0,2469.5242560408997
865.0,535.0,2675.284956922748
865.0,540.0,2831.9743603561483
865.0,545.0,2934.025240545786
865.0,550.0,2978.037851184071
865.0,555.0,2962.823332249193
865.0,560.0,2889.440550075889
865.0,565.0,2761.220678028005
865.0,570.0,2583.771400010217
865.0,575.0,2364.9512726678327
865.0,580.0,2114.804750522227
865.0,585.0,1856.508935687708
865.0,590.0,1930.0074111325252
865.0,595.0,2173.575572158418
865.0,600.0,2381.4904216311884
865.0,605.0,2545.471160064318
865.0,610.0,2659.3347212485255
865.0,615.0,2719.0437052798684
865.0,620.0,2722.7499072180804
865.0,625.0,2670.832049300056
865.0,630.0,2565.92300759717
865.0,635.0,2412.919127340223
865.0,640.0,2218.9625124476956
865.0,645.0,1993.3867290459475
865.0,650.0,1828.7076684770443
865.0,655.0,1956.8798508925431
865.0,660.0,2058.7315143010073
865.0,665.0,2114.6287395021645
865.0,670.0,2122.6793529632896
865.0,675.0,2083.1895009284403
865.0,680.0,1998.6862752260595
865.0,685.0,1873.9221539889859
865.0,690.0,1866.5692817899908
865.0,695.0,1924.869983079948
865.0,700.0,1938.1835141609943
865.0,705.0,1906.6004708282765
865.0,710.0,1832.8559745878313
865.0,715.0,2007.2340763528205
865.0,720.0,2674.5277238217127
865.0,725.0,3831.2455753013123
865.0,730.0,5471.416465708033
865.0,735.0,7586.668054489525
865.0,740.0,10166.324960349628
865.0,745.0,13197.522819751955
865.0,750.0,16665.334767690383
865.0,755.0,20552.907122642857
865.0,760.0,24841.60151781446
865.0,765.0,29511.141310514453
865.0,770.0,34539.76075330594
865.0,775.0,39904.35606783842
865.0,780.0,45580.638155734334
865.0,785.0,51543.2871656366
865.0,790.0,57766.10946486489
865.0,795.0,64222.197710795306
865.0,800.0,70884.09467786913
865.0,805.0,77723.96126824793
865.0,810.0,84713.74875548683
865.0,815.0,91825.37479983502
865.0,820.0,99030.90220389003
865.0,825.0,106302.7187787876
865.0,830.0,113613.71614072041
865.0,835.0,120937.46479120241
865.0,840.0,128248.38251398098
865.0,845.0,135521.89295955622
865.0,850.0,142734.57132222183
865.0,855.0,149864.27422911997
865.0,860.0,156890.25135789742
865.0,865.0,163793.23683355082
865.0,870.0,170555.51911242574
865.0,875.0,177160.98876636554
865.0,880.0,183595.16431931444
865.0,885.0,189845.1969848716
865.0,890.0,195899.8557869473
865.0,895.0,201749.49507424908
865.0,900.0,207386.0068400019
870.0,250.0,219446.14702726665
870.0,255.0,214676.3118225267
870.0,260.0,209684.43494147714
870.0,265.0,204475.05229356358
870.0,270.0,199054.18455253055
870.0,275.0,193429.37906934283
870.0,280.0,187609.73433101538
870.0,285.0,181605.90548825808
870.0,290.0,175430.09002804128
870.0,295.0,169095.99328998922
870.0,300.0,162618.77416672616
870.0,305.0,156014.97195542467
870.0,310.0,149302.41589857824
870.0,315.0,142500.11942003501
870.0,320.0,135628.16140740333
870.0,325.0,128707.55708103583
870.0,330.0,121760.12102684053
870.0,335.0,114808.32483819626
870.0,340.0,107875.15155949994
870.0,345.0,100983.94874590344
870.0,350.0,94158.28152161754
870.0,355.0,87421.78654721705
870.0,360.0,80798.02737112115
870.0,365.0,74310.35125825719
870.0,370.0,67981.74731486861
870.0,375.0,61834.70558700527
870.0,380.0,55891.07680837221
870.0,385.0,50171.93262451747
870.0,390.0,44697.42640892673
870.0,395.0,39486.65518105287
870.0,400.0,34557.523616667175
870.0,405.0,29926.61164682407
870.0,410.0,25609.047639977234
870.0,415.0,21618.389591223375
870.0,420.0,17966.517068155088
870.0,425.0,14663.53684067119
870.0,430.0,11717.705123706939
870.0,435.0,9135.369179983256
870.0,440.0,6920.93065747413
870.0,445.0,5076.83249183934
870.0,450.0,3603.570520122396
870.0,455.0,2531.1929972296734
870.0,460.0,1944.6706247274117
870.0,465.0,1851.463564211477
870.0,470.0,2053.755694189718
870.0,475.0,2222.9052998974917
870.0,480.0,2347.4688287335757
870.0,485.0,2422.6831423584963
870.0,490.0,2445.9495615828664
870.0,495.0,2416.872240547664
870.0,500.0,2337.2876479047986
870.0,505.0,2211.2787017753085
870.0,510.0,2045.165007956089
870.0,515.0,1850.7815925512525
870.0,520.0,1943.6055881882944
870.0,525.0,2222.3795182972585
870.0,530.0,2469.5242560408997
870.0,535.0,2675.2849569227496
870.0,540.0,2831.9743603561515
870.0,545.0,2934.025240545783
870.0,550.0,2978.037851184069
870.0,555.0,2962.8233322491874
870.0,560.0,2889.440550075894
870.0,565.0,2761.2206780280076
870.0,570.0,2583.7714000102246
870.0,575.0,2364.951272667837
870.0,580.0,2114.8047505222266
870.0,585.0,1856.5089356877083
870.0,590.0,1930.0074111325291
870.0,595.0,2173.575572158418
870.0,600.0,2381.4904216311907
870.0,605.0,2545.471160064318
870.0,610.0,2659.334721248521
870.0,615.0,2719.0437052798725
870.0,620.0,2722.7499072180804
870.0,625.0,2670.8320493000633
870.0,630.0,2565.923007597163
870.0,635.0,2412.919127340223
870.0,640.0,2218.962512447686
870.0,645.0,1993.3867290459502
870.0,650.0,1828.7076684770445
870.0,655.0,1956.8798508925445
870.0,660.0,2058.731514301008
870.0,665.0,2114.6287395021645
870.0,670.0,2122.679352963293
870.0,675.0,2083.1895009284394
870.0,680.0,1998.68627522606
870.0,685.0,1873.9221539889902
870.0,690.0,1866.5692817899953
870.0,695.0,1924.8699830799442
870.0,700.0,1938.1835141610056
870.0,705.0,1906.6004708282783
870.0,710.0,1832.8559745878265
870.0,715.0,2007.2340763528164
870.0,720.0,2674.527723821716
870.0,725.0,3831.2455753013214
870.0,730.0,5471.416465708031
870.0,735.0,7586.668054489524
870.0,740.0,10166.324960349628
870.0,745.0,13197.522819751954
870.0,750.0,16665.33476769038
870.0,755.0,20552.907122642853
870.0,760.0,24841.60151781446
870.0,765.0,29511.141310514453
870.0,770.0,34539.76075330595
870.0,775.0,39904.356067838424
870.0,780.0,45580.63815573434
870.0,785.0,51543.2871656366
870.0,790.0,57766.109464864865
870.0,795.0,64222.197710795335
870.0,800.0,70884.09467786911
870.0,805.0,77723.96126824796
870.0,810.0,84713.74875548687
870.0,815.0,91825.37479983503
870.0,820.0,99030.90220389004
870.0,825.0,106302.71877878756
870.0,830.0,113613.71614072045
870.0,835.0,120937.46479120242
870.0,840.0,128248.38251398099
870.0,845.0,135521.89295955634
870.0,850.0,142734.57132222183
870.0,855.0,149864.27422912
870.0,860.0,156890.25135789742
870.0,865.0,163793.23683355085
870.0,870.0,170555.51911242574
870.0,875.0,177160.98876636554
870.0,880.0,183595.16431931444
870.0,885.0,189845.19698487167
870.0,890.0,195899.85578694733
870.0,895.0,201749.49507424905
870.0,900.0,207386.00684000185
875.0,250.0,220925.29077900582
875.0,255.0,216157.0928414137
875.0,260.0,211164.49906308868
875.0,265.0,205951.87435766472
875.0,270.0,200525.07391228052
875.0,275.0,194891.48778036406
875.0,280.0,189060.06820644974
875.0,285.0,183041.33816069234
875.0,290.0,176847.38010623655
875.0,295.0,170491.80463935065
875.0,300.0,163989.69927934257
875.0,305.0,157357.55831039164
875.0,310.0,150613.19514830696
875.0,315.0,143775.63917520523
875.0,320.0,136865.01933374704
875.0,325.0,129902.43696633865
875.0,330.0,122909.83042709707
875.0,335.0,115909.83386784872
875.0,340.0,108925.63235201493
875.0,345.0,101980.81507705168
875.0,350.0,95099.22805833265
875.0,355.0,88304.8271594103
875.0,360.0,81621.53192249268
875.0,365.0,75073.08027546688
875.0,370.0,68682.88392366798
875.0,375.0,62473.884100931995
875.0,380.0,56468.40736267694
875.0,385.0,50688.02126784648
875.0,390.0,45153.39010066456
875.0,395.0,39884.13119548472
875.0,400.0,34898.672928091524
875.0,405.0,30214.115963049084
875.0,410.0,25846.099864706757
875.0,415.0,21808.677626447337
875.0,420.0,18114.201012085683
875.0,425.0,14773.219789737777
875.0,430.0,11794.397942127835
875.0,435.0,9184.449750246964
875.0,440.0,6948.098262114313
875.0,445.0,5088.058094001681
875.0,450.0,3605.0438014234296
875.0,455.0,2531.1929972296834
875.0,460.0,1944.6706247274103
875.0,465.0,1851.4635642114713
875.0,470.0,2053.7556941897137
875.0,475.0,2222.905299897489
875.0,480.0,2347.4688287335757
875.0,485.0,2422.6831423584954
875.0,490.0,2445.9495615828696
875.0,495.0,2416.8722405476633
875.0,500.0,2337.2876479047923
875.0,505.0,2211.2787017753058
875.0,510.0,2045.1650079560893
875.0,515.0,1850.7815925512525
875.0,520.0,1943.6055881882935
875.0,525.0,2222.379518297256
875.0,530.0,2469.524256040895
875.0,535.0,2675.284956922744
875.0,540.0,2831.9743603561583
875.0,545.0,2934.0252405457813
875.0,550.0,2978.037851184064
875.0,555.0,2962.8233322491856
875.0,560.0,2889.4405500758985
875.0,565.0,2761.220678028007
875.0,570.0,2583.7714000102173
875.0,575.0,2364.9512726678395
875.0,580.0,2114.8047505222326
875.0,585.0,1856.508935687708
875.0,590.0,1930.0074111325225
875.0,595.0,2173.575572158415
875.0,600.0,2381.490421631184
875.0,605.0,2545.471160064316
875.0,610.0,2659.3347212485223
875.0,615.0,2719.0437052798684
875.0,620.0,2722.749907218077
875.0,625.0,2670.832049300056
875.0,630.0,2565.923007597169
875.0,635.0,2412.919127340218
875.0,640.0,2218.9625124476916
875.0,645.0,1993.3867290459518
875.0,650.0,1828.7076684770439
875.0,655.0,1956.8798508925418
875.0,660.0,2058.731514301005
875.0,665.0,2114.6287395021723
875.0,670.0,2122.6793529632937
875.0,675.0,2083.1895009284367
875.0,680.0,1998.6862752260613
875.0,685.0,1873.9221539889893
875.0,690.0,1866.5692817899921
875.0,695.0,1924.8699830799455
875.0,700.0,1938.1835141610015
875.0,705.0,1906.6004708282815
875.0,710.0,1832.8559745878297
875.0,715.0,2007.2340763528173
875.0,720.0,2674.527723821712
875.0,725.0,3831.245575301316
875.0,730.0,5471.416465708031
875.0,735.0,7586.668054489527
875.0,740.0,10166.324960349612
875.0,745.0,13197.522819751963
875.0,750.0,16665.334767690383
875.0,755.0,20552.907122642853
875.0,760.0,24841.60151781446
875.0,765.0,29511.141310514453
875.0,770.0,34539.76075330594
875.0,775.0,39904.356067838424
875.0,780.0,45580.63815573434
875.0,785.0,51543.28716563661
875.0,790.0,57766.10946486487
875.0,795.0,64222.19771079533
875.0,800.0,70884.0946778691
875.0,805.0,77723.96126824795
875.0,810.0,84713.74875548686
875.0,815.0,91825.37479983502
875.0,820.0,99030.90220389004
875.0,825.0,106302.71877878756
875.0,830.0,113613.71614072041
875.0,835.0,120937.46479120242
875.0,840.0,128248.38251398098
875.0,845.0,135521.89295955634
875.0,850.0,142734.57132222183
875.0,855.0,149864.27422912003
875.0,860.0,156890.25135789745
875.0,865.0,163793.23683355085
875.0,870.0,170555.5191124258
875.0,875.0,177160.98876636548
875.0,880.0,183595.16431931444
875.0,885.0,189845.19698487167
875.0,890.0,195899.8557869473
875.0,895.0,201749.49507424902
875.0,900.0,207386.00684000185
880.0,250.0,222275.133315192
880.0,255.0,217510.70046222754
880.0,260.0,212519.70191810557
880.0,265.0,207306.33481206367
880.0,270.0,201876.2907133712
880.0,275.0,196236.8027452325
880.0,280.0,190396.67562794662
880.0,285.0,184366.29708868903
880.0,290.0,178157.62961301848
880.0,295.0,171784.18212366733
880.0,300.0,165260.961804724
880.0,305.0,158604.40691181584
880.0,310.0,151832.3019790913
880.0,315.0,144963.6773048878
880.0,320.0,138018.69494923519
880.0,325.0,131018.52367381065
880.0,330.0,123985.2053017479
880.0,335.0,116941.51485271477
880.0,340.0,109910.81656573138
880.0,345.0,102916.91755303956
880.0,350.0,95983.92040424835
880.0,355.0,89136.07559538134
880.0,360.0,82397.63412991702
880.0,365.0,75792.70046552265
880.0,370.0,69345.08551743742
880.0,375.0,63078.15940310099
880.0,380.0,57014.70361048674
880.0,385.0,51176.76244918469
880.0,390.0,45585.49396277524
880.0,395.0,40261.02091132198
880.0,400.0,35222.28295293338
880.0,405.0,30486.89170056477
880.0,410.0,26070.99086900683
880.0,415.0,21989.12419285473
880.0,420.0,18254.114151047805
880.0,425.0,14876.954730445646
880.0,430.0,11866.721468688498
880.0,435.0,9230.50182650837
880.0,440.0,6973.34854384601
880.0,445.0,5098.2580517337865
880.0,450.0,3606.1752773621065
880.0,455.0,2531.192997229683
880.0,460.0,1944.6706247274162
880.0,465.0,1851.463564211477
880.0,470.0,2053.7556941897155
880.0,475.0,2222.9052998974876
880.0,480.0,2347.4688287335757
880.0,485.0,2422.6831423585018
880.0,490.0,2445.949561582867
880.0,495.0,2416.872240547659
880.0,500.0,2337.287647904797
880.0,505.0,2211.278701775305
880.0,510.0,2045.165007956089
880.0,515.0,1850.7815925512525
880.0,520.0,1943.6055881883462
880.0,525.0,2222.3795182972613
880.0,530.0,2469.524256040898
880.0,535.0,2675.2849569227515
880.0,540.0,2831.9743603561506
880.0,545.0,2934.0252405457823
880.0,550.0,2978.0378511840668
880.0,555.0,2962.823332249187
880.0,560.0,2889.440550075886
880.0,565.0,2761.2206780280076
880.0,570.0,2583.771400010224
880.0,575.0,2364.9512726678377
880.0,580.0,2114.8047505222303
880.0,585.0,1856.5089356877083
880.0,590.0,1930.0074111325252
880.0,595.0,2173.575572158415
880.0,600.0,2381.4904216311875
880.0,605.0,2545.4711600643172
880.0,610.0,2659.3347212485264
880.0,615.0,2719.043705279873
880.0,620.0,2722.7499072180804
880.0,625.0,2670.832049300057
880.0,630.0,2565.923007597164
880.0,635.0,2412.9191273402193
880.0,640.0,2218.9625124476916
880.0,645.0,1993.38672904595
880.0,650.0,1828.7076684770445
880.0,655.0,1956.8798508925458
880.0,660.0,2058.7315143010023
880.0,665.0,2114.628739502158
880.0,670.0,2122.6793529632896
880.0,675.0,2083.189500928438
880.0,680.0,1998.6862752260615
880.0,685.0,1873.922153988994
880.0,690.0,1866.5692817899958
880.0,695.0,1924.8699830799471
880.0,700.0,1938.1835141609959
880.0,705.0,1906.6004708282783
880.0,710.0,1832.8559745878304
880.0,715.0,2007.23407635282
880.0,720.0,2674.52772382171
880.0,725.0,3831.2455753013164
880.0,730.0,5471.416465708031
880.0,735.0,7586.668054489521
880.0,740.0,10166.324960349604
880.0,745.0,13197.52281975196
880.0,750.0,16665.334767690365
880.0,755.0,20552.907122642857
880.0,760.0,24841.60151781446
880.0,765.0,29511.141310514453
880.0,770.0,34539.76075330594
880.0,775.0,39904.35606783842
880.0,780.0,45580.63815573434
880.0,785.0,51543.287165636575
880.0,790.0,57766.109464864865
880.0,795.0,64222.197710795284
880.0,800.0,70884.09467786913
880.0,805.0,77723.96126824793
880.0,810.0,84713.74875548683
880.0,815.0,91825.374799835
880.0,820.0,99030.90220389004
880.0,825.0,106302.71877878759
880.0,830.0,113613.71614072041
880.0,835.0,120937.46479120244
880.0,840.0,128248.38251398098
880.0,845.0,135521.89295955634
880.0,850.0,142734.57132222183
880.0,855.0,149864.27422912006
880.0,860.0,156890.25135789742
880.0,865.0,163793.23683355085
880.0,870.0,170555.51911242574
880.0,875.0,177160.9887663655
880.0,880.0,183595.16431931447
880.0,885.0,189845.19698487167
880.0,890.0,195899.85578694736
880.0,895.0,201749.49507424908
880.0,900.0,207386.0068400019
885.0,250.0,223501.15838422006
885.0,255.0,218742.40690055152
885.0,260.0,213755.0967927709
885.0,265.0,208543.26129237484
885.0,270.0,203112.43101414302
885.0,275.0,197469.6834309513
885.0,280.0,191623.67548332186
885.0,285.0,185584.65772550018
885.0,290.0,179364.46893988573
885.0,295.0,172976.51075564948
885.0,300.0,166435.702435044
885.0,305.0,159758.41661028075
885.0,310.0,152962.3973227111
885.0,315.0,146066.66218746672
885.0,320.0,139091.39085974373
885.0,325.0,132057.80217920177
885.0,330.0,124988.022419227
885.0,335.0,117904.9469494971
885.0,340.0,110832.09738099303
885.0,345.0,103793.4758966849
885.0,350.0,96813.41805000135
885.0,355.0,89916.4448512588
885.0,360.0,83127.11453759403
885.0,365.0,76469.87405202464
885.0,370.0,69968.90999928472
885.0,375.0,63647.998726417354
885.0,380.0,57530.35520308735
885.0,385.0,51638.48056520154
885.0,390.0,45994.00851998813
885.0,395.0,40617.55125882589
885.0,400.0,35528.54606443853
885.0,405.0,30745.10436776299
885.0,410.0,26283.865570173588
885.0,415.0,22159.85843268643
885.0,420.0,18386.373205612606
885.0,425.0,14974.847881359123
885.0,430.0,11934.77196711065
885.0,435.0,9273.610983259698
885.0,440.0,6996.754489230595
885.0,445.0,5107.4898400415295
885.0,450.0,3607.0031197594694
885.0,455.0,2531.1929972296834
885.0,460.0,1944.6706247274162
885.0,465.0,1851.463564211477
885.0,470.0,2053.755694189718
885.0,475.0,2222.905299897484
885.0,480.0,2347.4688287335757
885.0,485.0,2422.6831423584963
885.0,490.0,2445.9495615828696
885.0,495.0,2416.8722405476656
885.0,500.0,2337.2876479047923
885.0,505.0,2211.278701775304
885.0,510.0,2045.1650079560877
885.0,515.0,1850.7815925512525
885.0,520.0,1943.6055881882894
885.0,525.0,2222.3795182972563
885.0,530.0,2469.524256040896
885.0,535.0,2675.284956922748
885.0,540.0,2831.9743603561524
885.0,545.0,2934.025240545786
885.0,550.0,2978.0378511840686
885.0,555.0,2962.823332249185
885.0,560.0,2889.4405500758953
885.0,565.0,2761.2206780280076
885.0,570.0,2583.77140001022
885.0,575.0,2364.951272667833
885.0,580.0,2114.80475052223
885.0,585.0,1856.508935687708
885.0,590.0,1930.0074111325257
885.0,595.0,2173.5755721584187
885.0,600.0,2381.4904216311884
885.0,605.0,2545.4711600643213
885.0,610.0,2659.334721248515
885.0,615.0,2719.0437052798675
885.0,620.0,2722.7499072180804
885.0,625.0,2670.832049300064
885.0,630.0,2565.923007597163
885.0,635.0,2412.919127340223
885.0,640.0,2218.9625124476925
885.0,645.0,1993.3867290459527
885.0,650.0,1828.707668477042
885.0,655.0,1956.8798508925431
885.0,660.0,2058.7315143010037
885.0,665.0,2114.6287395021673
885.0,670.0,2122.679352963288
885.0,675.0,2083.189500928436
885.0,680.0,1998.6862752260586
885.0,685.0,1873.922153988992
885.0,690.0,1866.5692817899946
885.0,695.0,1924.8699830799453
885.0,700.0,1938.183514161
885.0,705.0,1906.6004708282771
885.0,710.0,1832.8559745878274
885.0,715.0,2007.2340763528164
885.0,720.0,2674.527723821712
885.0,725.0,3831.24557530132
885.0,730.0,5471.416465708033
885.0,735.0,7586.6680544895235
885.0,740.0,10166.324960349628
885.0,745.0,13197.522819751965
885.0,750.0,16665.334767690383
885.0,755.0,20552.907122642857
885.0,760.0,24841.60151781446
885.0,765.0,29511.14131051443
885.0,770.0,34539.76075330591
885.0,775.0,39904.356067838424
885.0,780.0,45580.638155734334
885.0,785.0,51543.28716563661
885.0,790.0,57766.10946486487
885.0,795.0,64222.197710795306
885.0,800.0,70884.0946778691
885.0,805.0,77723.96126824796
885.0,810.0,84713.74875548686
885.0,815.0,91825.374799835
885.0,820.0,99030.90220389006
885.0,825.0,106302.71877878756
885.0,830.0,113613.7161407204
885.0,835.0,120937.46479120244
885.0,840.0,128248.38251398098
885.0,845.0,135521.8929595563
885.0,850.0,142734.57132222183
885.0,855.0,149864.27422912003
885.0,860.0,156890.25135789742
885.0,865.0,163793.23683355085
885.0,870.0,170555.51911242577
885.0,875.0,177160.98876636554
885.0,880.0,183595.16431931444
885.0,885.0,189845.1969848716
885.0,890.0,195899.8557869473
885.0,895.0,201749.49507424908
885.0,900.0,207386.0068400019
890.0,250.0,224609.01846360887
890.0,255.0,219857.66218769166
890.0,260.0,214875.92342593957
890.0,265.0,209667.67597344742
890.0,270.0,204238.29284632648
890.0,275.0,198594.697957551
890.0,280.0,192745.40113863788
890.0,285.0,186700.51487786407
890.0,290.0,180471.7516681746
890.0,295.0,174072.40145543954
890.0,300.0,167517.28930029125
890.0,305.0,160822.71398261614
890.0,310.0,154006.368844773
890.0,315.0,147087.24664069654
890.0,320.0,140085.5305120985
890.0,325.0,133022.47341528218
890.0,330.0,125920.26837503682
890.0,335.0,118801.9118266364
890.0,340.0,111691.06207052083
890.0,345.0,104611.89450081541
890.0,350.0,97588.95484994825
890.0,355.0,90647.01123165317
890.0,360.0,83810.90534220051
890.0,365.0,77105.40281254052
890.0,370.0,70555.04245012879
890.0,375.0,64183.98399551441
890.0,380.0,58015.85405420436
890.0,385.0,52073.59006437122
890.0,390.0,46379.28251013197
890.0,395.0,40954.01605583082
890.0,400.0,35817.71083726802
890.0,405.0,30988.9657362814
890.0,410.0,26484.906047736808
890.0,415.0,22321.03845509418
890.0,420.0,18511.11662107727
890.0,425.0,15067.020923382312
890.0,430.0,11998.655887754681
890.0,435.0,9313.868681393651
890.0,440.0,7018.391619344732
890.0,445.0,5115.8110245791795
890.0,450.0,3607.5640046346784
890.0,455.0,2531.1929972296834
890.0,460.0,1944.6706247274162
890.0,465.0,1851.4635642114733
890.0,470.0,2053.7556941897137
890.0,475.0,2222.905299897491
890.0,480.0,2347.4688287335666
890.0,485.0,2422.6831423585013
890.0,490.0,2445.9495615828682
890.0,495.0,2416.872240547668
890.0,500.0,2337.2876479047923
890.0,505.0,2211.2787017753044
890.0,510.0,2045.1650079560893
890.0,515.0,1850.7815925512525
890.0,520.0,1943.6055881882876
890.0,525.0,2222.3795182972563
890.0,530.0,2469.5242560409006
890.0,535.0,2675.284956922741
890.0,540.0,2831.9743603561506
890.0,545.0,2934.0252405457904
890.0,550.0,2978.0378511840718
890.0,555.0,2962.823332249193
890.0,560.0,2889.4405500758926
890.0,565.0,2761.2206780280076
890.0,570.0,2583.7714000102237
890.0,575.0,2364.951272667839
890.0,580.0,2114.804750522232
890.0,585.0,1856.508935687708
890.0,590.0,1930.007411132528
890.0,595.0,2173.5755721584214
890.0,600.0,2381.490421631189
890.0,605.0,2545.4711600643172
890.0,610.0,2659.334721248519
890.0,615.0,2719.04370527987
890.0,620.0,2722.749907218087
890.0,625.0,2670.832049300056
890.0,630.0,2565.923007597165
890.0,635.0,2412.9191273402166
890.0,640.0,2218.9625124476916
890.0,645.0,1993.3867290459514
890.0,650.0,1828.7076684770445
890.0,655.0,1956.8798508925395
890.0,660.0,2058.7315143010023
890.0,665.0,2114.6287395021645
890.0,670.0,2122.6793529632873
890.0,675.0,2083.189500928436
890.0,680.0,1998.6862752260588
890.0,685.0,1873.9221539889909
890.0,690.0,1866.5692817899928
890.0,695.0,1924.8699830799399
890.0,700.0,1938.1835141609995
890.0,705.0,1906.600470828284
890.0,710.0,1832.85597458783
890.0,715.0,2007.2340763528168
890.0,720.0,2674.5277238217145
890.0,725.0,3831.2455753013187
890.0,730.0,5471.416465708032
890.0,735.0,7586.668054489522
890.0,740.0,10166.324960349628
890.0,745.0,13197.522819751975
890.0,750.0,16665.334767690365
890.0,755.0,20552.907122642857
890.0,760.0,24841.60151781446
890.0,765.0,29511.141310514453
890.0,770.0,34539.76075330595
890.0,775.0,39904.35606783842
890.0,780.0,45580.63815573435
890.0,785.0,51543.2871656366
890.0,790.0,57766.10946486487
890.0,795.0,64222.197710795306
890.0,800.0,70884.09467786913
890.0,805.0,77723.96126824793
890.0,810.0,84713.7487554869
890.0,815.0,91825.37479983506
890.0,820.0,99030.90220389004
890.0,825.0,106302.7187787876
890.0,830.0,113613.7161407204
890.0,835.0,120937.46479120244
890.0,840.0,128248.38251398099
890.0,845.0,135521.8929595563
890.0,850.0,142734.5713222218
890.0,855.0,149864.27422912
890.0,860.0,156890.25135789742
890.0,865.0,163793.23683355085
890.0,870.0,170555.51911242577
890.0,875.0,177160.98876636554
890.0,880.0,183595.16431931444
890.0,885.0,189845.1969848716
890.0,890.0,195899.85578694733
890.0,895.0,201749.49507424902
890.0,900.0,207386.0068400019
895.0,250.0,225604.48751752454
895.0,255.0,220862.0476406588
895.0,260.0,215887.56230499278
895.0,265.0,210684.75080851905
895.0,270.0,205258.83251726875
895.0,275.0,199616.58058422175
895.0,280.0,193766.35922836716
895.0,285.0,187718.14291774598
895.0,290.0,181483.51631534364
895.0,295.0,175075.65443773975
895.0,300.0,168509.28309375906
895.0,305.0,161800.62028239988
895.0,310.0,154967.299794011
895.0,315.0,148028.27872889754
895.0,320.0,141003.7310019659
895.0,325.0,133914.92910563032
895.0,330.0,126784.11645809312
895.0,335.0,119634.37255078481
895.0,340.0,112489.47287441105
895.0,345.0,105373.74524139188
895.0,350.0,98311.92370508614
895.0,355.0,91329.00081745982
895.0,360.0,84450.07854586252
895.0,365.0,77700.2178044328
895.0,370.0,71104.28630500812
895.0,375.0,64686.80432391733
895.0,380.0,58471.78802412563
895.0,385.0,52482.59018295049
895.0,390.0,46741.738538689475
895.0,395.0,41270.77245232477
895.0,400.0,36090.07916094669
895.0,405.0,31218.731511897407
895.0,410.0,26674.329672048643
895.0,415.0,22472.849835817382
895.0,420.0,18628.50336573231
895.0,425.0,15153.610038671955
895.0,430.0,12058.489103709218
895.0,435.0,9351.371671906525
895.0,440.0,7038.33754442678
895.0,445.0,5123.278962058723
895.0,450.0,3607.8929629767513
895.0,455.0,2531.1929972296834
895.0,460.0,1944.6706247274162
895.0,465.0,1851.4635642580292
895.0,470.0,2053.755694189714
895.0,475.0,2222.90529989749
895.0,480.0,2347.468828733574
895.0,485.0,2422.683142358498
895.0,490.0,2445.9495615828682
895.0,495.0,2416.8722405476583
895.0,500.0,2337.287647904789
895.0,505.0,2211.2787017753035
895.0,510.0,2045.1650079560945
895.0,515.0,1850.7815925512525
895.0,520.0,1943.605588188293
895.0,525.0,2222.3795182972613
895.0,530.0,2469.524256040898
895.0,535.0,2675.284956922748
895.0,540.0,2831.9743603561524
895.0,545.0,2934.0252405457827
895.0,550.0,2978.0378511840618
895.0,555.0,2962.8233322491947
895.0,560.0,2889.440550075893
895.0,565.0,2761.2206780280076
895.0,570.0,2583.7714000102214
895.0,575.0,2364.9512726678345
895.0,580.0,2114.804750522228
895.0,585.0,1856.5089356877065
895.0,590.0,1930.0074111325282
895.0,595.0,2173.575572158415
895.0,600.0,2381.4904216311825
895.0,605.0,2545.471160064324
895.0,610.0,2659.334721248522
895.0,615.0,2719.0437052798675
895.0,620.0,2722.749907218087
895.0,625.0,2670.8320493000606
895.0,630.0,2565.9230075971673
895.0,635.0,2412.919127340223
895.0,640.0,2218.96251244769
895.0,645.0,1993.3867290459543
895.0,650.0,1828.7076684770448
895.0,655.0,1956.8798508925404
895.0,660.0,2058.7315143010037
895.0,665.0,2114.628739502158
895.0,670.0,2122.6793529632923
895.0,675.0,2083.189500928436
895.0,680.0,1998.6862752260613
895.0,685.0,1873.9221539889918
895.0,690.0,1866.569281789988
895.0,695.0,1924.869983079943
895.0,700.0,1938.1835141610015
895.0,705.0,1906.6004708282805
895.0,710.0,1832.8559745878263
895.0,715.0,2007.2340763528164
895.0,720.0,2674.5277238217127
895.0,725.0,3831.245575301316
895.0,730.0,5471.416465708031
895.0,735.0,7586.668054489522
895.0,740.0,10166.324960349604
895.0,745.0,13197.522819751975
895.0,750.0,16665.334767690365
895.0,755.0,20552.907122642853
895.0,760.0,24841.60151781446
895.0,765.0,29511.141310514453
895.0,770.0,34539.76075330594
895.0,775.0,39904.35606783839
895.0,780.0,45580.638155734334
895.0,785.0,51543.287165636604
895.0,790.0,57766.10946486488
895.0,795.0,64222.197710795306
895.0,800.0,70884.09467786911
895.0,805.0,77723.96126824793
895.0,810.0,84713.74875548686
895.0,815.0,91825.374799835
895.0,820.0,99030.90220389004
895.0,825.0,106302.71877878759
895.0,830.0,113613.71614072044
895.0,835.0,120937.46479120247
895.0,840.0,128248.38251398099
895.0,845.0,135521.89295955634
895.0,850.0,142734.57132222183
895.0,855.0,149864.27422912003
895.0,860.0,156890.25135789745
895.0,865.0,163793.23683355082
895.0,870.0,170555.51911242574
895.0,875.0,177160.98876636548
895.0,880.0,183595.16431931438
895.0,885.0,189845.19698487167
895.0,890.0,195899.85578694736
895.0,895.0,201749.49507424908
895.0,900.0,207386.00684000185
900.0,250.0,226493.41525590405
900.0,255.0,221761.23065363968
900.0,260.0,216795.4900970675
900.0,265.0,211599.7637125724
900.0,270.0,206179.12166163107
900.0,275.0,200540.18974809063
900.0,280.0,194691.1888009922
900.0,285.0,188641.95615379876
900.0,290.0,182403.94804876586
900.0,295.0,175990.222379857
900.0,300.0,169415.40179965642
900.0,305.0,162695.61782375848
900.0,310.0,155848.43712817103
900.0,315.0,148892.77170415036
900.0,320.0,141848.77488914444
900.0,325.0,134737.7254968375
900.0,330.0,127581.9023254503
900.0,335.0,120404.45121157829
900.0,340.0,113229.24656392285
900.0,345.0,106080.74895069266
900.0,350.0,98983.8598978604
900.0,355.0,91963.77459726366
900.0,360.0,85045.83280324464
900.0,365.0,78255.36783262368
900.0,370.0,71617.5533345935
900.0,375.0,65157.2473929537
900.0,380.0,58898.83357297808
900.0,385.0,52866.05874579453
900.0,390.0,47081.867899473575
900.0,395.0,41568.23664534147
900.0,400.0,36346.00272809598
900.0,405.0,31434.698482475804
900.0,410.0,26852.386807709874
900.0,415.0,22615.503782968666
900.0,420.0,18738.711478263525
900.0,425.0,15234.76477204928
900.0,430.0,12114.396031989905
900.0,435.0,9386.221335795792
900.0,440.0,7056.671493798972
900.0,445.0,5129.9505028065705
900.0,450.0,3608.0232483470513
900.0,455.0,2531.1929972296834
900.0,460.0,1944.670624727409
900.0,465.0,1851.4635642114704
900.0,470.0,2053.755694189713
900.0,475.0,2222.905299897488
900.0,480.0,2347.4688287335707
900.0,485.0,2422.6831423585013
900.0,490.0,2445.9495615828696
900.0,495.0,2416.8722405476656
900.0,500.0,2337.2876479047927
900.0,505.0,2211.2787017753035
900.0,510.0,2045.1650079560882
900.0,515.0,1850.7815925512525
900.0,520.0,1943.6055881882885
900.0,525.0,2222.37951829726
900.0,530.0,2469.5242560408988
900.0,535.0,2675.2849569227506
900.0,540.0,2831.974360356146
900.0,545.0,2934.025240545791
900.0,550.0,2978.0378511840663
900.0,555.0,2962.8233322491856
900.0,560.0,2889.440550075891
900.0,565.0,2761.220678028011
900.0,570.0,2583.771400010222
900.0,575.0,2364.9512726678395
900.0,580.0,2114.804750522229
900.0,585.0,1856.5089356877083
900.0,590.0,1930.0074111325275
900.0,595.0,2173.575572158421
900.0,600.0,2381.490421631187
900.0,605.0,2545.47116006432
900.0,610.0,2659.3347212485196
900.0,615.0,2719.0437052798757
900.0,620.0,2722.7499072180804
900.0,625.0,2670.8320493000597
900.0,630.0,2565.9230075971627
900.0,635.0,2412.9191273402234
900.0,640.0,2218.962512447692
900.0,645.0,1993.3867290459468
900.0,650.0,1828.7076684770439
900.0,655.0,1956.879850892545
900.0,660.0,2058.731514301008
900.0,665.0,2114.628739502158
900.0,670.0,2122.679352963288
900.0,675.0,2083.189500928437
900.0,680.0,1998.6862752260608
900.0,685.0,1873.9221539889909
900.0,690.0,1866.5692817899962
900.0,695.0,1924.8699830799444
900.0,700.0,1938.1835141610006
900.0,705.0,1906.6004708282837
900.0,710.0,1832.8559745878272
900.0,715.0,2007.2340763528164
900.0,720.0,2674.527723821714
900.0,725.0,3831.245575301316
900.0,730.0,5471.416465708041
900.0,735.0,7586.6680544895235
900.0,740.0,10166.324960349628
900.0,745.0,13197.522819751975
900.0,750.0,16665.334767690383
900.0,755.0,20552.907122642857
900.0,760.0,24841.60151781446
900.0,765.0,29511.141310514453
900.0,770.0,34539.76075330594
900.0,775.0,39904.35606783839
900.0,780.0,45580.63815573434
900.0,785.0,51543.2871656366
900.0,790.0,57766.10946486487
900.0,795.0,64222.197710795335
900.0,800.0,70884.0946778691
900.0,805.0,77723.96126824793
900.0,810.0,84713.74875548684
900.0,815.0,91825.37479983507
900.0,820.0,99030.90220389004
900.0,825.0,106302.7187787876
900.0,830.0,113613.71614072045
900.0,835.0,120937.46479120244
900.0,840.0,128248.38251398098
900.0,845.0,135521.8929595563
900.0,850.0,142734.57132222186
900.0,855.0,149864.27422912006
900.0,860.0,156890.25135789742
900.0,865.0,163793.23683355082
900.0,870.0,170555.5191124258
900.0,875.0,177160.98876636554
900.0,880.0,183595.16431931444
900.0,885.0,189845.1969848716
900.0,890.0,195899.8557869473
900.0,895.0,201749.49507424905
900.0,900.0,207386.0068400019
