wavelength_nm,aperture_flux,aperture_error,pabeta_continuum,pabeta_residual,pagamma_continuum,pagamma_residual
970.3180286160203,296.8035501241684,9.839139224880993,533.9111345743906,-237.10758445022225,607.201618402617,-310.3980682784486
970.9540286276023,287.6049749851227,5.480524858983202,533.6281412419669,-246.0231662568442,605.8388829418268,-318.2339079567041
971.5900286391842,264.66578310728073,4.879245690500725,533.3451479095431,-268.6793648022624,604.4761474810366,-339.8103643737559
972.2260286507662,276.23150968551636,5.151450612111554,533.0621545771194,-256.830644891603,603.113412020246,-326.8819023347296
972.8620286623482,266.7814733982086,5.136221351038696,532.7791612446956,-265.997687846487,601.7506765594558,-334.96920316124715
973.49802867393,265.76673412323,6.260902137450203,532.496167912272,-266.729433789042,600.387941098666,-334.62120697543605
974.1340286855119,295.1833984851837,6.0038971360897015,532.2131745798482,-237.0297760946645,599.0252056378758,-303.8418071526921
974.7700286970938,287.43314492702484,5.634488649214834,531.9301812474246,-244.49703632039973,597.6624701770857,-310.2293252500608
975.4060287086759,280.88336086273193,5.706341495512226,531.6471879150008,-250.76382705226888,596.299734716295,-315.4163738535631
976.0420287202578,276.9270305633545,5.408231243085349,531.364194582577,-254.43716401922256,594.9369992555048,-318.0099686921503
976.6780287318396,295.723197221756,5.292015477273293,531.0812012501533,-235.35800402839732,593.5742637947146,-297.85106657295864
977.3140287434215,275.2948155403137,5.577252720762166,530.7982079177295,-255.50339237741582,592.2115283339244,-316.9167127936107
977.9500287550035,293.94584411382675,5.55916385915235,530.5152145853059,-236.56937047147915,590.8487928731342,-296.9029487593075
978.5860287665855,315.9467577934265,6.397767875966353,530.2322212528821,-214.28546345945563,589.486057412344,-273.53929961891754
979.2220287781674,285.28446865081787,5.251722350944321,529.9492279204584,-244.6647592696405,588.1233219515539,-302.838853300736
979.8580287897493,285.55663311481476,5.367771312979303,529.6662345880347,-244.10960147321998,586.7605864907637,-301.2039533759489
980.4940288013312,305.1391839981079,5.317342275943448,529.383241255611,-224.24405725750307,585.3978510299735,-280.25866703186557
981.1300288129131,413.47827219963074,15.469073577274255,529.1002479231872,-115.62197572355649,584.0351155691833,-170.55684336955255
981.7660288244952,315.30657052993774,5.116016888431274,528.8172545907635,-213.51068406082572,582.6723801083931,-267.36580957845536
982.4020288360771,293.6395721435547,5.194740713472855,528.5342612583397,-234.89468911478502,581.3096446476025,-287.67007250404777
983.0380288476589,309.7370653152466,4.898361983497608,528.2512679259162,-218.5142026106696,579.9469091868127,-270.20984387156614
983.6740288592408,294.93153738975525,4.664969097388837,527.9682745934924,-233.03673720373718,578.5841737260225,-283.6526363362673
984.3100288708227,300.517870426178,4.777848190888302,527.6852812610687,-227.1674108348907,577.2214382652323,-276.70356783905436
984.9460288824048,315.6744120121002,4.450804354638076,527.4022879286449,-211.7278759165447,575.8587028044417,-260.18429079234147
985.5820288939867,304.6377155780792,4.5546358435441885,527.1192945962212,-222.48157901814193,574.4959673436515,-269.8582517655723
986.2180289055685,350.1562614440918,4.709425746927374,526.8363012637974,-176.6800398197056,573.1332318828618,-222.97697043876997
986.8540289171505,342.60064578056335,4.389782051543813,526.5533079313738,-183.9526621508104,571.7704964220716,-229.16985064150822
987.4900289287324,322.00873613357544,4.265333862844938,526.2703145989501,-204.26157846537467,570.4077609612814,-248.39902482770594
988.1260289403144,309.20395398139954,4.3392710457869255,525.9873212665262,-216.7833672851267,569.0450255004907,-259.8410715190912
988.7620289518964,288.8167507648468,4.104277916888222,525.7043279341026,-236.8875771692558,567.6822900397005,-278.86553927485375
989.3980289634782,299.2852957248688,4.1457311901138025,525.4213346016788,-226.13603887681006,566.3195545789104,-267.0342588540416
990.0340289750601,297.15685844421387,4.1056490574485975,525.1383412692551,-227.9814828250412,564.9568191181202,-267.7999606739063
990.670028986642,302.6548705101013,4.014467831091976,524.8553479368313,-222.20047742673,563.59408365733,-260.93921314722866
991.3060289982241,286.6201739311218,4.000998870673908,524.5723546044076,-237.95218067328574,562.2313481965398,-275.61117426541796
991.942029009806,303.5948247909546,4.0354897483490095,524.2893612719839,-220.69453648102933,560.8686127357496,-257.273787944795
992.5780290213878,282.41105031967163,4.054876722377961,524.0063679395603,-241.59531761988865,559.5058772749594,-277.0948269552878
993.2140290329697,273.07316184043884,4.086437683658085,523.7233746071365,-250.65021276669768,558.1431418141692,-285.06997997373037
993.8500290445517,276.92697834968567,4.170988203726494,523.4403812747128,-246.5134029250271,556.780406353379,-279.85342800369335
994.4860290561337,282.2444498538971,4.227345590014264,523.157387942289,-240.9129380883919,555.4176708925884,-273.1732210386913
995.1220290677156,280.603563785553,4.273351490943543,522.8743946098652,-242.27083082431227,554.0549354317982,-273.4513716462452
995.7580290792974,287.55840039253235,4.011079998017918,522.5914012774416,-235.03300088490926,552.6921999710084,-265.1337995784761
996.3940290908794,303.30063796043396,3.9524542226001893,522.308407945018,-219.007769984584,551.3294645102183,-248.0288265497843
997.0300291024613,294.2533050775528,3.986923815766196,522.0254146125942,-227.7721095350414,549.9667290494281,-255.71342397187527
997.6660291140433,294.07832193374634,3.85831477618798,521.7424212801704,-227.6640993464241,548.6039935886374,-254.52567165489108
998.3020291256253,301.4898328781128,3.866144557910281,521.4594279477467,-219.9695950696339,547.2412581278472,-245.75142524973444
998.9380291372071,292.3587727546692,4.099541388945714,521.1764346153229,-228.81766186065374,545.8785226670575,-253.5197499123883
999.574029148789,308.70540499687195,4.079925713805819,520.8934412828992,-212.18803628602723,544.5157872062673,-235.81038220939536
1000.2100291603709,317.4582530260086,4.186535000325961,520.6104479504755,-203.15219492446693,543.1530517454771,-225.6947987194685
1000.846029171953,303.90319561958313,4.099858741492179,520.3274546180518,-216.42425899846864,541.7903162846865,-237.88712066510334
1001.4820291835349,302.5085823535919,4.250917206233922,520.044461285628,-217.5358789320361,540.4275808238963,-237.91899847030436
1002.1180291951167,287.01259422302246,4.173890337694804,519.7614679532044,-232.7488737301819,539.0648453631061,-252.05225114008363
1002.7540292066986,293.64922535419464,4.087088737211977,519.4784746207806,-225.82924926658598,537.7021099023159,-244.05288454812126
1003.3900292182806,290.1615846157074,4.160486804314772,519.1954812883569,-229.03389667264946,536.3393744415257,-246.1777898258183
1004.0260292298626,302.3494863510132,4.0814561967270615,518.9124879559331,-216.56300160491992,534.9766389807355,-232.62715262972233
1004.6620292414445,302.5114812850952,4.335215191983502,518.6294946235093,-216.11801333841413,533.6139035199453,-231.1024222348501
1005.2980292530264,306.1500768661499,4.054163207336749,518.3465012910858,-212.1964244249359,532.2511680591551,-226.10109119300523
1005.9340292646083,355.1098167896271,4.046338414571273,518.0635079586621,-162.95369116903498,530.888432598365,-175.77861580873787
1006.5700292761902,479.6447660923004,4.299464571339694,517.7805146262383,-38.135748533937885,529.5256971375748,-49.88093104527434
1007.2060292877723,448.4905757904053,4.197526248418913,517.4975212938145,-69.00694550340927,528.1629616767841,-79.67238588637883
1007.8420292993542,318.9298195838928,3.9089633238662134,517.2145279613908,-198.28470837749796,526.8002262159939,-207.8704066321011
1008.478029310936,303.0488154888153,4.082756683092961,516.9315346289671,-213.88271914015183,525.4374907552042,-222.38867526638887
1009.1140293225179,286.0392030477524,4.444549158250119,516.6485412965434,-230.609338248791,524.074755294414,-238.0355522466616
1009.7500293340998,282.91180634498596,4.271973385205862,516.3655479641197,-233.45374161913378,522.7120198336238,-239.80021348863784
1010.3860293456819,295.6597992181778,4.328291456290334,516.0825546316959,-220.42275541351808,521.3492843728332,-225.68948515465536
1011.0220293572638,306.7895755767822,4.258682822362161,515.7995612992722,-209.00998572249,519.986548912043,-213.19697333526074
1011.6580293688456,321.1374638080597,4.244485953632065,515.5165679668485,-194.37910415878878,518.6238134512532,-197.48634964319353
1012.2940293804276,318.5894134044647,4.190729974100762,515.2335746344247,-196.64416122996,517.2610779904626,-198.67166458599786
1012.9300293920095,326.11613726615906,4.0303470091505424,514.9505813020011,-188.834444035842,515.8983425296724,-189.78220526351333
1013.5660294035913,324.64665961265564,4.147262107805755,514.6675879695774,-190.0209283569218,514.5356070688827,-189.88894745622702
1014.2020294151735,318.34579849243164,4.1047555573557934,514.3845946371536,-196.0387961447219,513.172871608092,-194.82707311566037
1014.8380294267553,317.3556544780731,4.252456064586959,514.1016013047299,-196.7459468266568,511.8101361473018,-194.4544816692287
1015.4740294383372,308.29668831825256,4.128829258852923,513.8186079723062,-205.5219196540536,510.4474006865116,-202.15071236825906
1016.1100294499191,323.04603934288025,3.872563412071252,513.5356146398824,-190.48957529700215,509.08466522572144,-186.0386258828412
1016.7460294615009,326.0547354221344,3.7399421548643677,513.2526213074588,-187.19788588532435,507.7219297649317,-181.6671943427973
1017.3820294730831,300.95020055770874,3.7996628485588047,512.9696279750349,-212.01942741732614,506.35919430414106,-205.40899374643232
1018.0180294846649,311.3887128829956,3.842572294964458,512.6866346426112,-201.29792175961563,504.99645884335087,-193.60774596035526
1018.6540294962468,330.0348312854767,3.752664444272778,512.4036413101876,-182.3688100247109,503.6337233825607,-173.598892097084
1019.2900295078288,322.49397683143616,3.9393659310843097,512.1206479777638,-189.62667114632768,502.2709879217705,-179.77701109033433
1019.9260295194106,321.6906542778015,3.797364373512033,511.83765464534014,-190.14700036753862,500.9082524609803,-179.21759818317878
1020.5620295309927,319.4125487804413,3.5992270585733586,511.5546613129163,-192.14211253247504,499.54551700018965,-180.13296821974836
1021.1980295425745,315.88567304611206,3.774813646234352,511.2716679804926,-195.38599493438056,498.1827815393999,-182.29710849328785
1021.8340295541565,313.8455767631531,3.5980501742101914,510.9886746480689,-197.14309788491585,496.8200460786097,-182.97446931545664
1022.4700295657384,327.75611186027527,3.6240679763545827,510.70568131564517,-182.9495694553699,495.45731061781953,-167.70119875754426
1023.1060295773202,320.27886176109314,3.8778329341665394,510.4226879832215,-190.14382622212838,494.09457515702934,-173.8157133959362
1023.7420295889024,313.00427985191345,3.908964926767936,510.13969465079765,-197.1354147988842,492.7318396962387,-179.72755984432524
1024.3780296004843,323.25630164146423,3.6864549306146603,509.85670131837395,-186.60039967690972,491.3691042354485,-168.11280259398427
1025.014029612066,317.9036159515381,3.6447316415318154,509.5737079859503,-191.67009203441222,490.00636877465877,-172.10275282312068
1025.650029623648,316.7428307533264,3.7246740194085595,509.2907146535266,-192.5478839002002,488.6436333138686,-171.90080256054216
1026.2860296352299,312.37643241882324,3.865119632873638,509.0077213211029,-196.63128890227966,487.2808978530784,-174.90446543425514
1026.922029646812,313.40924286842346,3.9348707351632863,508.72472798867904,-195.31548512025557,485.91816239228774,-172.50891952386428
1027.558029658394,317.60185647010803,3.85338466436703,508.44173465625533,-190.8398781861473,484.55542693149755,-166.95357046138952
1028.1940296699756,312.4082758426666,3.710836685843703,508.1587413238317,-195.75046548116507,483.1926914707078,-170.7844156280412
1028.8300296815576,314.499703168869,3.6392807059409913,507.875747991408,-193.37604482253897,481.8299560099176,-167.3302528410486
1029.4660296931395,323.54661297798157,3.6688995357982517,507.59275465898423,-184.04614168100267,480.46722054912743,-156.92060757114587
1030.1020297047216,312.18662571907043,3.642232530057011,507.3097613265604,-195.12313560748998,479.10448508833633,-166.9178593692659
1030.7380297163036,324.1616897583008,3.7490768586478445,507.0267679941367,-182.86507823583594,477.74174962754614,-153.58005986924536
1031.3740297278853,311.3590452671051,3.783800321046723,506.7437746617131,-195.38472939460797,476.3790141667564,-165.0199688996513
1032.0100297394672,312.5169577598572,3.7774112049276103,506.4607813292894,-193.9438235694322,475.0162787059662,-162.49932094610904
1032.6460297510491,305.41668939590454,3.7585084594206557,506.1777879968656,-200.76109860096108,473.653543245176,-168.23685384927148
1033.2820297626313,314.3019874095917,3.8761930377778913,505.8947946644418,-191.59280725485013,472.2908077843854,-157.9888203747937
1033.9180297742132,316.0533940792084,3.9387822396979044,505.6118013320181,-189.55840725280973,470.9280723235952,-154.8746782443868
1034.554029785795,305.18262910842896,4.012671894043519,505.32880799959446,-200.1461788911655,469.56533686280545,-164.3827077543765
1035.1900297973768,293.5782356262207,3.6844429226155375,505.04581466717076,-211.46757904095006,468.20260140201526,-174.62436577579456
1035.8260298089588,285.24434304237366,3.657822548278441,504.762821334747,-219.51847829237335,466.83986594122507,-181.5955228988514
1036.462029820541,298.46996212005615,3.611608076624611,504.4798280023232,-206.00986588226704,465.4771304804344,-167.00716836037827
1037.0980298321228,297.7114186286926,3.6828277043333975,504.1968346698995,-206.48541604120686,464.11439501964423,-166.4029763909516
1037.7340298437045,305.7998716831207,3.724679866992571,503.91384133747584,-198.11396965435512,462.7516595588545,-156.95178787573377
1038.3700298552865,313.98654079437256,3.6504596458723,503.6308480050521,-189.64430721067953,461.3889240980643,-147.40238330369175
1039.0060298668684,298.0878164768219,3.8155359630686734,503.3478546726284,-205.2600381958065,460.0261886372741,-161.93837216045222
1039.6420298784506,293.15215277671814,3.8691720334909165,503.0648613402046,-209.91270856348643,458.6634531764835,-165.51130039976533
1040.2780298900325,293.36404943466187,3.7374077914318797,502.7818680077808,-209.41781857311895,457.3007177156933,-163.93666828103142
1040.9140299016142,305.26387119293213,3.6454552986329363,502.49887467535723,-197.2350034824251,455.93798225490355,-150.67411106197142
1041.550029913196,307.7450394630432,3.5750195491765613,502.21588134293347,-194.47084187989026,454.57524679411335,-146.83020733107014
1042.186029924778,328.77879190444946,3.7431777761107567,501.93288801050977,-173.1540961060603,453.2125113333227,-124.43371942887325
1042.8220299363602,314.2788369655609,3.548113998906329,501.64989467808596,-187.37105771252504,451.84977587253206,-137.57093890697115
1043.4580299479421,327.74798464775085,3.5638782861659575,501.3669013456622,-173.61891669791135,450.4870404117419,-122.73905576399102
1044.0940299595238,326.46555638313293,3.6597706647407104,501.0839080132386,-174.61835163010568,449.12430495095214,-122.6587485678192
1044.7300299711058,307.5639342069626,3.6924587050863495,500.80091468081486,-193.23698047385227,447.76156949016195,-140.19763528319936
1045.3660299826877,320.43131375312805,3.6534174649554374,500.51792134839116,-180.0866075952631,446.39883402937176,-125.9675202762437
1046.0020299942698,330.42235589027405,3.747701589502091,500.23492801596734,-169.8125721256933,445.0360985685811,-114.61374267830706
1046.6380300058518,326.5190041065216,3.5487506845226755,499.9519346835436,-173.43293057702198,443.6733631077909,-117.15435900126931
1047.2740300174335,305.40667939186096,3.692627971711192,499.66894135112,-194.26226195925904,442.3106276470012,-136.90394825514022
1047.9100300290154,307.70819783210754,3.89185809879353,499.38594801869624,-191.6777501865887,440.947892186211,-133.23969435410345
1048.5460300405973,320.15893018245697,3.5215157984639576,499.10295468627254,-178.94402450381557,439.5851567254208,-119.42622654296383
1049.1820300521795,325.13054633140564,3.636230324829736,498.81996135384867,-173.68941502244303,438.22242126463016,-113.09187493322452
1049.8180300637614,323.67343044281006,3.6161750484691035,498.53696802142497,-174.8635375786149,436.85968580383997,-113.18625536102991
1050.454030075343,317.1959035396576,3.746563270349155,498.2539746890013,-181.05807114934373,435.49695034305023,-118.30104680339264
1051.090030086925,317.34451603889465,3.716212716475718,497.9709813565776,-180.62646531768297,434.13421488226004,-116.78969884336539
1051.726030098507,331.6633503437042,3.608296401427739,497.6879880241539,-166.0246376804497,432.77147942146985,-101.10812907776562
1052.362030110089,325.8259084224701,3.5283677900453374,497.40499469173005,-171.57908626925996,431.4087439606792,-105.58283553820911
1052.998030121671,319.5261437892914,3.5961705102329455,497.12200135930635,-177.59585757001497,430.046008499889,-110.51986471059763
1053.6340301332527,326.68196749687195,3.570206538411867,496.8390080268827,-170.15704053001076,428.6832730390993,-102.00130554222733
1054.2700301448347,316.3766951560974,3.830108760395281,496.556014694459,-180.1793195383616,427.32053757830863,-110.94384242221122
1054.9060301564166,349.80162739753723,11.422398248009022,496.27302136203525,-146.47139396449802,425.95780211751844,-76.15617471998121
1055.5420301679987,311.6281385421753,3.619237514950863,495.99002802961144,-184.36188948743614,424.5950666567278,-112.9669281145525
1056.1780301795807,315.9509834051132,3.539039052754484,495.70703469718774,-179.75605129207452,423.2323311959376,-107.28134779082438
1056.8140301911624,317.91330432891846,3.501141655217459,495.4240413647641,-177.51073703584564,421.86959573514787,-103.95629140622941
1057.4500302027443,320.6611137390137,3.491919973519718,495.1410480323404,-174.47993429332672,420.5068602743577,-99.845746535344
1058.0860302143262,302.60794854164124,3.5516484136821846,494.85805469991664,-192.2501061582754,419.1441248135675,-116.53617627192625
1058.7220302259084,310.2205834388733,3.526715198282792,494.5750613674928,-184.35447792861953,417.78138935277684,-107.56080591390355
1059.3580302374903,319.38150572776794,3.659669629849323,494.2920680350691,-174.91056230730118,416.41865389198665,-97.0371481642187
1059.994030249072,313.6349587440491,3.6050999682318405,494.0090747026455,-180.3741159585964,415.0559184311969,-101.42095968714784
1060.630030260654,306.7408752441406,3.681754112850626,493.7260813702218,-186.98520612608115,413.6931829704067,-106.9523077262661
1061.2660302722359,316.98861932754517,3.5782118920633907,493.443088037798,-176.45446871025285,412.33044750961653,-95.34182818207137
1061.902030283818,310.20129323005676,3.6332788094916713,493.1600947053742,-182.95880147531744,410.9677120488259,-100.76641881876913
1062.5380302954,294.28487825393677,3.40561418990319,492.8771013729505,-198.59222311901374,409.6049765880357,-115.32009833409893
1063.1740303069816,302.34849870204926,3.5529068118859826,492.59410804052686,-190.2456093384776,408.24224112724596,-105.8937424251967
1063.8100303185636,300.17116022109985,3.6117004101427033,492.31111470810316,-192.1399544870033,406.87950566645577,-106.70834544535592
1064.4460303301455,319.20103669166565,3.945853832394024,492.0281213756794,-172.82708468401376,405.5167702056656,-86.31573351399993
1065.0820303417277,314.31919515132904,3.6732179729854715,491.7451280432556,-177.42593289192655,404.1540347448745,-89.83483959354544
1065.7180303533096,316.972895860672,3.685747619580781,491.46213471083183,-174.48923885015984,402.7912992840843,-85.81840342341229
1066.3540303648913,316.8801009654999,4.427786923179098,491.17914137840825,-174.29904041290837,401.42856382329455,-84.54846285779468
1066.9900303764732,308.2512996196747,3.5627151092900546,490.8961480459845,-182.6448484263098,400.06582836250436,-91.81452874282968
1067.6260303880551,291.2035961151123,3.5711666563195648,490.6131547135608,-199.40955859844848,398.7030929017142,-107.49949678660187
1068.262030399637,292.6322445869446,3.5971375245804067,490.3301613811371,-197.6979167941925,397.340357440924,-104.7081128539794
1068.8980304112192,309.8896280527115,3.7148006437630134,490.0471680487132,-180.15753999600173,395.97762198013334,-86.08799392742185
1069.534030422801,319.96725249290466,3.7941911292889268,489.76417471628963,-169.79692222338497,394.6148865193436,-74.64763402643894
1070.1700304343829,292.5344355106354,3.663890017460463,489.4811813838659,-196.9467458732305,393.2521510585534,-100.71771554791803
1070.8060304459648,304.3245356082916,3.753627492314412,489.1981880514422,-184.87365244315055,391.8894155977632,-87.56487998947159
1071.4420304575467,310.19448161125183,3.7321024444544886,488.9151947190184,-178.72071310776658,390.526680136973,-80.3321985257212
1072.0780304691289,294.37928009033203,5.092983111820445,488.6322013865946,-194.25292129626257,389.1639446761824,-94.78466458585035
1072.7140304807106,306.6684846878052,3.685404078475803,488.349208054171,-181.68072336636584,387.80120921539265,-81.13272452758747
1073.3500304922925,321.16289806365967,3.691703500334566,488.06621472174726,-166.9033166580876,386.43847375460246,-65.27557569094279
1073.9860305038744,313.573029756546,3.772175795356354,487.78322138932356,-174.21019163277754,385.07573829381226,-71.50270853726624
1074.6220305154563,328.7701563835144,4.057775520693969,487.5002280568998,-158.7300716733854,383.7130028330221,-54.94284644950767
1075.2580305270385,313.7520840167999,3.7470891678872382,487.217234724476,-173.46515070767606,382.35026737223143,-68.5981833554315
1075.8940305386202,316.68731331825256,3.7645474283936324,486.93424139205234,-170.24692807379978,380.9875319114417,-64.30021859318913
1076.5300305502021,313.62840962409973,3.727782144081958,486.65124805962864,-173.0228384355289,379.6247964506515,-65.99638682655177
1077.166030561784,298.5172336101532,3.948775697918679,486.36825472720494,-187.85102111705174,378.2620609898613,-79.74482737970811
1077.802030573366,306.5939769744873,3.657592650760299,486.0852613947812,-179.49128442029388,376.89932552907067,-70.30534855458336
1078.4380305849481,313.13967752456665,3.646669967071052,485.80226806235737,-172.66259053779072,375.53659006828,-62.39691254371337
1079.0740305965298,299.3842968940735,3.894583588576599,485.5192747299337,-186.13497783586024,374.1738546074903,-74.7895577134168
1079.7100306081118,310.48395788669586,3.8442284660878108,485.23628139751,-174.75232351081416,372.8111191467001,-62.32716126000423
1080.3460306196937,324.85176914930344,3.921108173069755,484.95328806508627,-160.10151891578283,371.4483836859099,-46.59661453660647
1080.9820306312756,323.76095056533813,3.8046461251728316,484.67029473266257,-160.90934416732443,370.0856482251197,-46.32469765978158
1081.6180306428578,315.6005506515503,3.880842914050217,484.38730140023875,-168.78675074868846,368.72291276432907,-53.122362112778774
1082.2540306544395,323.2124035358429,3.990019813153737,484.1043080678151,-160.89190453197222,367.36017730353933,-44.147773767696435
1082.8900306660214,310.2521026134491,3.847162679554244,483.8213147353914,-173.56921212194231,365.99744184274914,-55.74533922930004
1083.5260306776033,329.96628427505493,3.8429059169960937,483.53832140296765,-153.57203712791272,364.63470638195895,-34.66842210690402
1084.1620306891853,403.98814606666565,4.046995121703174,483.25532807054395,-79.2671820038783,363.27197092116876,40.71617514549689
1084.7980307007674,545.0087475776672,4.353719875923313,482.97233473812014,62.0364128395471,361.9092354603781,183.09951211728912
1085.434030712349,533.0065579414368,4.407171819701722,482.6893414056965,50.31721653574027,360.5464999995884,172.4600579418484
1086.070030723931,377.02547240257263,3.9527988409374513,482.4063480732728,-105.38087567070016,359.1837645387982,17.841707863774445
1086.706030735513,330.3168444633484,3.6972076679901544,482.12335474084904,-151.80651027750065,357.821029078008,-27.504184614659607
1087.342030747095,328.3339774608612,4.669084523710685,481.84036140842534,-153.50638394756413,356.4582936172178,-28.1243161563566
1087.978030758677,331.6698031425476,3.8872402540742947,481.5573680760015,-149.88756493345392,355.09555815642716,-23.425755013879552
1088.6140307702588,309.01092767715454,3.7969706017218416,481.2743747435779,-172.26344706642334,353.7328226956374,-44.72189501848288
1089.2500307818407,301.68075025081635,3.8760387336041644,480.9913814111542,-179.31063116033783,352.37008723484723,-50.68933698403089
1089.8860307934226,316.98331093788147,3.795640173064575,480.7083880787304,-163.72507714084895,351.0073517740566,-34.02404083617512
1090.5220308050045,305.8321282863617,3.7751090548360513,480.4253947463067,-174.59326645994503,349.6446163132664,-43.8124880269047
1091.1580308165867,303.86187982559204,3.8013895088767753,480.14240141388285,-176.2805215882908,348.28188085247575,-44.42000102688371
1091.7940308281684,317.6155092716217,4.036783193317065,479.85940808145926,-162.24389880983756,346.919145391686,-29.30363612006431
1092.4300308397503,311.5191023349762,4.087142824183868,479.5764147490355,-168.0573124140593,345.5564099308958,-34.03730759591963
1093.0660308513322,323.8074440956116,3.6976266198100523,479.2934214166118,-155.48597732100023,344.19367447010563,-20.386230374494062
1093.7020308629142,318.82536816596985,3.6707548607714093,479.0104280841881,-160.18505991821826,342.83093900931544,-24.005570843345595
1094.3380308744963,312.31527745723724,4.041182484245702,478.72743475176424,-166.412157294527,341.4682035485248,-29.152926091287554
1094.974030886078,420.9765000343323,3.933706068901444,478.44444141934065,-57.46794138500837,340.10546808773506,80.87103194659721
1095.61003089766,737.4927501678467,4.738066567457948,478.1614480869169,259.3313020809298,338.74273262694487,398.7500175409018
1096.2460309092419,698.1820373535156,4.85186326121727,477.8784547544932,220.30358259902243,337.3799971661547,360.80204018736094
1096.8820309208238,407.51028203964233,3.8780325384368344,477.59546142206943,-70.0851793824271,336.0172617053645,71.49302033427784
1097.518030932406,320.3421918153763,14.40745304274279,477.3124680896456,-156.97027627426934,334.65452624457384,-14.312334429197563
1098.1540309439877,293.5622184276581,4.2687474711099505,477.02947475722203,-183.46725632956395,333.2917907837841,-39.72957235612603
1098.7900309555696,310.2692047357559,4.1457109916507635,476.7464814247983,-166.47727668904236,331.9290553229939,-21.659850587237997
1099.4260309671515,307.0118169784546,3.806447260640089,476.4634880923746,-169.45167111391999,330.5663198622037,-23.554502883749137
1100.0620309787334,305.4989194869995,3.6893585433049885,476.1804947599508,-170.6815752729513,329.20358440141354,-23.704664914414025
1100.6980309903156,293.0943036079407,3.568035024522551,475.897501427527,-182.80319781958633,327.84084894062244,-34.74654533268176
1101.3340310018973,315.8451159000397,3.727856770646129,475.61450809510336,-159.7693921950637,326.4781134798327,-10.632997579793027
1101.9700310134792,322.2260935306549,3.972206460845968,475.33151476267966,-153.10542123202475,325.1153780190425,-2.8892844883876023
1102.6060310250612,330.0733697414398,3.744796524823105,475.04852143025596,-144.97515168881614,323.7526425582523,6.3207271831875005
1103.242031036643,315.76171708106995,3.7338791651364773,474.7655280978322,-159.00381101676226,322.3899070974621,-6.628190016392182
1103.8780310482252,310.5169460773468,3.5647867773539295,474.4825347654084,-163.9655886880616,321.0271716366715,-10.510225559324681
1104.514031059807,324.81717467308044,3.718968195228664,474.19954143298474,-149.3823667599043,319.66443617588175,5.152738497198698
1105.1500310713889,323.311417222023,3.8665913512104204,473.91654810056104,-150.60513087853803,318.30170071509156,5.009716506931454
1105.7860310829708,310.64891135692596,3.7379895810611887,473.6335547681373,-162.98464341121132,316.93896525430137,-6.290053897375401
1106.4220310945527,310.61583185195923,3.6307278387010555,473.3505614357136,-162.73472958375436,315.5762297935112,-4.960397941551946
1107.0580311061349,332.7976701259613,3.727032736477902,473.0675681032898,-140.26989797732847,314.21349433272053,18.584175793240775
1107.6940311177166,323.6877727508545,3.742872864844851,472.78457477086613,-149.09680202001164,312.8507588719308,10.837013878923699
1108.3300311292985,329.7096438407898,3.7325703550944387,472.50158143844243,-142.79193759765263,311.4880234111406,18.221620429649192
1108.9660311408804,321.1667437553406,3.6797233477431788,472.2185881060187,-151.0518443506781,310.1252879503504,11.041455804990164
1109.6020311524624,328.68141651153564,3.676709659117428,471.93559477359497,-143.25417826205933,308.7625524895602,19.918864021975423
1110.2380311640445,325.35399293899536,3.649426570172893,471.65260144117116,-146.2986085021758,307.3998170287696,17.954175910225786
1110.8740311756262,339.91915345191956,3.7977317602390404,471.3696081087475,-131.45045465682796,306.03708156797984,33.882071883939716
1111.5100311872081,341.96810507774353,3.6996480386883985,471.0866147763238,-129.11850969858028,304.67434610718965,37.29375897055388
1112.14603119879,348.25456953048706,3.53382846236387,470.80362144390006,-122.549051913413,303.31161064639946,44.9429588840876
1112.782031210372,336.01963353157043,3.4901808203169447,470.52062811147636,-134.50099457990592,301.94887518560927,34.07075834596117
1113.4180312219542,328.54338550567627,3.5875699992645154,470.23763477905254,-141.69424927337627,300.58613972481817,27.957245780858102
1114.0540312335359,345.07363533973694,3.733833191855598,469.9546414466289,-124.88100610689196,299.22340426402843,45.85023107570851
1114.6900312451178,345.8596980571747,3.8669272965048873,469.6716481142052,-123.81195005703051,297.86066880323824,47.99902925393644
1115.3260312566997,336.53128600120544,3.5104425524464076,469.38865478178144,-132.857368780576,296.49793334244805,40.033352658757394
1115.9620312682816,310.91702485084534,3.5437882848245503,469.10566144935774,-158.1886365985124,295.13519788165786,15.781826969187478
1116.5980312798638,330.62438559532166,3.624579671559183,468.82266811693387,-138.1982825216122,293.7724624208672,36.85192317445444
1117.2340312914455,320.83400297164917,3.667637079378382,468.5396747845103,-147.7056718128611,292.4097269600775,28.424276011571692
1117.8700313030274,329.44167137145996,3.7522262440624883,468.2566814520865,-138.81501008062656,291.0469914992873,38.394679872172674
1118.5060313146093,345.26194047927856,3.659324269302141,467.9736881196628,-122.71174764038426,289.6842560384971,55.57768444078147
1119.1420313261913,344.9435381889343,3.601950257520944,467.6906947872391,-122.7471565983048,288.3215205777069,56.62201761122742
1119.7780313377734,335.89361023902893,3.5246864048121367,467.40770145481525,-131.51409121578632,286.95878511691626,48.93482512211267
1120.4140313493551,333.9659945964813,3.6077761011500566,467.12470812239167,-133.15871352591034,285.5960496561265,48.3699449403548
1121.050031360937,340.51225113868713,3.9084876518117877,466.8417147899679,-126.32946365128078,284.23331419533633,56.2789369433508
1121.686031372519,325.468225479126,3.5308724783974155,466.5587214575442,-141.09049597841823,282.87057873454614,42.59764674457983
1122.322031384101,324.93278551101685,3.5493628590440887,466.27572812512045,-141.3429426141036,281.50784327375595,43.42494223726089
1122.958031395683,330.6633048057556,3.564438813764984,465.99273479269664,-135.32942998694102,280.1451078129653,50.51819699279031
1123.5940314072648,335.88535022735596,3.4071753768356716,465.70974146027305,-129.8243912329171,278.78237235217557,57.102977875180386
1124.2300314188467,327.68927025794983,3.416133462707675,465.4267481278493,-137.73747786989946,277.4196368913854,50.26963336656445
1124.8660314304286,322.80474162101746,3.66214530943494,465.1437547954256,-142.33901317440814,276.05690143059473,46.74784019042272
1125.5020314420105,319.7845723628998,3.5301179531505644,464.86076146300184,-145.07618910010206,274.69416596980454,45.090406393095236
1126.1380314535927,317.9600262641907,3.472007556153472,464.577768130578,-146.61774186638735,273.3314305090139,44.628595755176775
1126.7740314651744,319.33664202690125,3.5549586424706594,464.2947747981544,-144.95813277125313,271.96869504822416,47.36794697867708
1127.4100314767563,304.15812945365906,3.377382236371206,464.0117814657307,-159.85365201207162,270.605959587434,33.552169866225086
1128.0460314883383,319.1783549785614,3.8117329012899575,463.728788133307,-144.55043315474558,269.2432241266438,49.93513085191762
1128.6820314999202,315.3471074104309,3.4128971886564856,463.4457948008832,-148.0986873904523,267.8804886658536,47.46661874457732
1129.3180315115023,327.94324350357056,3.5748093146184003,463.1628014684594,-135.21955796488885,266.51775320506295,61.42549029850761
1129.954031523084,333.6725010871887,3.5002992635288255,462.87980813603576,-129.20730704884704,265.1550177442732,68.51748334291551
1130.590031534666,341.32103204727173,3.5255200522633503,462.59681480361206,-121.27578275634033,263.792282283483,77.52874976378871
1131.226031546248,329.36701214313507,3.4191804510276746,462.3138214711883,-132.94680932805323,262.4295468226928,66.93746532044224
1131.8620315578298,333.31899785995483,3.362187607778557,462.0308281387646,-128.71183027880977,261.06681136190264,72.2521864980522
1132.498031569412,328.3562264442444,3.3260936688168177,461.7478348063408,-133.3916083620964,259.704075901112,68.6521505431324
1133.1340315809937,326.64728689193726,3.262953016219679,461.46484147391715,-134.8175545819799,258.34134044032226,68.305946451615
1133.7700315925756,329.0528745651245,3.31224567882547,461.18184814149345,-132.12897357636894,256.97860497953207,72.07426958559245
1134.4060316041575,327.3358106613159,3.5244465532818707,460.8988548090697,-133.56304414775377,255.61586951874187,71.71994114257404
1135.0420316157395,321.4976305961609,3.3817144548839098,460.615861476646,-139.1182308804851,254.25313405795168,67.2444965382092
1135.6780316273216,337.6967353820801,3.332186036469964,460.3328681442222,-122.6361327621421,252.89039859716104,84.80633678491904
1136.3140316389033,333.2400426864624,3.245611728507485,460.04987481179853,-126.80983212533613,251.5276631363713,81.7123795500911
1136.9500316504852,329.1063778400421,3.3213915365824302,459.76688147937483,-130.66050363933272,250.16492767558066,78.94145016446146
1137.5860316620672,326.5469226837158,3.6525241545197904,459.4838881469511,-132.93696546323525,248.80219221479047,77.74473046892535
1138.222031673649,351.46905183792114,3.911701557570986,459.2008948145274,-107.73184297660623,247.43945675400028,104.02959508392087
1138.8580316852313,353.4893260002136,3.623320055790537,458.91790148210356,-105.42857548188994,246.07672129320963,107.412604707004
1139.494031696813,351.23034930229187,3.3952739544432387,458.6349081496799,-107.40455884738805,244.7139858324199,106.51636346987198
1140.1300317083949,340.84363055229187,3.270765017825904,458.3519148172562,-117.50828426496435,243.3512503716297,97.49238018066217
1140.7660317199768,338.7867121696472,3.14876840579427,458.06892148483246,-119.28220931518524,241.9885149108395,96.7981972588077
1141.4020317315587,328.44389605522156,3.234355862708587,457.78592815240876,-129.3420320971872,240.62577945004932,87.81811660517224
1142.038031743141,333.26146388053894,3.311791419693655,457.5029348199849,-124.24147093944595,239.26304398925868,93.99841989128026
1142.6740317547226,326.4473488330841,3.3287124295919823,457.2199414875613,-130.7725926544772,237.90030852846894,88.54704030461517
1143.3100317663045,330.2414519786835,4.150905170880758,456.93694815513754,-126.69549617645407,236.53757306767875,93.70387891100472
1143.9460317778864,344.51908826828003,4.997193168813854,456.65395482271384,-112.13486655443381,235.17483760688856,109.34425066139147
1144.5820317894684,341.48920798301697,5.034122548724907,456.37096149029014,-114.88175350727317,233.81210214609837,107.6771058369186
1145.2180318010505,336.75424242019653,4.283699407335751,456.08796815786627,-119.33372573766974,232.44936668530772,104.30487573488881
1145.8540318126322,343.066917181015,3.3445759234585006,455.8049748254427,-112.73805764442767,231.086631224518,111.98028595649703
1146.4900318242142,337.2817277908325,3.287981405786134,455.5219814930189,-118.24025370218641,229.7238957637278,107.55783202710472
1147.126031835796,358.7821717262268,3.310329797028142,455.2389881605952,-96.45681643436842,228.3611603029376,130.4210114232892
1147.762031847378,349.5581259727478,3.3390674174018433,454.95599482817147,-105.39786885542367,226.99842484214741,122.55970113060039
1148.3980318589602,358.03679752349854,3.268736093404008,454.67300149574766,-96.63620397224912,225.63568938135631,132.40110814214222
1149.0340318705419,366.32563400268555,3.2579518069675215,454.39000816332407,-88.06437416063852,224.27295392056658,142.05268008211897
1149.6700318821238,351.8592760562897,3.2347414074153558,454.1070148309003,-102.24773877461064,222.9102184597764,128.94905759651328
1150.3060318937057,343.3608877658844,3.1528222782169815,453.8240214984766,-110.46313373259221,221.5474829989862,121.8134047668982
1150.9420319052876,347.80305528640747,3.2696984613055133,453.5410281660529,-105.73797287964544,220.184747538196,127.61830774821146
1151.5780319168698,343.05033254623413,3.2483288248103865,453.25803483362904,-110.20770228739491,218.82201207740536,124.22832046882877
1152.2140319284515,341.042028427124,3.23559353168164,452.9750415012054,-111.93301307408137,217.45927661661563,123.5827518105084
1152.8500319400334,354.19965958595276,3.2309145960250203,452.69204816878175,-98.492388582829,216.09654115582543,138.10311843012732
1153.4860319516154,363.4928951263428,3.359419850686132,452.409054836358,-88.91615971001522,214.73380569503524,148.75908943130753
1154.1220319631973,366.2002637386322,3.162907112793406,452.12606150393424,-85.92579776530204,213.37107023424505,152.82919350438715
1154.7580319747794,357.2309937477112,3.183822380340734,451.8430681715105,-94.6120744237993,212.0083347734544,145.22265897425677
1155.3940319863611,345.10087990760803,3.1138723269118063,451.56007483908684,-106.4591949314788,210.64559931266467,134.45528059494336
1156.030031997943,346.80128931999207,3.179105324804384,451.2770815066631,-104.47579218667101,209.28286385187448,137.51842546811758
1156.666032009525,361.64766669273376,3.1918082712297218,450.9940881742393,-89.34642148150556,207.9201283910843,153.72753830164947
1157.302032021107,356.4441239833832,3.1646394027038447,450.7110948418157,-94.2669708584325,206.5573929302941,149.88673105308908
1157.938032032689,352.6093373298645,3.181421310777412,450.4281015093918,-97.8187641795273,205.19465746950345,147.41467986036105
1158.5740320442708,371.575323343277,3.256980481849769,450.14510817696817,-78.56978483369119,203.83192200871372,167.74340133456326
1159.2100320558527,371.7810482978821,3.3542806141247206,449.8621148445444,-78.08106654666233,202.46918654792353,169.31186174995855
1159.8460320674346,358.28146719932556,3.2252542746615864,449.57912151212076,-91.2976543127952,201.10645108713334,157.17501611219222
1160.4820320790166,363.69480776786804,3.1808046880908503,449.296128179697,-85.60132041182897,199.7437156263427,163.95109214152535
1161.1180320905987,351.1583800315857,3.293472534740264,449.01313484727314,-97.85475481568744,198.38098016555205,152.77739986603365
1161.7540321021804,342.3299751281738,3.1856733401998123,448.7301415148496,-106.40016638667578,197.0182447047623,145.31173042341152
1162.3900321137623,346.465528011322,3.1893665362129333,448.44714818242585,-101.98162017110383,195.65550924397212,150.8100187673499
1163.0260321253443,345.7254648208618,3.197662933907762,448.1641548500021,-102.43869002914028,194.29277378318193,151.4326910376799
1163.6620321369262,371.0701904296875,3.348219589230194,447.88116151757833,-76.81097108789083,192.93003832239174,178.14015210729576
1164.2980321485084,388.5612943172455,3.476973626599251,447.5981681851546,-59.036873867909094,191.5673028616011,196.9939914556444
1164.93403216009,370.63247752189636,3.200518027528401,447.31517485273093,-76.68269733083457,190.20456740081136,180.427910121085
1165.570032171672,359.08248138427734,3.239517705212186,447.0321815203072,-87.94970013602983,188.84183194002117,170.24064944425618
1166.206032183254,361.49955129623413,3.294688525197943,446.74918818788353,-85.2496368916494,187.47909647923098,174.02045481700316
1166.8420321948358,355.72351479530334,3.277659063402196,446.4661948554598,-90.74268006015643,186.11636101844078,169.60715377686256
1167.478032206418,355.3068654537201,3.2850232518674902,446.1832015230359,-90.87633606931581,184.75362555765014,170.55323989606995
1168.1140322179997,343.8675057888031,3.292380638651722,445.90020819061226,-102.03270240180916,183.3908900968604,160.4766156919427
1168.7500322295816,350.90067052841187,3.342140974050942,445.6172148581886,-94.71654432977675,182.0281546360702,168.87251589234165
1169.3860322411635,347.78195905685425,3.3487974995448764,445.33422152576486,-97.55226246891061,180.66541917528002,167.11653988157423
1170.0220322527455,350.4706027507782,3.3957455346331082,445.0512281933411,-94.5806254425629,179.30268371448983,171.16791903628837
1170.6580322643276,350.77344393730164,3.2857690126287813,444.76823486091735,-93.99479092361571,177.93994825369919,172.83349568360245
1171.2940322759093,340.7554016113281,3.4610285159685747,444.4852415284937,-103.72983991716558,176.57721279290945,164.17818881841868
1171.9300322874913,354.0314121246338,3.2564379761489226,444.20224819606995,-90.17083607143616,175.21447733211926,178.81693479251453
1172.5660322990732,354.58332347869873,3.384976293097335,443.9192548636462,-89.33593138494746,173.8517418713286,180.73158160737012
1173.202032310655,362.60321164131165,3.6998919033231,443.63626153122254,-81.0330498899109,172.48900641053842,190.11420523077322
1173.8380323222373,363.16253995895386,3.3638117745510048,443.3532681987987,-80.19072823984482,171.12627094974778,192.03626900920608
1174.474032333819,340.17619228363037,3.592151502047968,443.07027486637503,-102.89408258274466,169.76353548895804,170.41265679467233
1175.110032345401,338.2130129337311,3.470340167719074,442.7872815339514,-104.57426860022031,168.40080002816785,169.81221290556323
1175.7460323569828,352.7994456291199,3.3192095452099544,442.50428820152763,-89.70484257240776,167.03806456737766,185.7613810617422
1176.3820323685648,350.92094469070435,3.3592706675724147,442.2212948691039,-91.30035017839953,165.67532910658747,185.24561558411688
1177.0180323801467,361.93459367752075,3.4750688985441793,441.9383015366801,-80.00370785915936,164.31259364579728,197.62200003172347
1177.6540323917286,354.05108308792114,3.2793838409335914,441.65530820425647,-87.60422511633533,162.9498581850071,191.10122490291405
1178.2900324033105,341.14305663108826,3.2450983878375776,441.3723148718327,-100.22925824074446,161.5871227242169,179.55593390687136
1178.9260324148925,343.9264681339264,3.3340918396550263,441.08932153940896,-97.16285340548256,160.2243872634267,183.70208087049969
1179.5620324264744,342.96639013290405,3.4374955640771936,440.8063282069853,-97.83993807408126,158.86165180263652,184.10473833026754
1180.1980324380563,336.3191177845001,3.402477665343682,440.52333487456156,-104.20421709006143,157.49891634184632,178.8202014426538
1180.8340324496382,344.40713477134705,3.6890513735854555,440.2403415421378,-95.83320677079075,156.13618088105613,188.2709538902909
1181.4700324612202,327.3773355484009,3.2734889694573446,439.95734820971404,-112.58001266131316,154.77344542026594,172.60389012813494
1182.106032472802,338.222190618515,3.276164165003132,439.6743548772904,-101.45216425877538,153.41070995947575,184.81148065903926
1182.742032484384,336.07860827445984,3.491670421421328,439.39136154486664,-103.3127532704068,152.04797449868556,184.03063377577428
1183.378032495966,344.0563893318176,3.922471764304793,439.1083682124429,-95.05197888062526,150.68523903789537,193.37115029392226
1184.0140325075479,346.3074929714203,3.3488397355722213,438.82537488001924,-92.51788190859895,149.32250357710473,196.98498939431556
1184.6500325191298,332.4446747303009,3.530480912521397,438.5423815475955,-106.09770681729458,147.95976811631454,184.48490661398637
1185.2860325307117,331.4522304534912,4.4025291451995034,438.2593882151717,-106.80715776168051,146.59703265552434,184.85519779796687
1185.9220325422937,348.8219323158264,3.4404742922721074,437.97639488274797,-89.15446256692155,145.23429719473415,203.58763512109226
1186.5580325538756,352.568274974823,3.4222984787684982,437.6934015503243,-85.12512657550133,143.87156173394396,208.69671324087903
1187.1940325654575,356.26437067985535,3.58529677753804,437.41040821790057,-81.14603753804522,142.50882627315377,213.75554440670157
1187.8300325770394,359.9657943248749,3.4378110397309576,437.1274148854768,-77.16162056060193,141.14609081236358,218.8197035125113
1188.4660325886214,353.62067437171936,3.4809430912812904,436.84442155305317,-83.2237471813338,139.7833553515734,213.83731902014597
1189.1020326002033,355.3689022064209,3.3004640343392926,436.5614282206294,-81.19252601420851,138.4206198907832,216.9482823156377
1189.7380326117852,373.7909269332886,3.4266425913253773,436.27843488820565,-62.48750795491708,137.057884429993,236.73304250329556
1190.3740326233672,410.05536365509033,3.5293428174970414,435.995441555782,-25.940077900691676,135.69514896920282,274.3602146858875
1191.010032634949,403.14222264289856,3.648436619863654,435.71244822335825,-32.57022558045969,134.33241350841263,268.80980913448593
1191.646032646531,360.0725269317627,3.860072924402021,435.4294548909345,-75.3569279591718,132.96967804762244,227.10284888414026
1192.282032658113,359.954740524292,3.372978649191698,435.14646155851074,-75.19172103421874,131.60694258683225,228.34779793745975
1192.9180326696949,370.9291841983795,3.5289169663212197,434.8634682260871,-63.93428402770758,130.24420712604206,240.68497707233746
1193.5540326812768,359.3539786338806,3.4747108648651315,434.58047489366334,-75.22649625978272,128.88147166525187,230.47250696862875
1194.1900326928587,360.00389862060547,3.438742985136505,434.2974815612396,-74.29358294063411,127.51873620446167,232.4851624161438
1194.8260327044406,349.4331521987915,3.488460648182015,434.01448822881594,-84.58133603002443,126.15600074367148,223.27715145512002
1195.4620327160226,357.9326641559601,3.3660627668907765,433.7314948963922,-75.7988307404321,124.7932652828813,233.1393988730788
1196.0980327276045,357.5547983646393,3.996475638092953,433.4485015639684,-75.89370319932914,123.43052982209065,234.12426854254863
1196.7340327391864,361.101886510849,3.9210189597920464,433.16550823154466,-72.06362172069566,122.06779436130046,239.03409214954854
1197.3700327507684,380.21308517456055,4.259976973175661,432.882514899121,-52.66942972456047,120.70505890051027,259.5080262740503
1198.0060327623503,364.16365814208984,3.621450400351866,432.59952156669726,-68.43586342460742,119.34232343972008,244.82133470236977
1198.6420327739322,362.32879972457886,3.722193050492832,432.3165282342735,-69.98772850969465,117.97958797892989,244.34921174564897
1199.2780327855141,357.4069781303406,3.51412133965465,432.03353490184986,-74.62655677150929,116.6168525181397,240.79012561220088
1199.914032797096,365.6902611255646,3.499363625283311,431.7505415694261,-66.06028044386153,115.2541170573495,250.43614406821507
1200.550032808678,358.4356281757355,3.698812428917238,431.46754823700235,-73.03192006126687,113.89138159655931,244.54424657917616
1201.18603282026,360.7935802936554,3.7146212988789737,431.1845549045786,-70.3909746109232,112.52864613576912,248.26493415788627
1201.8220328318419,358.7432041168213,3.6652143076196513,430.90156157215495,-72.15835745533366,111.16591067497893,247.57729344184236
1202.4580328434238,352.5702061653137,3.618061514741392,430.6185682397312,-78.04836207441747,109.80317521418874,242.76703095112498
1203.0940328550055,374.92855048179626,3.520591902190676,430.33557490730755,-55.40702442551128,108.440439753399,266.48811072839726
1203.7300328665876,373.67336320877075,3.7564115854353917,430.0525815748838,-56.37921836611304,107.07770429260836,266.5956589161624
1204.3660328781696,376.6922490596771,3.6166260897921174,429.76958824246003,-53.07733918278291,105.71496883181817,270.97728022785896
1205.0020328897515,356.5604405403137,3.9973639062217132,429.4865949100363,-72.92615436972255,104.35223337102798,252.20820716928574
1205.6380329013334,347.57607340812683,3.7825375095752074,429.2036015776125,-81.62752816948569,102.98949791023779,244.58657549788904
1206.2740329129151,357.219322681427,3.6281437350763235,428.920608245189,-71.70128556376199,101.62676244944805,255.59256023197895
1206.9100329244973,358.35476303100586,3.7169655376640076,428.6376149127651,-70.28285188175926,100.2640269886574,258.09073604234845
1207.5460329360792,355.55232977867126,3.551245385599483,428.35462158034136,-72.8022918016701,98.90129152786722,256.65103825080405
1208.1820329476611,349.7787072658539,3.5392842347204683,428.0716282479177,-78.29292098206383,97.53855606707657,252.2401511987773
1208.818032959243,352.19335436820984,3.60295888144147,427.78863491549396,-75.59528054728412,96.17582060628638,256.01753376192346
1209.4540329708248,385.6773729324341,3.680448744578009,427.5056415830703,-41.82826865063623,94.81308514549664,290.86428778693744
1210.090032982407,369.91623878479004,3.5840835999495098,427.22264825064644,-57.306409465856404,93.450349684706,276.46588910008404
1210.7260329939888,351.6251075267792,3.799758924790618,426.9396549182228,-75.31454739144363,92.0876142239158,259.53749330286337
1211.3620330055708,348.08549451828003,3.706791730796075,426.65666158579904,-78.57116706751901,90.72487876312562,257.3606157551544
1211.9980330171527,354.96301674842834,3.886420918905883,426.3736682533753,-71.41065150494694,89.36214330233543,265.6008734460929
1212.6340330287344,365.8760623931885,3.75808575261047,426.09067492095164,-60.214612527763165,87.99940784154569,277.8766545516428
1213.2700330403165,364.9656231403351,3.727961128442344,425.8076815885279,-60.8420584481928,86.63667238075504,278.32895075958004
1213.9060330518985,368.88400864601135,3.810927955809588,425.5246882561041,-56.640679610092775,85.27393691996485,283.6100717260465
1214.5420330634804,356.90849709510803,3.919641050561026,425.24169492368037,-68.33319782857234,83.91120145917466,272.99729563593337
1215.1780330750623,358.3271222114563,5.056307463748415,424.9587015912567,-66.63157937980043,82.54846599838447,275.7786562130718
1215.814033086644,385.75424575805664,4.63507896404111,424.6757082588331,-38.92146250077644,81.18573053759474,304.5685152204619
1216.4500330982262,384.3724887371063,4.629129861004809,424.3927149264092,-40.02022618930289,79.82299507680409,304.54949366030223
1217.086033109808,361.9739463329315,3.8240655387474076,424.10972159398557,-62.13577526105405,78.4602596160139,283.5136867169176
1217.72203312139,380.3462781906128,3.8882718763319786,423.8267282615618,-43.48045007094902,77.09752415522371,303.2487540353891
1218.358033132972,381.23411536216736,3.795397837264997,423.54373492913805,-42.309619566970696,75.73478869443352,305.49932666773384
1218.9940331445537,366.3536081314087,3.855054975114861,423.2607415967144,-56.90713346530572,74.37205323364378,291.9815548977649
1219.6300331561358,367.03746914863586,3.8050075672071775,422.97774826429065,-55.94027911565479,73.00931777285268,294.0281513757832
1220.2660331677178,364.90536761283875,3.8886196300608487,422.6947549318669,-57.78938731902815,71.64658231206249,293.25878530077625
1220.9020331792997,381.0464482307434,4.101008718008895,422.41176159944314,-41.36531336869973,70.2838468512723,310.7626013794711
1221.5380331908816,376.544171333313,3.7608090984306086,422.1287682670195,-45.58459693370651,68.92111139048211,307.6230599428309
1222.1740332024633,370.5556116104126,3.986599891444168,421.84577493459585,-51.290163324183254,67.55837592969237,302.9972356807202
1222.8100332140455,367.8546841144562,3.841430229042057,421.562781602172,-53.708097487715804,66.19564046890173,301.65904364555445
1223.4460332256274,365.487154006958,3.918337221789966,421.2797882697482,-55.792634262790216,64.83290500811154,300.65424899884647
1224.0820332372093,367.6685583591461,4.308997574913195,420.9967949373246,-53.32823657817846,63.47016954732135,304.19838881182477
1224.7180332487912,375.7207467556,3.9522107633404886,420.7138016049008,-44.99305484930085,62.10743408653116,313.6133126690688
1225.354033260373,369.277708530426,3.876767424081441,420.4308082724772,-51.153099742051154,60.74469862574142,308.5330099046846
1225.990033271955,382.03985238075256,3.865613642135854,420.1478149400534,-38.10796255930086,59.381963164950776,322.6578892158018
1226.626033283537,385.12279510498047,4.048600746320196,419.86482160762966,-34.742026502649196,58.019227704160585,327.1035674008199
1227.262033295119,383.7559747695923,3.912401435754742,419.5818282752059,-35.82585350561362,56.656492243370394,327.0994825262219
1227.8980333067009,385.2812328338623,3.823766528176124,419.29883494278215,-34.017602108919846,55.2937567825802,329.9874760512821
1228.5340333182826,391.52138471603394,3.8804974733406876,419.0158416103586,-27.494456894324685,53.93102132179047,337.59036339424347
1229.1700333298647,390.4430260658264,3.947927491909922,418.73284827793475,-28.289822212108334,52.56828586099982,337.8747402048266
1229.8060333414467,374.3748128414154,3.753419506775184,418.449854945511,-44.07504210409559,51.20555040020963,323.1692624412058
1230.4420333530286,385.64228987693787,3.771793306489953,418.16686161308735,-32.52457173614948,49.84281493941944,335.7994749375184
1231.0780333646105,380.2168519496918,3.9122041584887994,417.8838682806636,-37.66701633097182,48.48007947862925,331.7367724710625
1231.7140333761922,378.84934639930725,3.9617675914177233,417.60087494823995,-38.7515285489327,47.117344017839514,331.73200238146774
1232.3500333877744,376.39847016334534,3.8730731937339944,417.3178816158161,-40.91941145247074,45.754608557048414,330.6438616062969
1232.9860333993563,376.37214851379395,3.936209264337048,417.03488828339243,-40.66273976959849,44.39187309625822,331.9802754175357
1233.6220334109382,384.57308554649353,3.8469467770286725,416.7518949509687,-32.178809404475146,43.02913763546803,341.5439479110255
1234.2580334225202,386.8177423477173,3.7917776121519604,416.4689016185449,-29.651159270827634,41.66640217467784,345.15134017303944
1234.8940334341019,410.962922334671,3.8886029739139514,416.1859082861214,-5.222985951450369,40.303666713888106,370.6592556207829
1235.530033445684,395.28070163726807,3.841792462820136,415.9029149536975,-20.622213316429452,38.94093125309746,356.3397703841706
1236.166033457266,369.9342293739319,3.91575071395641,415.61992162127376,-45.685692247341876,37.57819579230727,332.3560335816246
1236.8020334688479,364.1506760120392,3.9710435456913435,415.3369282888501,-51.18625227681093,36.21546033151708,327.9352156805221
1237.4380334804298,371.0069558620453,3.7947591129578306,415.05393495642636,-44.04697909438107,34.85272487072689,336.1542309913184
1238.0740334920115,371.21225786209106,3.983493831527877,414.7709416240027,-43.55868376191165,33.48998940993715,337.7222684521539
1238.7100335035936,386.7246558666229,4.509516313863436,414.48794829157885,-27.76329242495592,32.12725394914651,354.5974019174764
1239.3460335151756,386.4606559276581,3.793998311249276,414.2049549591552,-27.74429903149712,30.764518488356316,355.69613743930176
1239.9820335267575,403.18528485298157,3.828975312940116,413.92196162673144,-10.736676773749878,29.401783027566125,373.78350182541544
1240.6180335383394,397.2893319129944,3.7849202680356404,413.6389682943077,-16.349636381313303,28.039047566775935,369.25028434621845
1241.2540335499211,395.654500246048,3.7469253946294603,413.35597496188404,-17.70147471583607,26.6763121059862,368.9781881400618
1241.8900335615033,375.38421154022217,3.837113593103596,413.0729816294603,-37.68877008923812,25.313576645195553,350.0706348950266
1242.5260335730852,378.1745584011078,4.090382968788987,412.78998829703653,-34.61542989592874,23.950841184405363,354.2237172167024
1243.1620335846671,393.58697986602783,3.9382363670361893,412.5069949646128,-18.92001509858494,22.588105723614717,370.9988741424131
1243.798033596249,404.691029548645,3.7860391814765335,412.22400163218913,-7.532972083544109,21.225370262824526,383.4656592858205
1244.4340336078308,387.3309977054596,3.8085753484543794,411.9410082997655,-24.61001059430589,19.86263480203479,367.4683629034248
1245.070033619413,376.3889294862747,3.6302360784288887,411.6580149673416,-35.269085481066895,18.499899341244145,357.8890301450306
1245.7060336309949,362.87139987945557,4.051211697123714,411.37502163491797,-48.503621755462405,17.137163880453954,345.7342359990016
1246.3420336425768,376.8201072216034,3.8820977438625937,411.0920283024942,-34.27192108089082,15.774428419663764,361.04567880193963
1246.9780336541585,370.35561752319336,4.068898189838479,410.80903497007057,-40.45341744687721,14.411692958874028,355.94392456431933
1247.6140336657404,369.96170353889465,3.7492134533346917,410.5260416376468,-40.56433809875216,13.048957498083837,356.9127460408108
1248.2500336773226,380.8590614795685,3.764936112365349,410.24304830522306,-29.383986825654574,11.686222037293192,369.1728394422753
1248.8860336889045,397.7950007915497,3.6342827952470436,409.9600549727993,-12.165054181249616,10.323486576503,387.4715142150467
1249.5220337004864,397.92634105682373,3.6283484102722654,409.67706164037554,-11.75072058355181,8.96075111571281,388.9655899411109
1250.1580337120681,386.9908354282379,3.6669744014156236,409.3940683079519,-22.403232879713983,7.598015654923074,379.39281977331484
1250.79403372365,384.16423654556274,3.67279331732998,409.11107497552825,-24.94683842996551,6.2352801941328835,377.92895635142986
1251.4300337352322,369.5001072883606,3.8451879246015928,408.8280816431044,-39.32797435474379,4.872544733342238,364.62756255501836
1252.0660337468141,379.1779315471649,3.757428590708004,408.5450883106806,-29.36715676351571,3.5098092725520473,375.66812227461287
1252.702033758396,377.233603477478,3.8136545807551014,408.262094978257,-31.028491500778955,2.1470738117618566,375.08652966571617
1253.3380337699778,387.99304962158203,3.7023279981628656,407.97910164583334,-19.986052024251308,0.7843383509721207,387.2087112706099
1253.9740337815597,387.29975068569183,3.641339735530606,407.6961083134096,-20.396357627717748,-0.57839710981807,387.8781477955099
1254.6100337931418,364.543576002121,3.812605726548859,407.4131149809858,-42.86953897886485,-1.9411325706087155,366.4847085727297
1255.2460338047238,388.0651390552521,3.7342604652344935,407.13012164856207,-19.064982593309992,-3.303868031399361,391.36900708665144
1255.8820338163057,393.7686502933502,3.9816214303792123,406.8471283161383,-13.07847802278809,-4.666603492189552,398.43525378553977
1256.5180338278874,384.65347027778625,3.938317234238879,406.56413498371467,-21.91066470592841,-6.029338952979288,390.68280923076554
1257.1540338394693,399.33321619033813,3.9859966860192366,406.281141651291,-6.947925460952888,-7.392074413769478,406.7252906041076
1257.7900338510515,408.81442165374756,3.774742783862189,405.99814831886715,2.8162733348804068,-8.754809874560124,417.5692315283077
1258.4260338626334,508.5197024345398,3.858130594668765,405.7151549864434,102.8045474480964,-10.117545335350314,518.6372477698901
1259.0620338742153,555.0596041679382,4.0231650422323515,405.43216165401975,149.62744251391848,-11.480280796140505,566.5398849640787
1259.698033885797,483.18946623802185,3.783089552724043,405.1491683215961,78.04029791642574,-12.843016256930241,496.0324824949521
1260.334033897379,417.8706429004669,3.8535714625450863,404.86617498917235,13.004467911294569,-14.205751717720432,432.07639461818735
1260.970033908961,411.53357195854187,3.7961656555598275,404.5831816567485,6.950390301793391,-15.568487178511077,427.10205913705295
1261.606033920543,377.3880093097687,3.790551436932348,404.30018832432484,-26.91217901455616,-16.931222639301268,394.31923194906994
1262.242033932125,382.7134130001068,3.58289249325545,404.0171949919011,-21.303781991794267,-18.29395810009146,401.00737110019827
1262.8780339437067,398.59928369522095,3.8674120183915317,403.73420165947743,-5.134917964256488,-19.656693560881195,418.25597725610214
1263.5140339552886,407.7712757587433,3.9721686737001756,403.4512083270537,4.320067431689608,-21.019429021671385,428.79070478041467
1264.1500339668708,412.5180501937866,3.7214343836601547,403.1682149946299,9.3498351991567,-22.38216448246203,434.90021467624865
1264.7860339784527,413.55169320106506,3.6561353815956563,402.88522166220616,10.6664715388589,-23.74489994325222,437.2965931443173
1265.4220339900346,400.203330039978,3.6859376738976817,402.6022283297824,-2.3988982898043787,-25.107635404042412,425.31096544402044
1266.0580340016163,413.4587242603302,3.680195056345034,402.3192349973589,11.139489262971324,-26.470370864832148,439.92909512516235
1266.6940340131982,415.183301448822,3.696952426967316,402.0362416649351,13.147059783886903,-27.83310632562234,443.01640777444436
1267.3300340247804,399.4598479270935,3.8432230234024485,401.75324833251125,-2.293400405417742,-29.19584178641344,428.65568971350694
1267.9660340363623,413.4409646987915,3.6272023294516424,401.4702550000876,11.9707096987039,-30.55857724720363,443.99954194599513
1268.6020340479442,390.47345638275146,3.8558626542102297,401.18726166766385,-10.713805284912382,-31.92131270799382,422.3947690907453
1269.238034059526,381.9159586429596,3.8044930592258397,400.9042683352402,-18.98830969228061,-33.284048168783556,415.20000681174315
1269.8740340711079,392.7640995979309,3.6201152989782495,400.62127500281645,-7.857175404885538,-34.64678362957375,427.41088322750466
1270.51003408269,386.55155897140503,3.5448460566780247,400.3382816703927,-13.78672269898766,-36.00951909036439,422.5610780617694
1271.146034094272,389.3018698692322,3.5493452968922825,400.05528833796893,-10.753418468736754,-37.37225455115458,426.67412442038676
1271.7820341058539,398.0178873538971,3.752379112486613,399.7722950055452,-1.75440765164808,-38.734990011944774,436.75287736584187
1272.4180341174356,408.6579604148865,3.735829101217361,399.48930167312164,9.16865874176483,-40.09772547273451,448.755685887621
1273.0540341290175,407.9589123725891,3.6938910092929857,399.2063083406979,8.752604031891224,-41.4604609335247,449.4193733061138
1273.6900341405997,401.96953654289246,3.6883569921586536,398.923315008274,3.0462215346184394,-42.823196394315346,444.7927329372078
1274.3260341521816,421.94085144996643,3.683783312159812,398.64032167585026,23.30052977411617,-44.18593185510554,466.12678330507197
1274.9620341637635,414.5072922706604,3.648623968918739,398.3573283434266,16.149963927233784,-45.54866731589573,460.0559595865561
1275.5980341753452,400.34466910362244,3.7016146484044006,398.074335011003,2.270334092619464,-46.91140277668546,447.2560718803079
1276.2340341869271,400.052836894989,3.6411529089645334,397.7913416785792,2.2614952164097986,-48.274138237475654,448.32697513246467
1276.8700341985093,391.41213846206665,3.5881051432500994,397.50834834615546,-6.0962098840888075,-49.6368736982663,441.04901216033295
1277.5060342100912,386.68348836898804,3.6807931627947768,397.2253550137317,-10.541866644743664,-50.99960915905649,437.6830975280445
1278.1420342216732,405.0366938114166,3.789531540775028,396.94236168130794,8.094332130108683,-52.36234461984668,457.3990384312633
1278.7780342332549,406.2948725223541,4.100626424623897,396.6593683488843,9.635504173469826,-53.72508008063642,460.01995260299054
1279.4140342448368,399.14061546325684,3.6461277198014854,396.37637501646066,2.7642404467961796,-55.08781554142706,454.2284310046839
1280.050034256419,408.2606313228607,4.176367678946938,396.0933816840368,12.167249638823932,-56.45055100221771,464.7111823250784
1280.6860342680009,428.9493775367737,3.800979905760017,395.810388351613,33.13898918516065,-57.8132864630079,486.7626639997816
1281.3220342795828,442.0973711013794,3.645174638742065,395.5273950191894,46.56997608219001,-59.17602192379809,501.2733930251775
1281.9580342911645,432.9086844921112,3.882867772888593,395.24440168676574,37.664282805345465,-60.538757384587825,493.44744187669903
1282.5940343027464,421.6071774959564,3.7560294777648378,394.961408354342,26.645769141614437,-61.901492845378016,483.50867034133444
1283.2300343143286,722.5314841270447,4.110197960984059,394.6784150219182,327.85306910512645,-63.26422830616866,785.7957124332133
1283.8660343259105,1591.4580855369568,5.634142202631161,394.39542168949447,1197.0626638474623,-64.62696376695885,1656.0850493039156
1284.5020343374924,1703.4554071426392,5.868659574189991,394.1124283570707,1309.3429787855684,-65.98969922774904,1769.4451063703882
1285.1380343490741,829.055061340332,4.431839185822108,393.82943502464707,435.22562631568496,-67.35243468853878,896.4074960288708
1285.774034360656,434.52372908592224,3.6388024296063537,393.5464416922234,40.977287393698816,-68.71517014932897,503.2388992352512
1286.4100343722382,403.40156960487366,3.743366167631068,393.26344835979955,10.138121245074103,-70.07790561011961,473.4794752149933
1287.0460343838201,411.4483642578125,3.780366707497218,392.9804550273758,18.467909230436703,-71.4406410709098,482.8890053287223
1287.682034395402,411.3279514312744,3.9426862261774733,392.69746169495215,18.63048973632226,-72.8033765317,484.1313279629744
1288.3180344069838,396.831346988678,3.75566090831072,392.4144683625285,4.416878626149469,-74.16611199248973,470.9974589811677
1288.9540344185657,391.42539954185486,3.6254442767887185,392.13147503010475,-0.7060754882498941,-75.52884745327992,466.9542469951348
1289.5900344301479,378.661993265152,3.6326185604243006,391.8484816976809,-13.186488432528904,-76.89158291407057,455.55357617922255
1290.2260344417298,373.12057614326477,3.6869393724685935,391.56548836525724,-18.444912221992467,-78.25431837486076,451.37489451812553
1290.8620344533117,374.8041524887085,3.7124349801686196,391.2824950328335,-16.478342544124985,-79.6170538356514,454.4212063243599
1291.4980344648934,379.8758089542389,3.650844602697428,390.99950170040984,-11.123692746170946,-80.97978929644114,460.85559825068003
1292.1340344764753,368.52667689323425,3.642917636545607,390.7165083679861,-22.189831474751827,-82.34252475723133,450.8692016504656
1292.7700344880575,368.63700437545776,3.960239125741117,390.4335150355623,-21.79651066010456,-83.70526021802198,452.34226459347974
1293.4060344996394,374.7846510410309,4.3017392045830904,390.15052170313857,-15.365870662107682,-85.06799567881217,459.85264671984305
1294.0420345112213,386.71937084198,4.1435412114612875,389.8675283707148,-3.148157528734828,-86.43073113960236,473.15010198158234
1294.678034522803,404.29088973999023,3.7762697346403287,389.5845350382913,14.706354701698956,-87.7934666003921,492.0843563403823
1295.314034534385,395.74809098243713,4.0477635823053575,389.3015417058675,6.446549276569613,-89.15620206118228,484.9042930436194
1295.9500345459671,393.12350702285767,3.8743164041515725,389.01854837344365,4.104958649414016,-90.51893752197293,483.6424445448306
1296.586034557549,391.0985915660858,3.693942274314911,388.73555504102,2.3630365250658087,-91.88167298276312,482.98026454884894
1297.222034569131,394.6308948993683,4.05443137255352,388.45256170859625,6.178333190772037,-93.24440844355331,487.8753033429216
1297.8580345807127,389.0027115345001,4.027936772839734,388.1695683761726,0.8331431583275162,-94.60714390434305,483.60985543884317
1298.4940345922946,397.4825632572174,4.118901072686711,387.88657504374885,9.595988213468559,-95.96987936513324,493.45244262235065
1299.1300346038768,408.27885150909424,3.9896043971489568,387.6035817113251,20.675269797769147,-97.33261482592388,505.6114663350181
1299.7660346154587,402.83517384529114,4.011457948688271,387.32058837890133,15.514585466389804,-98.69535028671407,501.5305241320052
1300.4020346270406,397.45747208595276,3.8918300474681233,387.0375950464776,10.419877039475182,-100.05808574750426,497.515557833457
1301.0380346386223,402.91163182258606,3.8830498745074506,386.75460171405393,16.157030108532126,-101.420821208294,504.33245303088006
1301.6740346502042,416.2184431552887,3.935978980363799,386.4716083816303,29.746834773658406,-102.78355666908419,519.0019998243729
1302.3100346617864,405.0014171600342,3.842208674349503,386.1886150492064,18.81280211082776,-104.14629212987529,509.14770928990947
1302.9460346733683,390.10854864120483,3.9434878618425944,385.90562171678266,4.202926924422172,-105.50902759066548,495.6175762318703
1303.5820346849503,397.10092210769653,3.8839805299690355,385.622628384359,11.478293723337515,-106.87176305145567,503.9726851591522
1304.218034696532,385.8323166370392,3.8357533916816164,385.3396350519354,0.49268158510381,-108.23449851224541,494.0668151492846
1304.8540347081139,396.25473165512085,3.989719590125987,385.0566417195116,11.198089935609232,-109.5972339730356,505.85196562815645
1305.490034719696,400.00696635246277,4.039138301063127,384.77364838708786,15.233317965374908,-110.95996943382625,510.966935786289
1306.126034731278,412.98233008384705,4.094858530638031,384.4906550546641,28.491675029182943,-112.32270489461644,525.3050349784635
1306.76203474286,415.98892998695374,3.9341354940051905,384.20766172224035,31.78126826471339,-113.68544035540663,529.6743703423604
1307.3980347544416,389.2600224018097,3.9169012142752178,383.9246683898167,5.33535401199299,-115.04817581619636,504.30819821800605
1308.0340347660235,398.59221625328064,3.957787125468975,383.64167505739306,14.950541195887581,-116.41091127698655,515.0031275302672
1308.6700347776057,415.56134605407715,4.019759207749511,383.3586817249692,32.20266432910796,-117.7736467377772,533.3349927918543
1309.3060347891876,406.4892735481262,3.983984168878675,383.07568839254543,23.41358515558079,-119.13638219856739,525.6256557466936
1309.9420348007695,405.6345524787903,3.903631283445346,382.7926950601218,22.841857418668496,-120.49911765935758,526.1336701381479
1310.5780348123512,411.3736855983734,4.008260990125392,382.50970172769814,28.86398387067527,-121.86185312014732,533.2355387185207
1311.2140348239332,410.2653954029083,4.748951041682528,382.2267083952744,28.03868700763394,-123.2245885809375,533.4899839838458
1311.8500348355153,421.4547245502472,14.502816100177846,381.9437150628505,39.51100948739668,-124.58732404172815,546.0420485919753
1312.4860348470972,430.4042229652405,4.5516268537252556,381.66072173042687,48.74350123481361,-125.95005950251834,556.3542824677588
1313.1220348586792,440.9848141670227,4.055569933378687,381.3777283980031,59.60708576901959,-127.31279496330853,568.2976091303312
1313.7580348702609,431.7335820198059,4.218582851953704,381.09473506557947,50.63884695422644,-128.67553042409827,560.4091124439042
1314.3940348818428,416.5569922924042,5.3797466305531305,380.8117417331557,35.74525055924846,-130.03826588488846,546.5952581772926
1315.030034893425,409.43846011161804,4.260911761511027,380.52874840073196,28.909711710886086,-131.40100134567956,540.8394614572976
1315.6660349050069,429.8211283683777,5.445673077493542,380.2457550683082,49.57537330006949,-132.76373680646975,562.5848651748474
1316.3020349165888,424.1712589263916,4.28435769708987,379.96276173588444,44.20849719050716,-134.12647226725994,558.2977311936515
1316.9380349281705,402.5223264694214,4.170196235296812,379.6797684034609,22.842558065960475,-135.48920772804968,538.0115341974711
1317.5740349397524,408.67631697654724,4.289102433597513,379.39677507103715,29.279541905510087,-136.85194318883987,545.5282601653871
1318.2100349513346,424.2012050151825,4.264800692934263,379.1137817386133,45.08742327656921,-138.2146786496305,562.415883664813
1318.8460349629165,432.4491448402405,4.24208029848597,378.83078840618964,53.61835643405084,-139.5774141104207,572.0265589506612
1319.4820349744984,432.6891624927521,4.339717990613729,378.5477950737659,54.14136741898619,-140.9401495712109,573.629312063963
1320.1180349860801,423.0295808315277,4.351816241670148,378.26480174134224,44.76477909018547,-142.30288503200063,565.3324658635283
1320.754034997662,416.1740686893463,4.372827270143284,377.9818084089185,38.19226028042783,-143.66562049279082,559.8396891821371
1321.3900350092442,407.57194089889526,4.2040956592919425,377.6988150764947,29.87312582240054,-145.02835595358147,552.6002968524767
1322.0260350208262,416.04315769672394,4.551866653878,377.41582174407097,38.62733595265297,-146.39109141437166,562.4342491110956
1322.662035032408,454.38780426979065,4.351273608214925,377.1328284116472,77.25497585814344,-147.75382687516185,602.1416311449525
1323.2980350439898,464.92717838287354,4.32484153815602,376.8498350792237,88.07734330364985,-149.11656233595158,614.0437407188251
1323.9340350555717,429.90335988998413,4.2795678336676355,376.5668417467999,53.33651814318421,-150.47929779674178,580.3826576867259
1324.5700350671539,412.80559754371643,4.320763353215015,376.28384841437605,36.52174912934038,-151.84203325753242,564.6476308012489
1325.2060350787356,413.88128113746643,4.3719579789771075,376.0008550819524,37.88042605551402,-153.20476871832216,567.0860498557886
1325.8420350903177,417.4064486026764,4.355345992493245,375.71786174952865,41.68858685314774,-154.5675041791128,571.9739527817892
1326.4780351018994,426.9932506084442,4.507714378068424,375.434868417105,51.558382191339206,-155.93023963990254,582.9234902483468
1327.1140351134813,401.9506125450134,4.389116909626292,375.15187508468125,26.798737460332177,-157.29297510069318,559.2435876457066
1327.7500351250635,392.41272044181824,4.372163614045982,374.8688817522575,17.543838689560744,-158.65571056148383,551.0684310033021
1328.3860351366452,410.7035138607025,4.33724728994747,374.58588841983385,36.117625440868665,-160.01844602227357,570.7219598829761
1329.0220351482274,412.78748631477356,4.4349004178557045,374.30289508741,38.48459122736358,-161.3811814830642,574.1686677978378
1329.658035159809,395.29068517684937,4.288619130525405,374.01990175498634,21.27078342186303,-162.74391694385395,558.0346021207033
1330.294035171391,393.80862069129944,4.516193712842023,373.7369084225627,20.071712268736746,-164.10665240464414,557.9152730959436
1330.9300351829731,380.103972196579,4.827166632643547,373.4539150901388,6.650057106440158,-165.46938786543478,545.5733600620138
1331.5660351945548,381.13432574272156,4.896265545776558,373.1709217577152,7.96340398500638,-166.83212332622452,547.9664490689461
1332.202035206137,387.4997866153717,5.062137712464612,372.8879284252914,14.611858190080284,-168.19485878701516,555.6946454023869
1332.8380352177187,401.2302920818329,4.597206608570535,372.6049350928678,28.62535698896511,-169.5575942478049,570.7878863296378
1333.4740352293006,391.05648255348206,4.534391023029953,372.321941760444,18.734540793038036,-170.9203297085951,561.9768122620771
1334.1100352408828,392.79635310173035,4.388237068226534,372.03894842802026,20.757404673710084,-172.28306516938574,565.0794182711161
1334.7460352524645,388.4225044250488,4.474330469607014,371.7559550955966,16.66654932945221,-173.64580063017547,562.0683050552243
1335.3820352640466,387.62980937957764,4.773251552179789,371.47296176317275,16.15684761640489,-175.00853609096612,562.6383454705438
1336.0180352756283,390.8636317253113,4.723325519351979,371.1899684307491,19.673663294562175,-176.37127155175585,567.2349032770671
1336.6540352872103,407.91287875175476,4.80295280617827,370.90697509832546,37.0059036534293,-177.73400701254604,585.6468857643008
1337.2900352987924,398.312965631485,4.520117987361071,370.6239817659016,27.688983865583396,-179.0967424733367,577.4097081048217
1337.9260353103741,397.1109311580658,4.714490712238902,370.34098843347795,26.76994272458785,-180.45947793412643,577.5704090921922
1338.5620353219563,385.94878339767456,4.5322079985039485,370.0579951010542,15.890788296620372,-181.82221339491753,567.7709967925921
1339.198035333538,374.2316460609436,4.621098409711197,369.77500176863055,4.456644292313058,-183.18494885570726,557.4165949166509
1339.83403534512,396.858939409256,4.538656003341535,369.4920084362068,27.366930973049193,-184.54768431649745,581.4066237257534
1340.470035356702,391.52879548072815,5.443988946085915,369.2090151037829,22.319780376945232,-185.9104197772881,577.4392152580162
1341.1060353682838,391.10697078704834,4.6514205070393935,368.9260217713594,22.180949015688952,-187.27315523807783,578.3801260251262
1341.742035379866,402.08381938934326,4.712066369361799,368.6430284389355,33.440790950407745,-188.63589069886848,590.7197100882117
1342.3780353914476,391.73940896987915,4.727747211693427,368.3600351065119,23.379373863367277,-189.99862615965822,581.7380351295374
1343.0140354030295,380.33936381340027,7.004436768066061,368.0770417740881,12.262322039312153,-191.3613616204484,571.7007254338487
1343.6500354146115,380.0202111005783,8.877514317568805,367.7940484416645,12.226162658913836,-192.7240970812386,572.7443081818169
1344.2860354261934,425.13807487487793,11.330584105494127,367.5110551092407,57.627019765637215,-194.0868325420288,619.2249074169067
1344.9220354377755,423.45723056793213,4.812946673549591,367.22806177681684,56.229168791115285,-195.44956800281943,618.9067985707516
1345.5580354493572,383.1493299007416,4.425552177693981,366.9450684443933,16.204261456348263,-196.81230346360917,579.9616333643507
1346.1940354609392,380.706983089447,4.585524355492573,366.66207511196956,14.044907977477465,-198.17503892439936,578.8820220138464
1346.830035472521,401.26055574417114,4.512152683323122,366.3790817795458,34.88147396462534,-199.53777438518955,600.7983301293607
1347.466035484103,397.74564385414124,4.50565954430513,366.09608844712204,31.649555407019193,-200.90050984597974,598.646153700121
1348.1020354956852,413.56539154052734,4.828560260777827,365.8130951146983,47.75229642582906,-202.2632453067704,615.8286368472977
1348.7380355072669,395.6942923069,4.59811551153488,365.53010178227464,30.164190524625383,-203.62598076756012,599.3202730744601
1349.3740355188488,419.59615182876587,4.62907418895925,365.2471084498509,54.349043378914985,-204.9887162283503,624.5848680571162
1350.0100355304307,411.54314398765564,5.134804385576282,364.96411511742724,46.5790288702284,-206.3514516891405,617.8945956767961
1350.6460355420127,395.2282147407532,4.662780165550593,364.6811217850035,30.54709295574969,-207.71418714993115,602.9424018906843
1351.2820355535948,386.97235584259033,4.696702312431871,364.3981284525796,22.57422739001072,-209.0769226107218,596.0492784533121
1351.9180355651765,389.75559282302856,4.648443050247909,364.11513512015597,25.640457702872595,-210.43965807151153,600.1952508945401
1352.5540355767585,398.93437695503235,4.479339498757497,363.8321417877323,35.10223516730002,-211.80239353230172,610.7367704873341
1353.1900355883404,384.1663317680359,4.636901977735637,363.54914845530857,20.61718331272732,-213.1651289930919,597.3314607611278
1353.8260355999223,402.3750956058502,4.8434299597275015,363.2661551228848,39.10894048296541,-214.5278644538821,616.9029600597323
1354.4620356115045,412.35651755332947,4.602280897330518,362.98316179046105,49.373355762868414,-215.89059991467275,628.2471174680022
1355.0980356230862,413.619469165802,6.374042044029468,362.7001684580374,50.91930070776459,-217.25333537546248,630.8728045412645
1355.734035634668,404.4090476036072,5.018376343196254,362.41717512561365,41.991872477993525,-218.61607083625267,623.0251184398599
1356.37003564625,418.55975437164307,4.908726402929809,362.1341817931899,56.42557257845317,-219.97880629704287,638.5385606686859
1357.006035657832,404.2658414840698,4.691965239676737,361.85118846076625,42.41465302330357,-221.34154175783306,625.6073832419029
1357.642035669414,383.20541167259216,4.515112180354775,361.5681951283424,21.63721654424978,-222.7042772186237,605.9096888912159
1358.2780356809958,403.6936128139496,4.501788154611082,361.28520179591874,42.40841101803085,-224.06701267941344,627.760625493363
1358.9140356925777,390.240446805954,4.660443787192197,361.0022084634951,29.238238342458885,-225.42974814020363,615.6701949461576
1359.5500357041597,391.73981380462646,4.832895621289518,360.71921513107134,31.020598673555128,-226.79248360099382,618.5322974056203
1360.1860357157416,415.67843317985535,4.879018431657062,360.4362217986476,55.24221138120777,-228.155219061784,643.8336522416394
1360.8220357273237,409.46160793304443,4.603683162105796,360.1532284662238,49.30837946682061,-229.51795452257466,638.9795624556191
1361.4580357389054,392.80373907089233,4.825306075967259,359.8702351338002,32.933503937092155,-230.8806899833644,623.6844290542567
1362.0940357504874,391.8848805427551,4.628779813924555,359.5872418013764,32.297638741378705,-232.24342544415458,624.1283059869097
1362.7300357620693,388.047589302063,5.615829054010056,359.30424846895266,28.743340833110324,-233.60616090494523,621.6537502070082
1363.3660357736512,418.96802163124084,4.90926754213343,359.021255136529,59.946766494711824,-234.96889636573542,653.9369179969763
1364.0020357852334,399.1919162273407,4.546213638006258,358.73826180410515,40.45365442323555,-236.33163182652606,635.5235480538668
1364.638035796815,391.88649702072144,4.673568969114683,358.4552684716815,33.43122854903993,-237.6943672873158,629.5808643080372
1365.274035808397,387.3087697029114,4.569891928799886,358.17227513925786,29.136494563653514,-239.057102748106,626.3658724510174
1365.910035819979,402.9743413925171,4.566542458759623,357.8892818068341,45.085059585682984,-240.41983820889618,643.3941796014133
1366.5460358315609,390.5337471961975,4.5067093898838015,357.60628847441035,32.92745872178716,-241.78257366968637,632.3163208658839
1367.182035843143,406.5041902065277,4.818427327729196,357.3232951419865,49.18089506454123,-243.14530913047702,649.6494993370047
1367.8180358547247,392.92220306396484,4.540497634682238,357.04030180956295,35.881901254401896,-244.50804459126675,637.4302476552316
1368.4540358663066,421.30709171295166,4.8956093970247085,356.7573084771392,64.54978323581247,-245.87078005205694,667.1778717650086
1369.0900358778886,406.7350525856018,4.664231792628791,356.47431514471543,50.26073744088637,-247.23351551284713,653.9685680984489
1369.7260358894705,414.4184820652008,5.238461263614244,356.1913218122918,58.227160252909016,-248.59625097363732,663.0147330388381
1370.3620359010526,416.23807525634766,4.610136295626715,355.9083284798679,60.32974677647974,-249.95898643442797,666.1970616907756
1370.9980359126344,392.5664258003235,4.869465141981443,355.6253351474443,36.94109065287921,-251.3217218952177,643.8881476955412
1371.6340359242163,403.5615599155426,4.4653569759474845,355.3423418150205,48.219218100522085,-252.6844573560079,656.2460172715505
1372.2700359357982,405.810209274292,4.548840423691273,355.0593484825969,50.75086079169512,-254.0471928167981,659.8574020910901
1372.9060359473801,418.8275625705719,4.497250593659913,354.7763551501731,64.05120742039878,-255.40992827758828,674.2374908481602
1373.5420359589623,443.646035194397,4.540792425317046,354.49336181774925,89.15267337664773,-256.7726637383794,700.4186989327764
1374.178035970544,478.2523823976517,4.717144819058905,354.2103684853257,124.04201391232596,-258.1353991991691,736.3877815968208
1374.814035982126,462.5821740627289,4.6518328468299375,353.92737515290196,108.65479890982692,-259.4981346599593,722.0803087226882
1375.4500359937078,440.5692756175995,4.565916198247778,353.6443818204782,86.92489379712129,-260.8608701207495,701.430145738349
1376.0860360052898,421.23360991477966,4.637316100705339,353.36138848805444,67.87222142672522,-262.2236055815397,683.4572154963193
1376.722036016872,421.46813690662384,4.846791880212168,353.0783951556307,68.38974175099315,-263.58634104233033,685.0544779489542
1377.3580360284536,429.2969653606415,4.626164198551524,352.79540182320704,76.50156353743444,-264.94907650312007,694.2460418637615
1377.9940360400356,436.67791843414307,4.572813434347385,352.5124084907833,84.16550994335978,-266.31181196391026,702.9897303980533
1378.6300360516175,416.36253023147583,4.637614654564388,352.22941515835964,64.13311507311619,-267.67454742470045,684.0370776561763
1379.2660360631994,411.26374912261963,4.79014481342382,351.9464218259359,59.31732729668374,-269.03728288549064,680.3010320081103
1379.9020360747816,421.60823798179626,4.776956450889974,351.663428493512,69.94480948828425,-270.4000183462813,692.0082563280776
1380.5380360863633,407.9530243873596,4.556242272502931,351.38043516108837,56.57258922627125,-271.762753807071,679.7157781944306
1381.1740360979452,420.0221817493439,4.959320856054818,351.0974418286647,68.92473992067914,-273.1254892678612,693.1476710172051
1381.8100361095271,430.2591037750244,4.779675317408581,350.81444849624097,79.44465527878344,-274.4882247286514,704.7473285036758
1382.446036121109,437.0715181827545,4.721697181900922,350.5314551638172,86.5400630189373,-275.8509601894416,712.9224783721961
1383.0820361326912,450.8867259025574,5.308342428585532,350.24846183139346,100.63826407116392,-277.21369565023224,728.1004215527896
1383.718036144273,446.7678339481354,4.825458812837067,349.9654684989698,96.80236544916556,-278.576431111022,725.3442650591574
1384.3540361558548,452.1679174900055,4.888568661096475,349.68247516654606,102.48544232345944,-279.93916657181217,732.1070840618177
1384.9900361674368,405.7202036380768,4.586461697784723,349.3994818341223,56.320721803954484,-281.30190203260236,687.0221056706791
1385.6260361790187,388.30198407173157,4.511074866400719,349.11648850169865,39.18549557003291,-282.66463749339255,670.9666215651241
1386.2620361906008,419.3042105436325,5.381440941233071,348.8334951692748,70.47071537435772,-284.02737295418365,703.3315834978162
1386.8980362021825,427.14003014564514,4.769047589583545,348.55050183685114,78.589528308794,-285.3901084149734,712.5301385606185
1387.5340362137645,404.4382379055023,4.63923098773278,348.2675085044275,56.17072940107482,-286.7528438757636,691.1910817812659
1388.1700362253464,397.15399169921875,4.566084426576787,347.98451517200374,49.16947652721501,-288.11557933655376,685.2695710357725
1388.8060362369283,412.3283438682556,4.551805256361386,347.70152183958,64.62682202867563,-289.47831479734396,701.8066586655996
1389.4420362485105,412.20475816726685,5.176405680089262,347.4185285071562,64.78622966011062,-290.8410502581346,703.0458084254014
1390.0780362600922,411.8426592350006,4.4519757957095605,347.1355351747326,64.70712406026803,-292.20378571892434,704.046444953925
1390.714036271674,409.08090925216675,4.747053491176595,346.8525418423088,62.228367409857924,-293.5665211797145,702.6474304318813
1391.350036283256,399.7074086666107,4.607272806510409,346.56954850988507,53.13786015672565,-294.9292566405047,694.6366653071154
1391.986036294838,404.54741764068604,4.623724596165421,346.2865551774614,58.26086246322461,-296.2919921012949,700.839409741981
1392.6220363064201,417.9989502429962,4.4954111356896815,346.00356184503755,71.99538839795866,-297.65472756208555,715.6536778050818
1393.2580363180018,405.70667791366577,4.491795434008972,345.7205685126139,59.98610940105186,-299.0174630228753,704.7241409365411
1393.8940363295837,399.098548412323,4.637815836864013,345.43757518019015,53.66097323213285,-300.3801984836655,699.4787468959885
1394.5300363411657,401.348317861557,4.560725872988747,345.1545818477665,56.1937360137905,-301.7429339444557,703.0912518060127
1395.1660363527476,419.82347679138184,4.494699252045125,344.87158851534275,74.95188827603909,-303.10566940524586,722.9291461966277
1395.8020363643298,399.76519870758057,4.518509408512048,344.5885951829189,55.17660352466169,-304.4684048660365,704.2336035736171
1396.4380363759115,399.4495723247528,4.783915239891137,344.30560185049535,55.14397047425746,-305.83114032682624,705.280712651579
1397.0740363874934,409.0476267337799,4.614555231015672,344.0226085180716,65.02501821570831,-307.19387578761643,716.2415025213963
1397.7100363990753,426.6757230758667,4.787738070160892,343.73961518564784,82.93610789021886,-308.5566112484071,735.2323343242738
1398.3460364106572,399.43100476264954,4.669937376566225,343.4566218532241,55.97438290942546,-309.91934670919727,709.3503514718468
1398.9820364222394,399.390762090683,4.702316093573597,343.1736285208003,56.21713356988266,-311.2820821699879,710.6728442606709
1399.618036433821,411.9671833515167,4.662117606962863,342.8906351883767,69.07654816314005,-312.64481763077765,724.6120009822944
1400.254036445403,444.3401494026184,4.7509294003211675,342.6076418559529,101.73250754666549,-314.00755309156784,758.3477024941863
1400.890036456985,435.35867404937744,4.658943378341682,342.3246485235293,93.03402552584816,-315.37028855235803,750.7289626017355
1401.5260364685669,421.21739506721497,4.665813486734567,342.0416551911055,79.17573987610945,-316.7330240131482,737.9504190803632
1402.162036480149,419.10181045532227,5.037787930118581,341.75866185868165,77.34314859664062,-318.09575947393887,737.1975699292611
1402.7980364917307,417.22489762306213,4.856354889998546,341.475668526258,75.74922909680413,-319.4584949347286,736.6833925577907
1403.4340365033127,404.27625584602356,4.597429845610235,341.19267519383436,63.0835806521892,-320.8212303955188,725.0974862415424
1404.0700365148946,409.36938071250916,4.676281701759076,340.9096818614106,68.45969885109855,-322.183965856309,731.5533465688181
1404.7060365264765,434.88344407081604,4.655995335247315,340.62668852898685,94.2567555418292,-323.5467013170992,758.4301453879152
1405.3420365380587,432.16466665267944,4.518551552487869,340.3436951965631,91.82097145611635,-324.9094367778898,757.0741034305693
1405.9780365496404,426.6336588859558,4.592480081488918,340.06070186413945,86.57295702181636,-326.27217223867956,752.9058311246354
1406.6140365612223,420.58931136131287,4.519860061164719,339.7777085317157,80.81160282959718,-327.63490769946975,748.2242190607826
1407.2500365728042,406.62906885147095,4.608676626834486,339.49471519929205,67.1343536521789,-328.99764316025994,735.6267120117309
1407.8860365843861,422.4833309650421,4.655967523424871,339.2117218668683,83.27160909817383,-330.36037862105013,752.8437095860922
1408.5220365959683,422.79088377952576,4.576112385676892,338.9287285344444,83.86215524508134,-331.7231140818408,754.5139978613665
1409.15803660755,405.85270166397095,4.537699656136632,338.6457352020208,67.20696646195017,-333.0858495426305,738.9385512066015
1409.794036619132,413.81782245635986,4.745307653817999,338.36274186959713,75.45508058676273,-334.44858500342116,748.266407459781
1410.4300366307139,402.4146316051483,4.773848760484547,338.0797485371734,64.33488306797494,-335.81132046421135,738.2259520693597
1411.0660366422958,409.85328221321106,4.6714964774085885,337.7967552047496,72.05652700846144,-337.17405592500154,747.0273381382126
1411.7020366538777,446.17945289611816,4.709907593623788,337.513761872326,108.66569102379219,-338.53679138579173,784.7162442819099
1412.3380366654596,420.6818423271179,4.588748711546301,337.2307685399022,83.4510737872157,-339.8995268465819,760.5813691736998
1412.9740366770416,406.5738139152527,4.725571671110974,336.94777520747846,69.62603870777423,-341.2622623073721,747.8360762226248
1413.6100366886235,398.54309701919556,4.846153986654039,336.6647818750547,61.878315144140856,-342.6249977681623,741.1680947873579
1414.2460367002054,409.38521814346313,5.030133094024233,336.38178854263106,73.00342960083208,-343.9877332289525,753.3729513724156
1414.8820367117874,395.9476988315582,4.843260325361314,336.0987952102073,59.84890362135093,-345.3504686897427,741.2981675213009
1415.5180367233693,407.9200601577759,4.665263649344018,335.81580187778354,72.10425827999234,-346.7132041505329,754.6332643083088
1416.1540367349512,375.2813813686371,4.692011792149838,335.5328085453599,39.748572823277186,-348.07593961132307,723.3573209799601
1416.7900367465331,379.53899097442627,4.852521039977989,335.24981521293614,44.28917576149013,-349.43867507211326,728.9776660465395
1417.426036758115,400.3441390991211,4.772679211606082,334.9668218805124,65.37731721860871,-350.80141053290345,751.1455496320245
1418.062036769697,395.95517563819885,4.673156132946743,334.6838285480886,61.271347090110226,-352.16414599369364,748.1193216318925
1418.698036781279,415.11563062667847,4.578498628174542,334.400835215665,80.71479541101348,-353.5268814544838,768.6425120811623
1419.3340367928608,415.6175673007965,4.476327538006537,334.1178418832412,81.49972541755528,-354.889616915274,770.5071842160705
1419.9700368044428,438.6129038333893,4.572623214306508,333.83484855081747,104.77805528257181,-356.2523523760642,794.8652562094535
1420.6060368160247,450.8837571144104,4.694177529991925,333.5518552183938,117.33190189601657,-357.6150878368544,808.4988449512648
1421.2420368276066,432.68242168426514,4.747339339025692,333.26886188597007,99.41355979829507,-358.9778232976446,791.6602449819097
1421.8780368391886,423.4876434803009,4.896842716156342,332.9858685535463,90.50177492675459,-360.34055875843524,783.8282022387361
1422.5140368507705,437.0991744995117,4.837357271766001,332.70287522112255,104.39629927838917,-361.7032942192254,798.8024687187371
1423.1500368623524,435.49421429634094,4.821907082315709,332.4198818886989,103.07433240764203,-363.0660296800156,798.5602439763566
1423.7860368739343,427.80226945877075,4.840094204600981,332.13688855627515,95.6653809024956,-364.4287651408058,792.2310345995766
1424.4220368855163,410.65529203414917,4.935384655137801,331.8538952238514,78.80139681029777,-365.791500601596,776.4467926357452
1425.0580368970982,412.06703186035156,4.9395538678381605,331.57090189142775,80.49612996892381,-367.1542360623862,779.2212679227378
1425.6940369086801,403.48173999786377,4.993217608683769,331.287908559004,72.19383143885977,-368.5169715231764,771.9987115210401
1426.330036920262,425.62623023986816,4.775943198855903,331.00491522658024,94.62131501328793,-369.87970698396657,795.5059372238347
1426.966036931844,411.00502252578735,5.010274617533642,330.7219218941565,80.28310063163087,-371.24244244475676,782.2474649705441
1427.602036943426,407.1001238822937,4.959303594495243,330.43892856173284,76.66119532056086,-372.60517790554695,779.7053017878407
1428.2380369550078,410.8661861419678,4.791270881953642,330.1559352293091,80.7102509126587,-373.96791336633714,784.8340995083049
1428.8740369665898,420.26018714904785,4.902507035467031,329.8729418968853,90.38724525216253,-375.33064882712733,795.5908359761752
1429.5100369781717,434.8711779117584,5.022306750377321,329.5899485644617,105.28122934729674,-376.6933842879175,811.564562199676
1430.1460369897536,448.6574487686157,5.541655985481361,329.3069552320379,119.3504935365778,-378.0561197487077,826.7135685173234
1430.7820370013355,450.492463350296,5.687033140498357,329.02396189961416,121.46850145068186,-379.4188552094979,829.9113185597939
1431.4180370129175,440.39825916290283,5.60757458502486,328.7409685671904,111.65729059571242,-380.7815906702881,821.1798498331909
1432.0540370244994,430.473509311676,5.206651698151116,328.45797523476676,102.01553407690926,-382.1443261310783,812.6178354427543
1432.6900370360813,446.2398226261139,5.096562985028245,328.174981902343,118.06484072377089,-383.5070615918685,829.7468842179824
1433.3260370476632,434.38025760650635,5.043263136822044,327.89198856991925,106.4882690365871,-384.8697970526591,819.2500546591655
1433.9620370592452,436.2689845561981,4.90052713232667,327.6089952374956,108.65998931870251,-386.2325325134493,822.5015170696474
1434.598037070827,453.63137435913086,5.148382328315007,327.32600190507185,126.30537245405901,-387.5952679742395,841.2266423333704
1435.234037082409,449.9065260887146,5.046701445261969,327.0430085726481,122.86351751606651,-388.9580034350297,838.8645295237443
1435.870037093991,437.98693323135376,5.280342437200153,326.76001524022433,111.22691799112943,-390.3207388958199,828.3076721271736
1436.506037105573,419.0322527885437,5.160824488914117,326.4770219078007,92.55523088074301,-391.6834743566101,810.7157271451538
1437.1420371171548,433.66692781448364,5.145679356914574,326.19402857537693,107.47289923910671,-393.04620981740027,826.7131376318839
1437.7780371287367,425.7352087497711,5.023658850047519,325.9110352429532,99.82417350681794,-394.40894527819046,820.1441540279616
1438.4140371403187,439.04669284820557,5.362448288994939,325.62804191052953,113.41865093767603,-395.77168073898065,834.8183735871862
1439.0500371519006,423.18631863594055,5.103362195262016,325.3450485781058,97.84127005783478,-397.13441619977084,820.3207348357114
1439.6860371634825,444.7071952819824,5.141907973352995,325.062055245682,119.6451400363004,-398.49715166056103,843.2043469425435
1440.3220371750645,433.0014660358429,5.088127431146698,324.77906191325826,108.22240412258463,-399.8598871213512,832.8613531571941
1440.9580371866464,413.2264971733093,9.180514048145776,324.4960685808346,88.73042859247471,-401.2226225821414,814.4491197554507
1441.5940371982283,386.2782789468765,10.134415757868451,324.21307524841086,62.065203698465666,-402.5853580429316,788.8636369898081
1442.2300372098102,381.86454777419567,12.281150285165255,323.9300819159871,57.93446585820857,-403.9480935037218,785.8126412779175
1442.8660372213922,422.054008603096,7.985887950669036,323.64708858356346,98.40692001953255,-405.310828964512,827.364837567608
1443.502037232974,452.2402811050415,5.407937720082621,323.3640952511397,128.8761858539018,-406.6735644253022,858.9138455303437
1444.138037244556,443.3519184589386,5.689664904978595,323.08110191871594,120.27081654022265,-408.03629988609237,851.388218345031
1444.774037256138,433.9696180820465,5.786076642702499,322.7981085862922,111.17150949575432,-409.39903534688256,843.3686534289291
1445.4100372677199,420.654456615448,5.574991026916821,322.51511525386854,98.13934136157945,-410.7617708076732,831.4162274231212
1446.0460372793018,449.2432768344879,5.477919992686877,322.2321219214448,127.01115491304313,-412.1245062684634,861.3677831029513
1446.6820372908837,444.6902313232422,5.415503751529801,321.94912858902103,122.74110273422116,-413.4872417292536,858.1774730524958
1447.3180373024654,466.7431378364563,5.412577779265669,321.6661352565975,145.0770025798588,-414.8499771900433,881.5931150264996
1447.9540373140476,450.0837872028351,5.621640116792899,321.38314192417363,128.70064527866145,-416.21271265083396,866.296499853669
1448.5900373256295,455.4351496696472,5.715975184235928,321.10014859174987,134.33500107789735,-417.57544811162415,873.0105977812714
1449.2260373372114,473.6907649040222,5.77003102896092,320.8171552593261,152.8736096446961,-418.93818357241435,892.6289484764366
1449.8620373487934,440.04425978660583,5.8085633324903,320.53416192690247,119.51009785970336,-420.30091903320454,860.3451788198104
1450.498037360375,451.6299374103546,5.530954345083393,320.2511685944788,131.3787688158758,-421.6636544939943,873.2935919043489
1451.1340373719572,447.7593173980713,5.742522661228531,319.96817526205496,127.79114213601633,-423.0263899547849,870.7857073528562
1451.7700373835391,461.5824456214905,5.785348227076632,319.6851819296313,141.89726369185917,-424.3891254155751,885.9715710370656
1452.406037395121,454.7373275756836,5.585118873180201,319.40218859720756,135.33513897847604,-425.7518608763653,880.4891884520489
1453.042037406703,441.96430921554565,5.694425202309563,319.1191952647838,122.84511395076186,-427.1145963371555,869.0789055527011
1453.6780374182847,429.6550760269165,5.583933051884343,318.83620193236015,110.81887409455635,-428.4773317979452,858.1324078248617
1454.3140374298669,438.44344329833984,5.558557488081576,318.5532085999364,119.89023469840345,-429.84006725873587,868.2835105570757
1454.9500374414488,458.70581102371216,5.9604541614087365,318.27021526751264,140.43559575619952,-431.20280271952606,889.9086137432382
1455.5860374530307,431.8880572319031,7.425320991726317,317.9872219350889,113.9008352968142,-432.56553818031625,864.4535954122193
1456.2220374646126,433.3730173110962,5.694672145589632,317.70422860266524,115.66878870843095,-433.92827364110644,867.3012909522026
1456.8580374761943,445.1801438331604,5.711629364876618,317.4212352702416,127.7589085629188,-435.2910091018962,880.4711529350566
1457.4940374877765,436.7297320365906,5.542446846448083,317.1382419378177,119.59149009877285,-436.6537445626873,873.3834765992779
1458.1300374993584,430.41421127319336,5.746339325435706,316.8552486053941,113.55896266779928,-438.01648002347747,868.4306912966708
1458.7660375109404,418.24877738952637,5.758908881113962,316.5722552729703,101.67652211655604,-439.37921548426766,857.627992873794
1459.4020375225223,440.106778383255,6.029027115354574,316.28926194054657,123.81751644270844,-440.74195094505785,880.8487293283129
1460.038037534104,450.66347074508667,5.919833697571805,316.0062686081229,134.65720213696375,-442.1046864058476,892.7681571509343
1460.6740375456861,444.9886062145233,5.740685515289651,315.72327527569917,129.26533093882415,-443.46742186663823,888.4560280811615
1461.310037557268,449.8274164199829,6.013029383752452,315.4402819432754,134.3871344767075,-444.8301573274284,894.6575737474113
1461.94603756885,452.05404019355774,6.133730219690714,315.15728861085165,136.8967515827061,-446.1928927882186,898.2469329817764
1462.582037580432,441.1886615753174,6.068562055042807,314.874295278428,126.31436629688938,-447.5556282490088,888.7442898243262
1463.2180375920136,419.4812533855438,6.039366721983105,314.59130194600436,104.88995143953946,-448.91836370979854,868.3996170953424
1463.8540376035958,435.2232246994972,5.977936962874876,314.3083086135805,120.91491608591673,-450.2810991705892,885.5043238700864
1464.4900376151777,424.6905207633972,5.85871531452143,314.02531528115674,110.66520548224048,-451.6438346313794,876.3343553947766
1465.1260376267596,430.30010628700256,6.491908468257346,313.7423219487331,116.55778433826947,-453.00657009216957,883.3066763791721
1465.7620376383416,418.15933442115784,5.800596253881373,313.45932861630934,104.7000058048485,-454.36930555295976,872.5286399741176
1466.3980376499233,444.05173206329346,6.142909328115232,313.1763352838857,130.87539677940777,-455.7320410137495,899.783773077043
1467.0340376615054,420.5348610281944,6.076299097019348,312.89334195146193,107.6415190767325,-457.09477647454014,877.6296375027346
1467.6700376730873,417.4859342575073,6.170882707282314,312.6103486190382,104.87558563846915,-458.45751193533033,875.9434461928377
1468.3060376846693,398.49104857444763,6.024083630205125,312.3273552866144,86.16369328783321,-459.8202473961205,858.3112959705682
1468.9420376962512,439.9606728553772,6.003676417089392,312.04436195419066,127.91631090118653,-461.18298285691117,901.1436557122884
1469.578037707833,447.4272508621216,6.164568523027707,311.76136862176713,135.66588224035445,-462.5457183177009,909.9729691798225
1470.214037719415,422.79807138442993,6.193138634846202,311.47837528934326,111.31969609508667,-463.90845377849155,886.7065251629215
1470.850037730997,437.1238625049591,6.1485405469501,311.1953819569195,125.9284805480396,-465.27118923928174,902.3950517442408
1471.486037742579,440.886598110199,6.132046443877201,310.91238862449586,129.9742094857031,-466.63392470007193,907.5205228102709
1472.1220377541608,439.97677779197693,6.239686319111907,310.6293952920721,129.34738249990482,-467.9966601608621,907.973437952839
1472.7580377657425,445.99261713027954,6.090604349279222,310.34640195964846,135.64621517063108,-469.35939562165186,915.3520127519314
1473.3940377773247,444.26749873161316,6.050067215801561,310.0634086272246,134.20409010438857,-470.7221310824425,914.9896298140557
1474.0300377889066,460.24616527557373,6.298595684619842,309.78041529480095,150.46574998077278,-472.0848665432327,932.3310318188064
1474.6660378004885,462.2266330718994,6.0721386802113315,309.4974219623772,152.72921110952223,-473.4476020040229,935.6742350759223
1475.3020378120705,474.38133096694946,6.6509885333439,309.21442862995343,165.16690233699603,-474.8103374648131,949.1916684317625
1475.9380378236522,453.7917399406433,6.311505161261246,308.9314352975298,144.86030464311352,-476.1730729256028,929.9648128662461
1476.5740378352343,462.4216320514679,6.2177340778027075,308.64844196510603,153.77319008636186,-477.53580838639346,939.9574404378614
1477.2100378468162,446.6952283382416,6.578162079484517,308.3654486326823,138.3297797055593,-478.89854384718365,925.5937721854252
1477.8460378583982,427.36112213134766,6.385789077026625,308.0824553002585,119.27866683108914,-480.26127930797384,907.6224014393215
1478.48203786998,444.4012405872345,6.664909409109563,307.7994619678349,136.60177861939962,-481.624014768764,926.0252553559985
1479.1180378815618,432.61461329460144,6.473131642174293,307.51646863541123,125.09814465919021,-482.98675022955376,915.6013635241552
1479.754037893144,432.82316493988037,6.079473224751764,307.23347530298736,125.58968963689301,-484.3494856903444,917.1726506302248
1480.390037904726,445.6500070095062,5.945009124122025,306.9504819705637,138.6995250389425,-485.7122211511346,931.3622281606408
1481.0260379163078,450.2590093612671,6.5186575026987645,306.66748863813996,143.59152072312713,-487.07495661192524,937.3339659731923
1481.6620379278897,439.83337211608887,6.26887393912307,306.3844953057162,133.44887681037267,-488.43769207271544,928.2710641888043
1482.2980379394714,436.3800756931305,6.151670669861939,306.10150197329256,130.27857371983794,-489.8004275335052,926.1805032266357
1482.9340379510536,438.7240993976593,6.079195504777915,305.8185086408688,132.9055907567905,-491.1631629942958,929.8872623919551
1483.5700379626355,442.5618703365326,5.93790559749324,305.53551530844504,137.02635502808755,-492.525898455086,935.0877687916186
1484.2060379742175,400.8110508918762,6.117774020300355,305.2525219760213,95.55852891585494,-493.8886339158762,894.6996848077524
1484.8420379857994,437.36792397499084,6.095903180010275,304.96952864359764,132.3983953313932,-495.2513693766664,932.6192933516572
1485.478037997381,433.00040543079376,6.63974210058657,304.686535311174,128.31387011961976,-496.6141048374561,929.6145102682499
1486.1140380089632,443.3362798690796,5.868933148720514,304.4035419787501,138.93273789032946,-497.97684029824677,941.3131201673264
1486.7500380205452,437.19811391830444,5.854728950933711,304.12054864632637,133.07756527197807,-499.33957575903696,936.5376896773414
1487.386038032127,445.7056498527527,6.062650896722564,303.8375553139027,141.86809453884996,-500.70231121982715,946.4079610725798
1488.022038043709,444.0076153278351,6.094275056689561,303.55456198147897,140.4530533463561,-502.06504668061734,946.0726620084524
1488.6580380552907,430.1786050796509,5.851791386893181,303.2715686490553,126.90703643059555,-503.4277821414071,933.606387221058
1489.2940380668729,441.426144361496,6.051234819561785,302.98857531663157,138.4375690448644,-504.7905176021977,946.2166619636937
1489.9300380784548,444.82119393348694,5.931339124611276,302.7055819842078,142.11561194927913,-506.1532530629879,950.9744469964749
1490.5660380900367,434.4653334617615,5.808346505498461,302.42258865178405,132.04274480997742,-507.5159885237781,941.9813219855396
1491.2020381016187,425.024893283844,5.92685555810841,302.1395953193603,122.8852979644837,-508.8787239845683,933.9036172684123
1491.8380381132004,437.89715671539307,5.893113798350185,301.85660198693677,136.0405547284563,-510.24145944535803,948.1386161607511
1492.4740381247825,451.09990978240967,5.705116658941601,301.5736086545129,149.52630112789677,-511.60419490614913,962.7041046885588
1493.1100381363644,421.2587732076645,5.783151729055045,301.29061532208914,119.96815788557535,-512.9669303669393,934.2257035746038
1493.7460381479464,428.2294566631317,5.890091825495062,301.0076219896655,127.22183467346622,-514.3296658277295,942.5591224908612
1494.3820381595283,445.7115960121155,5.677464856026368,300.72462865724174,144.98696735487374,-515.6924012885197,961.4039973006352
1495.01803817111,488.426509141922,5.661803892410334,300.4416353248181,187.9848738171039,-517.0551367493094,1005.4816458912314
1495.6540381826921,487.4391827583313,6.026202861344776,300.1586419923942,187.28054076593708,-518.4178722101001,1005.8570549684314
1496.290038194274,453.2056612968445,5.8878903796199165,299.8756486599706,153.3300126368739,-519.7806076708903,972.9862689677348
1496.926038205856,456.7780759334564,5.9447352132103495,299.5926553275468,157.1854206059096,-521.1433431316805,977.9214190651369
1497.562038217438,452.40854811668396,6.005487981706324,299.30966199512307,153.0988861215609,-522.5060785924707,974.9146267091546
1498.1980382290196,476.18970918655396,5.744974467738292,299.02666866269954,177.16304052385442,-523.8688140532604,1000.0585232398143
1498.8340382406018,462.9628391265869,5.994617764837533,298.74367533027566,164.21916379631125,-525.231549514051,988.194388640638
1499.4700382521837,468.5403769016266,5.775767179812755,298.4606819978519,170.07969490377468,-526.5942849748412,995.1346618764678
1500.1060382637656,453.9694209098816,5.843363591597399,298.17768866542826,155.79173224445333,-527.9570204356314,981.926441345513
1500.7420382753476,463.70300006866455,5.805105462923464,297.8946953330045,165.80830473566004,-529.3197558964216,993.0227559650862
1501.3780382869293,443.4873049259186,6.858413570368793,297.61170200058086,145.87560292533772,-530.6824913572113,974.1697962831299
1502.0140382985114,484.9217393398285,5.706821898478646,297.328708668157,187.5930306716715,-532.045226818002,1016.9669661578305
1502.6500383100934,467.8198091983795,5.681864437716589,297.04571533573335,170.77409386264617,-533.4079622787922,1001.2277714771717
1503.2860383216753,460.86065673828125,6.017834649864302,296.7627220033096,164.09793473497166,-534.7706977395824,995.6313544778636
1503.9220383332572,491.3896141052246,5.883572275716411,296.47972867088583,194.90988543433878,-536.1334332003726,1027.5230473055972
1504.558038344839,434.47114729881287,6.055002678262296,296.1967353384622,138.27441196035068,-537.4961686611623,971.9673159599752
1505.194038356421,412.0049088001251,5.672447493721717,295.91374200603843,116.09116679408669,-538.8589041219534,950.8638129220785
1505.830038368003,454.4921615123749,10.729554928341527,295.6307486736147,158.8614128387602,-540.2216395827436,994.7138010951185
1506.466038379585,428.77560925483704,6.0965779844545125,295.3477553411909,133.42785391364612,-541.5843750435338,970.3599842983708
1507.1020383911668,433.7981448173523,5.66835951095974,295.0647620087673,138.73338280858502,-542.947110504324,976.7452553216763
1507.7380384027485,457.77629923820496,5.733506832280168,294.78176867634363,162.99453056186132,-544.3098459651137,1002.0861452033187
1508.3740384143307,465.89703392982483,5.863481244094786,294.49877534391976,171.39825858590507,-545.6725814259044,1011.5696153557292
1509.0100384259126,419.96151995658875,5.65426728953366,294.2157820114961,125.74573794509263,-547.0353168866945,966.9968368432833
1509.6460384374946,400.7129325866699,5.787561542334875,293.93278867907236,106.78014390759756,-548.3980523474847,949.1109849341547
1510.2820384490765,439.151469707489,5.805075690531628,293.6497953466486,145.5016743608404,-549.7607878082749,988.9122575157639
1510.9180384606582,437.8721926808357,5.841688750706723,293.36680201422496,144.50539066661077,-551.1235232690647,988.9957159499004
1511.5540384722403,439.8766522407532,5.786749553044187,293.0838086818012,146.79284355895197,-552.4862587298553,992.3629109706085
1512.1900384838223,478.8244490623474,5.874393831099813,292.80081534937744,186.02363371296997,-553.8489941906455,1032.673443252993
1512.8260384954042,454.44294333457947,5.610489812620041,292.5178220169537,161.92512131762578,-555.2117296514357,1009.6546729860152
1513.4620385069861,433.3150210380554,5.912873512621222,292.23482868453004,141.08019235352538,-556.5744651122259,989.8894861502813
1514.0980385185678,434.2035801410675,5.961609792051952,291.9518353521064,142.2517447889611,-557.9372005730156,992.1407807140831
1514.73403853015,440.4530601501465,5.950609386256641,291.66884201968253,148.78421813046396,-559.2999360338063,999.7529961839527
1515.370038541732,410.6763644218445,5.603251170506796,291.3858486872588,119.29051573458571,-560.6626714945965,971.3390359164409
1516.0060385533138,444.23778462409973,5.618986731773423,291.1028553548351,153.1349292692646,-562.0254069553871,1006.2631915794868
1516.6420385648958,430.1727788448334,5.670989966130668,290.81986202241137,139.352916822422,-563.3881424161773,993.5609212610107
1517.2780385764775,420.7317838668823,5.845686445665851,290.5368686899877,130.1949151768946,-564.750877876967,985.4826617438493
1517.9140385880596,431.8577356338501,5.575852661769424,290.25387535756397,141.60386027628613,-566.1136133377577,997.9713489716078
1518.5500385996415,427.6349537372589,5.59509249487767,289.9708820251402,137.6640717121187,-567.4763487985479,995.1113025358068
1519.1860386112235,413.97825813293457,5.693810413268822,289.68788869271646,124.29036944021811,-568.839084259338,982.8173423922726
1519.8220386228054,420.64224672317505,5.75794235601815,289.4048953602927,131.23735136288235,-570.2018197201282,990.8440664433033
1520.458038634387,433.15709352493286,5.855765302441919,289.12190202786917,144.0351914970637,-571.564555180918,1004.7216487058508
1521.0940386459692,423.03783106803894,6.026434750331184,288.8389086954453,134.19892237259364,-572.9272906417086,995.9651217097476
1521.7300386575512,429.5159168243408,5.794845197795927,288.55591536302154,140.96000146131928,-574.2900261024988,1003.8059429268396
1522.366038669133,446.3571834564209,5.873682665726572,288.2729220305979,158.084261425823,-575.652761563289,1022.0099450197099
1523.002038680715,444.9562647342682,7.01937173872407,287.98992869817414,156.96633603609405,-577.0154970240792,1021.9717617583474
1523.6380386922967,432.98720693588257,5.968230901929261,287.7069353657505,145.28027157013207,-578.3782324848689,1011.3654394207515
1524.274038703879,459.83517122268677,5.776166615038057,287.4239420333266,172.41122918936014,-579.7409679456596,1039.5761391683463
1524.9100387154608,493.0534110069275,6.269193918457699,287.140948700903,205.9124623060245,-581.1037034064498,1074.1571144133773
1525.5460387270427,466.2287850379944,6.224612809313442,286.8579553684792,179.37082966951516,-582.46643886724,1048.6952239052343
1526.1820387386247,448.3540894985199,5.7129628127004715,286.57496203605547,161.77912746246443,-583.8291743280301,1032.18326382655
1526.8180387502064,438.9491114616394,5.747541044443551,286.2919687036318,152.65714275800758,-585.1919097888199,1024.1410212504593
1527.4540387617885,446.8849720954895,5.841773467109285,286.00897537120807,160.87599672428144,-586.5546452496105,1033.4396173451
1528.0900387733705,437.8534960746765,5.933168588370293,285.7259820387843,152.1275140358922,-587.9173807104012,1025.7708767850777
1528.7260387849524,445.25865030288696,6.016804661158557,285.44298870636055,159.8156615965264,-589.2801161711914,1034.5387664740783
1529.3620387965343,440.79015827178955,6.225185842363158,285.1599953739369,155.63016289785264,-590.6428516319816,1031.433009903771
1529.998038808116,447.96526408195496,6.003433895116946,284.87700204151326,163.0882620404417,-592.0055870927713,1039.9708511747262
1530.6340388196982,450.94483518600464,8.145157657401352,284.5940087090894,166.35082647691524,-593.3683225535619,1044.3131577395666
1531.27003883128,421.9508683681488,9.160759601462027,284.31101537666575,137.63985299148305,-594.7310580143521,1016.6819263825009
1531.906038842862,415.88261283934116,10.273353238059505,284.028022044242,131.85459079509917,-596.0937934751423,1011.9764063144835
1532.5420388544437,412.35358452796936,11.433435187270282,283.74502871181835,128.608555816151,-597.456528935932,1009.8101134639014
1533.1780388660256,421.60346937179565,11.81305066357074,283.4620353793946,138.14143399240106,-598.8192643967222,1020.4227337685179
1533.8140388776078,430.1370568573475,12.455707456648746,283.17904204697084,146.95801481037665,-600.1819998575129,1030.3190567148604
1534.4500388891897,421.671395778656,12.769698492413909,282.8960487145471,138.77534706410893,-601.5447353183031,1023.2161310969591
1535.0860389007717,401.17417550086975,8.120510967730722,282.6130553821233,118.56112011874643,-602.9074707790933,1004.081646279963
1535.7220389123534,444.6495430469513,5.653266009302245,282.3300620496998,162.3194809972515,-604.270206239883,1048.9197492868343
1536.3580389239353,453.2443047761917,5.846463002247028,282.04706871727603,171.19723605891568,-605.6329417006732,1058.877246476865
1536.9940389355174,452.2923517227173,5.889835806677112,281.76407538485216,170.52827633786512,-606.9956771614638,1059.2880288841811
1537.6300389470994,442.75436305999756,6.155258626440067,281.4810820524284,161.27328100756915,-608.358412622254,1051.1127756822516
1538.2660389586813,454.899286031723,9.174149338970043,281.19808872000476,173.70119731171826,-609.7211480830442,1064.6204341147672
1538.902038970263,438.11700224876404,6.155521205603352,280.9150953875811,157.20190686118292,-611.083883543834,1049.200885792598
1539.538038981845,459.3914489746094,6.014415992829602,280.63210205515736,178.759346919452,-612.4466190046242,1071.8380679792335
1540.174038993427,465.7322120666504,5.939249509861053,280.3491087227336,185.3831033439168,-613.8093544654153,1079.5415665320656
1540.810039005009,454.75047874450684,6.144012310168781,280.06611539030985,174.684363354197,-615.1720899262054,1069.9225686707123
1541.446039016591,447.84206771850586,5.94478334987805,279.7831220578861,168.05894566061977,-616.5348253869956,1064.3768931055015
1542.0820390281726,456.3068058490753,5.971178301752194,279.50012872546245,176.80667712361287,-617.8975608477854,1074.2043666968607
1542.7180390397546,467.9336700439453,6.212859072861495,279.2171353930388,188.7165346509065,-619.2602963085756,1087.1939663525209
1543.3540390513367,444.14693427085876,6.130026370393913,278.93414206061493,165.21279221024383,-620.6230317693662,1064.769966040225
1543.9900390629186,446.13577246665955,6.00611472879437,278.6511487281912,167.48462373846837,-621.9857672301564,1068.121539696816
1544.6260390745006,464.9278769493103,6.263565953160378,278.36815539576753,186.55972155354277,-623.3485026909466,1088.276379640257
1545.2620390860823,472.68646216392517,6.016641884394597,278.0851620633439,194.60130010058128,-624.7112381517363,1097.3977003156615
1545.8980390976642,461.78944301605225,6.020656967607545,277.80216873092013,183.98727428513212,-626.0739736125265,1087.8634166285788
1546.5340391092464,493.02108907699585,6.319941185199866,277.5191753984964,215.50191367849948,-627.4367090733172,1120.457798150313
1547.1700391208283,502.6589059829712,6.459963218203021,277.2361820660726,225.42272391689858,-628.7994445341074,1131.4583505170785
1547.8060391324102,463.40608310699463,6.165822745766793,276.95318873364886,186.45289437334577,-630.1621799948975,1093.5682631018922
1548.442039143992,451.4527771472931,6.208244811709877,276.6701954012252,174.78258174606788,-631.5249154556873,1082.9776926029804
1549.0780391555738,458.83199095726013,6.223369624659082,276.38720206880157,182.44478888845856,-632.8876509164775,1091.7196418737376
1549.714039167156,458.24933552742004,6.402036889819442,276.1042087363777,182.14512679104234,-634.2503863772681,1092.4997219046882
1550.350039178738,466.4892988204956,6.200237228304271,275.82121540395394,190.66808341654166,-635.6131218380583,1102.102420658554
1550.9860391903198,491.19535279273987,6.425806915079072,275.5382220715303,215.65713072120957,-636.9758572988485,1128.1712100915884
1551.6220392019015,447.31428360939026,6.665178987451541,275.25522873910666,172.0590548702836,-638.3385927596382,1085.6528763690285
1552.2580392134835,461.7787444591522,6.370541781035291,274.9722354066829,186.80650905246932,-639.7013282204289,1101.480072679581
1552.8940392250656,472.47787737846375,6.072630264991967,274.689242074259,197.78863530420472,-641.0640636812195,1113.5419410596833
1553.5300392366476,463.21407413482666,6.136109472858069,274.4062487418354,188.80782539299128,-642.4267991420097,1105.6408732768364
1554.1660392482295,488.7256553173065,6.507167441425219,274.1232554094116,214.6023999078949,-643.7895346027999,1132.5151899201064
1554.8020392598112,492.67113733291626,6.277011383253338,273.840262076988,218.83087525592828,-645.1522700635896,1137.823407396506
1555.438039271393,479.6796844005585,6.562127204412019,273.5572687445642,206.12241565599425,-646.5150055243798,1126.1946899249383
1556.0740392829753,488.64505684375763,6.458247335818033,273.27427541214047,215.37078143161716,-647.8777409851705,1136.522797828928
1556.7100392945572,462.1770021915436,7.423682966369983,272.9912820797167,189.18572011182687,-649.2404764459607,1111.4174786375042
1557.3460393061391,411.6712044477463,6.801158146945761,272.70828874729295,138.96291570045332,-650.6032119067509,1062.2744163544971
1557.9820393177208,451.4095461368561,6.5215405562971105,272.4252954148694,178.98425072198665,-651.9659473675406,1103.3754935043967
1558.6180393293027,502.2250499725342,6.482663338632067,272.14230208244567,230.0827478900885,-653.3286828283308,1155.553732800865
1559.254039340885,481.4585746526718,6.577249781965094,271.8593087500218,209.59926590265002,-654.6914182891214,1136.1499929417932
1559.8900393524668,433.114937543869,6.8320341171313785,271.57631541759815,161.53862212627087,-656.0541537499116,1089.1690912937806
1560.5260393640488,429.22315287590027,6.486321618765169,271.2933220851744,157.92983079072587,-657.4168892107018,1086.640042086602
1561.1620393756305,438.6770145893097,6.3606746616848495,271.01032875275075,167.66668583655894,-658.7796246714915,1097.4566392608012
1561.7980393872124,451.5740923881531,6.477962523296435,270.727335420327,180.84675696782608,-660.1423601322817,1111.7164525204348
1562.4340393987945,467.6484775543213,6.721526713547159,270.44434208790324,197.20413546641805,-661.5050955930724,1129.1535731473937
1563.0700394103765,508.68085527420044,6.66511655735765,270.1613487554795,238.51950651872096,-662.8678310538626,1171.548686328063
1563.7060394219584,490.58001232147217,7.826064937715179,269.8783554230557,220.70165689841645,-664.2305665146532,1154.8105788361254
1564.34203943354,493.108017206192,6.810993782332356,269.5953620906321,223.51265511555994,-665.593301975443,1158.701319181635
1564.978039445122,487.0862708091736,6.764972054024041,269.31236875820844,217.77390205096515,-666.9560374362331,1154.0423082454067
1565.6140394567042,499.7170258760452,6.695246525199079,269.02937542578456,230.68765045026066,-668.3187728970238,1168.035798773069
1566.250039468286,499.40429043769836,6.61227712427712,268.7463820933608,230.65790834433756,-669.681508357814,1169.0857987955123
1566.886039479868,464.4297184944153,6.691791193914552,268.46338876093716,195.96632973347812,-671.0442438186042,1135.4739623130195
1567.5220394914497,473.0825672149658,6.8093546462537144,268.1803954285135,204.9021717864523,-672.4069792793939,1145.4895464943597
1568.1580395030317,485.80907249450684,6.783539177833875,267.89740209608976,217.91167039841707,-673.7697147401841,1159.578787234691
1568.7940395146138,491.4409291744232,6.875086579267317,267.614408763666,223.8265204107572,-675.1324502009747,1166.573379375398
1569.4300395261955,488.52540040016174,8.855250766168432,267.33141543124236,221.19398496891938,-676.4951856617645,1165.0205860619262
1570.0660395377777,517.2172079086304,7.1211633678116275,267.0484220988185,250.16878580981188,-677.8579211225551,1195.0751290311855
1570.7020395493594,497.22705364227295,7.127112619460421,266.76542876639485,230.4616248758781,-679.2206565833449,1176.4477102256178
1571.3380395609413,476.2714612483978,7.479806369410211,266.4824354339712,209.78902581442662,-680.583392044135,1156.8548532925329
1571.9740395725235,479.28010761737823,7.30318996520496,266.19944210154733,213.0806655158309,-681.9461275049257,1161.226235122304
1572.6100395841052,514.9915790557861,7.1247392659105175,265.9164487691237,249.07513028666244,-683.3088629657154,1198.3004420215016
1573.2460395956873,537.2971413135529,7.373724232948717,265.63345543669993,271.6636858768529,-684.6715984265061,1221.968739740059
1573.882039607269,498.5090072154999,7.166694228776754,265.3504621042763,233.1585451112236,-686.0343338872958,1184.5433411027957
1574.518039618851,488.16726994514465,7.157972318214503,265.06746877185253,223.09980117329212,-687.397069348086,1175.5643392932307
1575.154039630433,500.28396558761597,7.164823327169947,264.78447543942866,235.4994901481873,-688.7598048088771,1189.043770396493
1575.7900396420148,498.872962474823,7.195971218075852,264.50148210700513,234.37148036781787,-690.1225402696664,1188.9955027444894
1576.426039653597,492.9082260131836,7.118747920270527,264.21848877458126,228.68973723860233,-691.4852757304575,1184.393501743641
1577.0620396651786,480.101952791214,7.211164646757766,263.9354954421576,216.16645734905637,-692.8480111912472,1172.9499639824612
1577.6980396767606,456.85583448410034,7.083027638708751,263.65250210973386,193.20333237436648,-694.2107466520374,1151.0665811361378
1578.3340396883427,493.9922385215759,7.24616259511813,263.3695087773101,230.62272974426583,-695.5734821128281,1189.565720634404
1578.9700396999244,491.0943558216095,7.339215705737554,263.08651544488646,228.00784037672304,-696.9362175736178,1188.0305733952273
1579.6060397115066,447.08217227458954,8.42327046931051,262.8035221124626,184.27865016212695,-698.2989530344084,1145.381125308998
1580.2420397230883,431.1823229789734,7.599763214909774,262.52052878003906,168.66179419893433,-699.6616884951982,1130.8440114741716
1580.8780397346702,428.67962646484375,7.623667649767936,262.2375354476153,166.44209101722845,-701.0244239559884,1129.7040504208321
1581.5140397462524,460.60982489585876,7.1492355234250695,261.95454211519143,198.65528278066733,-702.387159416779,1162.9969843126378
1582.150039757834,438.909628033638,8.085327512813961,261.6715487827679,177.2380792508701,-703.7498948775687,1142.6595229112067
1582.7860397694162,458.3565522432327,8.420501183528518,261.38855545034403,196.9679967928887,-705.1126303383594,1163.4691825815921
1583.422039780998,463.1621103286743,7.342153804180231,261.1055621179204,202.05654821075393,-706.4753657991491,1169.6374761278234
1584.0580397925798,502.859402179718,7.659529866497002,260.8225687854966,242.0368333942214,-707.8381012599393,1210.6975034396573
1584.694039804162,472.46657252311707,7.341766055117231,260.53957545307287,211.9269970700442,-709.20083672073,1181.667409243847
1585.3300398157437,446.487193107605,7.364986014410756,260.2565821206492,186.23061098695575,-710.5635721815197,1157.0507652891247
1585.9660398273259,476.139461517334,7.208189452904699,259.97358878822536,216.16587272910863,-711.9263076423103,1188.0657691596443
1586.6020398389076,474.08664417266846,7.458023693715214,259.6905954558018,214.39604871686663,-713.2890431031001,1187.3756872757685
1587.2380398504895,459.1815695762634,7.615023783218515,259.40760212337807,199.77396745288536,-714.6517785638903,1173.8333481401537
1587.8740398620716,451.03319215774536,7.590519452752689,259.1246087909542,191.90858336679116,-716.0145140246814,1167.0477061824267
1588.5100398736533,455.56467151641846,7.450396824918755,258.84161545853055,196.7230560578879,-717.3772494854711,1172.9419210018896
1589.1460398852355,486.94892179965973,7.519229072035455,258.5586221261068,228.39029967355293,-718.7399849462618,1205.6889067459215
1589.7820398968172,491.34384536743164,7.9185494816961315,258.27562879368315,233.0682165737485,-720.1027204070515,1211.4465657744831
1590.4180399083991,545.6954162120819,9.17851507730785,257.9926354612594,287.7027807508225,-721.4654558678417,1267.1608720799236
1591.0540399199813,484.35197377204895,8.576466943963785,257.70964212883564,226.6423316432133,-722.8281913286323,1207.1801651006813
1591.690039931563,426.76578319072723,8.6392441255403,257.426648796412,169.33913439431524,-724.1909267894221,1150.9567099801493
1592.3260399431451,410.80021047592163,7.555928259228857,257.1436554639881,153.6565550119335,-725.5536622502127,1136.3538727261343
1592.9620399547268,443.51614309847355,8.957510115348231,256.8606621315645,186.65548096690907,-726.9163977110024,1170.432540809476
1593.5980399663088,484.64919328689575,7.639498814406525,256.57766879914084,228.0715244877549,-728.2791331717926,1212.9283264586884
1594.234039977891,463.2639636993408,7.533901527716581,256.29467546671697,206.96928823262385,-729.6418686325833,1192.905832331924
1594.8700399894726,499.65394735336304,7.742505970957659,256.0116821342933,243.6422652190697,-731.004604093373,1230.658551446736
1595.5060400010548,483.7917513847351,7.637169964457781,255.72868880186957,228.06306258286554,-732.3673395541637,1216.1590909388988
1596.1420400126365,474.2013409137726,7.633485711565951,255.44569546944592,218.75564544432666,-733.7300750149534,1207.931415928726
1596.7780400242184,488.21808671951294,7.780067169532941,255.16270213702217,233.05538458249077,-735.0928104757436,1223.3108971952565
1597.4140400358006,461.17374181747437,7.602609032042002,254.8797088045984,206.29403301287596,-736.4555459365342,1197.6292877540086
1598.0500400473823,505.33631920814514,7.345190049569673,254.59671547217476,250.73960373597038,-737.818281397324,1243.154600605469
1598.6860400589644,478.1366105079651,7.6656480245453436,254.3137221397509,223.8228883682142,-739.1810168581151,1217.3176273660802
1599.322040070546,473.86689043045044,7.563802283973725,254.03072880732725,219.8361616231232,-740.5437523189044,1214.4106427493548
1599.958040082128,464.7654175758362,7.248131350444599,253.7477354749036,211.01768210093257,-741.906487779695,1206.6719053555312
1600.5940400937102,434.7394371032715,7.356241205181742,253.46474214247974,181.27469496079175,-743.2692232404856,1178.0086603437571
1601.230040105292,438.51564860343933,7.516677224364167,253.1817488100561,185.33389979338324,-744.6319587012754,1183.1476073047147
1601.866040116874,494.08477783203125,7.41059870444556,252.89875547763233,241.18602235439892,-745.994694162066,1240.0794719940973
1602.5020401284557,503.2129166126251,7.774238594286789,252.6157621452087,250.59715446741643,-747.3574296228558,1250.5703462354809
1603.1380401400377,494.1784679889679,7.964727866978663,252.33276881278493,241.84569917618296,-748.720165083646,1242.8986330726138
1603.7740401516198,528.8931550979614,7.45721945168637,252.04977548036106,276.84337961760036,-750.0829005444366,1278.976055642398
1604.4100401632015,529.6838946342468,7.951375069633374,251.76678214793753,277.9171124863093,-751.4456360052263,1281.1295306394732
1605.0460401747837,489.41480827331543,7.624189559810213,251.48378881551366,237.93101945780177,-752.808371466017,1242.2231797393324
1605.6820401863654,500.56928300857544,7.223440890241492,251.20079548309002,249.36848752548542,-754.1711069268067,1254.7403899353822
1606.3180401979473,489.9731614589691,7.364810957197448,250.91780215066626,239.05535930830285,-755.5338423875969,1245.507003846566
1606.9540402095295,472.74829626083374,8.191592433797721,250.6348088182425,222.11348744259124,-756.8965778483876,1229.6448741092213
1607.5900402211112,484.0823519229889,7.357373730999291,250.35181548581886,233.73053643717003,-758.2593133091773,1242.3416652321662
1608.2260402326933,501.68639874458313,7.926266601429353,250.068822153395,251.61757659118814,-759.6220487699679,1261.308447514551
1608.862040244275,509.80504512786865,7.239322134230921,249.78582882097146,260.0192163068972,-760.9847842307577,1270.7898293586263
1609.498040255857,483.3674421310425,7.530268103035501,249.5028354885477,233.86460664249478,-762.3475196915479,1245.7149618225903
1610.134040267439,524.2797887325287,8.278726181173347,249.21984215612383,275.05994657640485,-763.7102551523385,1287.9900438848672
1610.7700402790208,532.7334985733032,7.731765814692324,248.9368488237002,283.79664974960303,-765.0729906131282,1297.8064891864315
1611.406040290603,528.5160171985626,7.518751071645507,248.65385549127643,279.8621617072862,-766.4357260739193,1294.951743272482
1612.0420403021847,474.7720456123352,7.331201260096002,248.3708621588528,226.40118345348242,-767.7984615347091,1242.5705071470443
1612.6780403137666,508.4694528579712,7.281368766457101,248.08786882642903,260.38158403154216,-769.1611969954993,1277.6306498534705
1613.3140403253487,542.9891681671143,7.415410689810251,247.80487549400527,295.184292673109,-770.5239324562899,1313.5131006234042
1613.9500403369304,548.9876446723938,7.258203178488781,247.52188216158163,301.46576251081217,-771.8866679170796,1320.8743125894734
1614.5860403485126,528.6438660621643,7.386380847646646,247.23888882915776,281.40497723300655,-773.2494033778703,1301.8932694400346
1615.2220403600943,532.2723381519318,7.521114838325462,246.95589549673412,285.31644265519765,-774.61213883866,1306.8844769905918
1615.8580403716762,571.1990449428558,7.954057777416409,246.67290216431047,324.52614277854536,-775.9748742994502,1347.173919242306
1616.4940403832584,542.7833571434021,7.5554973484273455,246.3899088318866,296.3934483115155,-777.3376097602409,1320.120966903643
1617.13004039484,483.80493903160095,7.764976136735807,246.10691549946296,237.698023532138,-778.7003452210306,1262.5052842526316
1617.7660404064222,492.19142723083496,7.293274073703059,245.8239221670392,246.36750506379576,-780.0630806818212,1272.2545079126562
1618.402040418004,515.6232814788818,7.316712653938051,245.54092883461556,270.0823526442663,-781.425816142611,1297.0490976214928
1619.0380404295859,548.3379335403442,7.641941884221348,245.2579355021918,303.07999803815244,-782.7885516034012,1331.1264851437454
1619.674040441168,555.1632444858551,7.418888719009807,244.97494216976804,310.18830231608706,-784.1512870641918,1339.314531550047
1620.3100404527497,543.0704865455627,7.748557605925306,244.6919488373444,298.37853770821835,-785.5140225249816,1328.5845090705443
1620.9460404643319,487.67957496643066,7.770026232699517,244.40895550492053,243.27061946151014,-786.8767579857722,1274.5563329522029
1621.5820404759136,487.08303570747375,7.4542707430592365,244.12596217249688,242.95707353497687,-788.2394934465619,1275.3225291540357
1622.2180404874955,444.61466789245605,7.528497443546792,243.84296884007324,200.77169905238281,-789.6022289073521,1234.2168967998082
1622.8540404990777,502.81099152565,7.658899515099566,243.55997550764937,259.25101601800066,-790.9649643681432,1293.7759558937933
1623.4900405106594,486.0297975540161,7.534222977271537,243.27698217522573,242.7528153787904,-792.327699828933,1278.357497382949
1624.1260405222415,491.54854583740234,7.356951525391689,242.99398884280197,248.55455699460038,-793.6904352897236,1285.238981127126
1624.7620405338232,546.2293672561646,7.292730174597675,242.71099551037832,303.5183717457862,-795.0531707505133,1341.282538006678
1625.3980405454051,519.3431899547577,7.249262172048364,242.42800217795457,276.9151877768031,-796.4159062113035,1315.7590961660612
1626.0340405569873,501.0693004131317,7.110078563783094,242.1450088455307,258.924291567601,-797.7786416720942,1298.847942085226
1626.670040568569,493.9272108078003,7.370343203579612,241.86201551310717,252.06519529469313,-799.1413771328839,1293.0685879406842
1627.3060405801511,478.44764614105225,7.233263448879688,241.5790221806833,236.86862396036895,-800.5041125936746,1278.9517587347268
1627.9420405917328,479.90662908554077,7.352513454532051,241.29602884825965,238.61060023728112,-801.8668480544643,1281.773477140005
1628.5780406033148,507.3289210796356,8.072958148544222,241.013035515836,266.3158855637996,-803.2295835152545,1310.55850459489
1629.214040614897,500.0631048679352,7.731921791607807,240.73004218341214,259.33306268452304,-804.5923189760451,1304.6554238439803
1629.8500406264786,509.5402648448944,7.2505390966602326,240.4470488509885,269.0932159939059,-805.9550544368349,1315.4953192817293
1630.4860406380608,529.4901547431946,7.217183234219926,240.16405551856462,289.32609922462996,-807.3177898976255,1336.80794464082
1631.1220406496425,515.2013192176819,7.092492410014597,239.8810621861411,275.3202570315408,-808.6805253584153,1323.8818445760971
1631.7580406612244,508.7590334415436,8.643350653772579,239.59806885371734,269.16096458782624,-810.0432608192054,1318.802294260749
1632.3940406728066,515.6867681741714,9.527845901258432,239.31507552129347,276.371692652878,-811.4059962799961,1327.0927644541675
1633.0300406843883,504.37699723243713,9.376252214297102,239.03208218886994,265.3449150435672,-812.7687317407858,1317.145728973223
1633.6660406959704,528.2989740371704,7.437694488740363,238.74908885644606,289.54988518072435,-814.1314672015765,1342.4304412387469
1634.3020407075521,490.2255172729492,7.8370984664400964,238.46609552402242,251.7594217489268,-815.4942026623662,1305.7197199353154
1634.938040719134,490.7209777832031,7.379601374612803,238.18310219159866,252.53787559160446,-816.8569381231564,1307.5779159063595
1635.5740407307162,522.6698632240295,7.11702257655394,237.9001088591749,284.76975436485463,-818.2196735839475,1340.889536807977
1636.210040742298,504.7332103252411,7.1651004982950255,237.61711552675126,267.1160947984898,-819.5824090447372,1324.3156193699783
1636.84604075388,520.4822106361389,7.245550027476366,237.3341221943274,283.1480884418115,-820.9451445055279,1341.4273551416668
1637.4820407654618,525.054381608963,7.055970296144389,237.05112886190386,288.00325274705915,-822.3078799663176,1347.3622615752806
1638.1180407770437,524.9603128433228,7.216007931329687,236.7681355294801,288.19217731384265,-823.6706154271078,1348.6309282704306
1638.7540407886258,497.09321689605713,7.220362986702711,236.48514219705623,260.6080746990009,-825.0333508878985,1322.1265677839556
1639.3900408002075,509.6014835834503,7.079162200506258,236.2021488646326,273.3993347188177,-826.3960863486882,1335.9975699321385
1640.0260408117895,537.8409993648529,7.206026117504959,235.91915553220895,301.92184383264396,-827.7588218094784,1365.5998211743313
1640.6620408233714,546.4623882770538,7.16530496548824,235.6361621997852,310.82622607726864,-829.1215572702686,1375.5839455473224
1641.2980408349533,520.9367938041687,7.3348578285530355,235.35316886736143,285.58362493680727,-830.4842927310588,1351.4210865352275
1641.9340408465355,496.1563768386841,7.595836495817286,235.07017553493768,261.0862013037464,-831.8470281918494,1328.0034050305335
1642.5700408581172,519.6001477241516,7.149821449034409,234.78718220251403,284.8129655216376,-833.2097636526391,1352.8099113767908
1643.206040869699,561.0794353485107,7.112340742911605,234.50418887009027,326.57524647842047,-834.5724991134293,1395.65193446194
1643.842040881281,601.9869494438171,7.326909100019224,234.22119553766652,367.7657539061506,-835.9352345742195,1437.9221840180367
1644.478040892863,597.286153793335,7.6650701630289495,233.93820220524287,363.3479515880921,-837.2979700350097,1434.5841238283447
1645.1140409044451,560.9653639793396,7.3765051628591785,233.655208872819,327.3101551065206,-838.6607054958004,1399.62606947514
1645.7500409160268,632.1070053577423,7.333141900224946,233.37221554039536,398.73478981734695,-840.0234409565901,1472.1304463143324
1646.3860409276087,809.9574565887451,7.692627029227806,233.08922220797172,576.8682343807734,-841.3861764173803,1651.3436330061254
1647.0220409391907,767.8723092079163,7.860113387352824,232.80622887554796,535.0660803323683,-842.7489118781709,1610.6212210860872
1647.6580409507726,609.3774778842926,9.745999605805094,232.5232355431242,376.8542423411684,-844.1116473389611,1453.4891252232537
1648.2940409623548,556.1640872955322,7.414240824152368,232.24024221070044,323.9238450848318,-845.4743827997518,1401.638470095284
1648.9300409739365,530.7819480895996,7.212886486426471,231.9572488782768,298.8246992113228,-846.8371182605415,1377.619066350141
1649.5660409855184,519.6335716247559,7.2689285184669865,231.67425554585304,287.9593160789028,-848.1998537213317,1367.8334253460876
1650.2020409971003,509.5075297355652,7.632311915078098,231.3912622134293,278.1162675221359,-849.5625891821219,1359.070118917687
1650.8380410086822,513.0624434947968,7.130417769802984,231.10826888100564,281.9541746137911,-850.9253246429121,1363.9877681377088
1651.4740410202644,518.9615943431854,7.275587164848777,230.82527554858177,288.13631879460365,-852.2880601037027,1371.2496544468881
1652.110041031846,508.3944442272186,7.33580022246139,230.54228221615813,277.8521620110605,-853.6507955644925,1362.045239791711
1652.746041043428,511.77733182907104,7.261825168623471,230.25928888373437,281.5180429453367,-855.0135310252826,1366.7908628543537
1653.38204105501,516.1795063018799,7.122766316173295,229.97629555131073,286.20321075056916,-856.3762664860728,1372.5557727879527
1654.0180410665919,529.472451210022,7.464906621818925,229.69330221888697,299.779148991135,-857.739001946863,1387.211453156885
1654.654041078174,483.0408002734184,7.357949083441229,229.4103088864631,253.63049138695533,-859.1017374076537,1342.142537681072
1655.2900410897557,476.92084538936615,7.14873612390495,229.12731555403957,247.79352983532658,-860.4644728684434,1337.3853182578096
1655.9260411013377,502.578355550766,7.163271801261851,228.8443222216158,273.7340333291502,-861.8272083292336,1364.4055638799996
1656.5620411129196,495.55848145484924,7.4884713034062536,228.56132888919205,266.9971525656572,-863.1899437900238,1358.748425244873
1657.1980411245015,504.2271604537964,7.3538531531680364,228.2783355567683,275.9488248970281,-864.552679250814,1368.7798397046104
1657.8340411360837,527.8295912742615,7.516726876683182,227.99534222434454,299.83424904991693,-865.9154147116051,1393.7450059858666
1658.4700411476654,500.3895262479782,7.095050896419385,227.7123488919209,272.6771773560573,-867.2781501723944,1367.6676764203726
1659.1060411592473,505.08451437950134,7.463545469130474,227.42935555949714,277.6551588200042,-868.640885633185,1373.7254000126864
1659.7420411708292,513.3768599033356,7.145213505730663,227.1463622270735,286.2304976762621,-870.0036210939752,1383.3804809973108
1660.3780411824112,501.32207357883453,7.372318100064718,226.86336889464974,274.4587046841848,-871.3663565547654,1372.6884301336
1661.0140411939933,532.6661131381989,7.559111071772883,226.58037556222587,306.085737575973,-872.729092015556,1405.395205153755
1661.650041205575,544.9944176673889,7.466528341456267,226.29738222980222,318.6970354375867,-874.0918274763458,1419.0862451437347
1662.286041217157,514.987692117691,7.346837351117988,226.01438889737858,288.97330322031246,-875.454562937136,1390.442255054827
1662.9220412287389,548.845561504364,15.681452099497843,225.73139556495482,323.1141659394092,-876.8172983979262,1425.6628599022902
1663.5580412403208,839.8101395368576,39.37069372311538,225.44840223253107,614.3617373043265,-878.1800338587163,1717.990173395574
1664.194041251903,644.3715813159943,25.02779901306203,225.1654089001073,419.20617241588695,-879.542769319507,1523.9143506355013
1664.8300412634846,496.8364191055298,10.194112706791493,224.88241556768367,271.9540035378461,-880.9055047802967,1377.7419238858265
1665.4660412750666,476.32196950912476,7.501714190798366,224.5994222352599,251.72254727386485,-882.2682402410869,1358.5902097502117
1666.1020412866485,477.5675823688507,7.398323599816837,224.31642890283615,253.25115346601456,-883.6309757018771,1361.1985580707278
1666.7380412982304,482.66875100135803,7.565647637431293,224.0334355704125,258.6353154309455,-884.9937111626673,1367.6624621640253
1667.3740413098126,503.0833179950714,7.556553164391982,223.75044223798864,279.3328757570828,-886.3564466234579,1389.4397646185294
1668.0100413213943,510.4684829711914,7.996012776954412,223.467448905565,287.0010340656264,-887.7191820842477,1398.187665055439
1668.6460413329762,533.2440118789673,9.453091958453026,223.18445557314135,310.05955630582594,-889.0819175450379,1422.3259294240052
1669.2820413445581,514.7485313415527,7.900691226100725,222.9014622407176,291.84706910083514,-890.4446530058281,1405.1931843473808
1669.91804135614,473.0743134021759,7.692399134152889,222.61846890829383,250.45584449388207,-891.8073884666182,1364.8817018687942
1670.5540413677222,472.58083629608154,7.643613306363029,222.33547557587008,250.24536072021147,-893.1701239274093,1365.750960223491
1671.190041379304,480.94669485092163,9.905946863574682,222.05248224344643,258.8942126074752,-894.5328593881991,1375.4795542391207
1671.8260413908858,500.0645785331726,7.699213684766958,221.76948891102268,278.29508962214993,-895.8955948489893,1395.9601733821619
1672.4620414024678,509.26484632492065,7.766896519094825,221.48649557859892,287.77835074632173,-897.2583303097795,1406.5231766347001
1673.0980414140497,527.2669024467468,7.665043526732294,221.20350224617528,306.06340020057155,-898.6210657705697,1425.8879682173165
1673.7340414256319,513.7378926277161,7.7876153808190125,220.9205089137514,292.81738371396466,-899.9838012313603,1413.7216938590764
1674.3700414372136,554.6080617904663,8.012740135936827,220.63751558132776,333.97054620913855,-901.34653669215,1455.9545984826163
1675.0060414487955,536.9623289108276,7.8958754063569385,220.35452224890412,316.6078066619235,-902.7092721529402,1439.6716010637679
1675.6420414603774,535.2111675739288,8.268781475452606,220.07152891648036,315.1396386574485,-904.0720076137304,1439.2831751876593
1676.2780414719593,521.3149559497833,8.385839357032701,219.7885355840566,301.5264203657267,-905.4347430745206,1426.749699024304
1676.9140414835413,505.24271297454834,7.946453510837992,219.50554225163285,285.7371707229155,-906.7974785353108,1412.0401915098591
1677.5500414951232,528.7291169166565,7.9326629178939125,219.2225489192092,309.5065679974473,-908.160213996101,1436.8893309127575
1678.1860415067051,510.41796588897705,7.626508248449796,218.93955558678545,291.4784103021916,-909.5229494568912,1419.9409153458682
1678.822041518287,501.2687318325043,7.619001268880027,218.6565622543617,282.6121695781426,-910.8856849176814,1412.1544167501856
1679.458041529869,512.4630638360977,7.766814629218191,218.37356892193804,294.0894949141597,-912.2484203784716,1424.7114842145693
1680.094041541451,545.4992530345917,8.378724562848817,218.0905755895143,327.4086774450774,-913.6111558392618,1459.1104088738534
1680.7300415530328,548.246173620224,8.279231887727818,217.80758225709053,330.43859136313347,-914.973891300052,1463.220064920276
1681.3660415646148,541.7359297275543,8.292192525680077,217.52458892466677,324.21134080288755,-916.3366267608421,1458.0725564883965
1682.0020415761967,507.65788531303406,8.400126127200132,217.24159559224313,290.4162897207909,-917.6993622216323,1425.3572475346664
1682.6380415877786,541.0076787471771,8.241625454503799,216.95860225981937,324.04907648735775,-919.062097682423,1460.0697764296
1683.2740415993605,617.6436445713043,7.961677544609614,216.67560892739561,400.9680356439087,-920.4248331432132,1538.0684777145175
1683.9100416109425,653.0893340110779,8.362171163751546,216.39261559497197,436.6967184161059,-921.7875686040034,1574.8769026150812
1684.5460416225244,558.8251469135284,8.406066495489819,216.1096222625482,342.7155246509802,-923.1503040647935,1481.975450978322
1685.1820416341063,514.1722865104675,9.070831588123701,215.82662893012446,298.3456575803431,-924.5130395255837,1438.6853260360513
1685.8180416456883,547.4536719322205,8.844296823970256,215.5436355977007,331.91003633451976,-925.8757749863739,1473.3294469185944
1686.4540416572702,497.70864057540894,8.946531490003993,215.26064226527706,282.4479983101319,-927.2385104471641,1424.947151022573
1687.090041668852,489.38559210300446,8.093925120971981,214.9776489328533,274.40794317015116,-928.6012459079543,1417.9868380109588
1687.726041680434,513.5022038221359,8.43267983286908,214.69465560042954,298.8075482217064,-929.9639813687445,1443.4661851908804
1688.362041692016,512.176506280899,8.207856927457845,214.4116622680059,297.76484401289315,-931.3267168295347,1443.5032231104337
1688.998041703598,513.4750301837921,8.37559849997604,214.12866893558214,299.34636124821,-932.6894522903249,1446.164482474117
1689.6340417151798,504.14051508903503,8.08107810792514,213.84567560315838,290.29483948587665,-934.0521877511151,1438.19270284015
1690.2700417267617,494.8420310020447,8.23268508481491,213.56268227073463,281.27934873131005,-935.4149232119053,1430.25695421395
1690.9060417383437,488.7578902244568,8.0346656687127,213.27968893831098,275.4782012861458,-936.7776586726955,1425.5355488971522
1691.5420417499256,507.7182115316391,8.097771000805418,212.99669560588723,294.7215159257519,-938.1403941334856,1445.8586056651247
1692.1780417615075,472.78394198417664,8.247095643350306,212.71370227346347,260.07023971071317,-939.5031295942758,1412.2870715784525
1692.8140417730895,496.9616017341614,8.31035738987318,212.43070894103982,284.53089279312155,-940.865865055066,1437.8274667892274
1693.4500417846714,499.4526516199112,8.027732579784258,212.14771560861607,287.3049360112951,-942.2286005158562,1441.6812521357674
1694.0860417962533,510.9686498641968,8.06064312255107,211.8647222761923,299.10392758800447,-943.5913359766469,1454.5599858408436
1694.7220418078352,525.7152590751648,7.889190990501415,211.58172894376855,314.13353013139624,-944.954071437437,1470.6693305126018
1695.3580418194172,545.6317582130432,8.11243965879823,211.2987356113449,334.3330226016983,-946.3168068982272,1491.9485651112705
1695.994041830999,505.1400156021118,8.284240216978207,211.01574227892115,294.12427332319066,-947.6795423590174,1452.8195579611292
1696.630041842581,484.69748711586,8.15177212244301,210.7327489464974,273.9647381693626,-949.0422778198076,1433.7397649356676
1697.266041854163,477.11163544654846,8.339940198816283,210.44975561407375,266.6618798324747,-950.4050132805978,1427.5166487271463
1697.9020418657449,469.130752325058,8.045471614088443,210.16676228165,258.963990043408,-951.767748741388,1420.898501066446
1698.5380418773268,497.07618045806885,8.461016193213261,209.88376894922624,287.1924115088426,-953.1304842021782,1450.206664660247
1699.1740418889087,503.6918640136719,9.049310981027933,209.60077561680248,294.0910883968694,-954.4932196629684,1458.1850836766403
1699.8100419004907,534.6124725341797,8.832900400325476,209.31778228437884,325.29469024980085,-955.8559551237586,1490.4684276579383
1700.4460419120726,531.2371213436127,8.597709605519176,209.03478895195508,322.2023323916576,-957.2186905845488,1488.4558119281614
1701.0820419236545,528.3715972900391,8.444305519310623,208.75179561953132,319.61980167050774,-958.581426045339,1486.953023335378
1701.7180419352364,513.5022332668304,8.365607860356123,208.46880228710768,305.03343097972277,-959.9441615061291,1473.4463947729596
1702.3540419468184,523.5911402702332,8.45296283906524,208.18580895468392,315.40533131554923,-961.3068969669193,1484.8980372371525
1702.9900419584003,474.4370355606079,8.07868135090582,207.90281562226016,266.53421993834775,-962.6696324277095,1437.1066679883174
1703.6260419699822,498.26061725616455,8.307189383356967,207.6198222898364,290.64079496632814,-964.0323678884997,1462.2929851446643
1704.2620419815642,516.5859131813049,8.874182026949988,207.33682895741276,309.24908422389217,-965.3951033492899,1481.9810165305948
1704.898041993146,550.1009607315063,8.210331991617952,207.053835624989,343.04712510651734,-966.7578388100801,1516.8587995415864
1705.534042004728,499.0924837589264,8.234814853997142,206.77084229256525,292.32164146636114,-968.1205742708703,1467.2130580297967
1706.17004201631,528.7681403160095,8.498576049361985,206.4878489601416,322.2802913558679,-969.4833097316609,1498.2514500476705
1706.8060420278919,514.4064211845398,8.140499316538348,206.20485562771785,308.20156555682195,-970.8460451924511,1485.252466376991
1707.4420420394738,530.5131487846375,8.433153711071048,205.9218622952941,324.59128648934336,-972.2087806532413,1502.7219294378788
1708.0780420510557,518.4086380004883,8.36878118852357,205.63886896287033,312.76976903761795,-973.5715161140315,1491.9801541145198
1708.7140420626376,490.88574290275574,8.243803740024559,205.3558756304467,285.52986727230905,-974.9342515748217,1465.8199944775774
1709.3500420742196,486.4170459508896,9.180497664576665,205.07288229802293,281.34416365286665,-976.2969870356119,1462.7140329865015
1709.9860420858015,484.0184519290924,9.912778619702676,204.78988896559918,279.22856296349323,-977.6597224964021,1461.6781744254945
1710.6220420973834,485.78365111351013,8.62782703993036,204.50689563317553,281.2767554803346,-979.0224579571923,1464.8061090707024
1711.2580421089654,539.8742668628693,9.002837592215437,204.22390230075177,335.6503645621175,-980.3851934179825,1520.2594602808517
1711.8940421205473,529.5716650485992,9.07437285991229,203.94090896832802,325.6307560802712,-981.7479288787727,1511.319593927372
1712.5300421321292,553.4350438117981,9.221254534558215,203.65791563590426,349.77712817589384,-983.1106643395628,1536.545708151361
1713.1660421437111,533.8189873695374,9.341862222788436,203.37492230348062,330.44406506605674,-984.473399800353,1518.2923871698904
1713.8020421552928,485.71309089660645,9.306033194521572,203.09192897105697,282.6211619255495,-985.8361352611428,1471.5492261577492
1714.438042166875,517.4719948768616,9.15157198822748,202.8089356386331,314.66305923822847,-987.1988707219334,1504.670865598795
1715.074042178457,514.6470537185669,8.966451034723457,202.52594230620946,312.12111141235744,-988.5616061827236,1503.2086599012905
1715.7100421900388,531.4947290420532,8.503243754262018,202.2429489737857,329.2517800682675,-989.9243416435138,1521.419070685567
1716.3460422016208,506.06876945495605,8.829894226135922,201.95995564136194,304.1088138135941,-991.287077104304,1497.35584655926
1716.9820422132025,572.4697012901306,8.595266925834997,201.6769623089383,370.7927389811923,-992.6498125650937,1565.1195138552243
1717.6180422247846,560.8501710891724,8.53347432358689,201.39396897651454,359.4562021126578,-994.0125480258844,1554.8627191150567
1718.2540422363666,538.8632643222809,8.324918686719379,201.1109756440908,337.7522886781901,-995.375283486675,1534.238547808956
1718.8900422479485,513.1300883293152,8.489861913388385,200.82798231166703,312.30210601764816,-996.7380189474652,1509.8681072767804
1719.5260422595304,492.1212524175644,8.584161379425797,200.54498897924339,291.576263438321,-998.1007544082554,1490.2220068258198
1720.162042271112,462.48653614521027,9.164749816809035,200.26199564681974,262.2245404983905,-999.4634898690451,1461.9500260142554
1720.7980422826943,466.5349152088165,8.921238674090855,199.97900231439587,266.55591289442066,-1000.8262253298358,1467.3611405386523
1721.4340422942762,495.4013867378235,8.423434047982319,199.69600898197223,295.70537775585126,-1002.188960790626,1497.5903475284495
1722.0700423058581,483.7370460033417,8.87544911263559,199.41301564954847,284.3240303537932,-1003.5516962514162,1487.2887422547578
1722.70604231744,462.5732502937317,8.821746650849251,199.1300223171247,263.443227976607,-1004.9144317122064,1467.487682005938
1723.3420423290218,483.7604503631592,8.773899747874083,198.84702898470107,284.9134213784581,-1006.2771671729961,1490.0376175361553
1723.978042340604,478.9584197998047,8.484338524530132,198.5640356522773,280.3943841475274,-1007.6399026337867,1486.5983224335914
1724.6140423521858,478.3382844924927,8.882601301892805,198.28104231985355,280.0572421726391,-1009.0026380945769,1487.3409225870696
1725.2500423637678,489.3077549934387,8.663542494258566,197.9980489874298,291.3097060060089,-1010.3653735553671,1499.6731285488058
1725.8860423753497,475.3864698410034,8.931320335263722,197.71505565500615,277.67141418599726,-1011.7281090161573,1487.1145788571607
1726.5220423869314,447.45388007164,8.892783236189556,197.4320623225825,250.0218177490575,-1013.090844476947,1460.544724548587
1727.1580423985135,465.0210511684418,8.921059441857695,197.14906899015864,267.87198217828313,-1014.4535799377377,1479.4746311061795
1727.7940424100955,462.5760346055031,9.249459942442705,196.86607565773488,265.7099589477682,-1015.8163153985279,1478.392350004031
1728.4300424216774,481.82820749282837,8.669427771525891,196.58308232531124,285.24512516751713,-1017.1790508593181,1499.0072583521464
1729.0660424332593,482.2930293083191,9.058616573150658,196.30008899288748,285.9929403154316,-1018.5417863201083,1500.8348156284274
1729.702042444841,483.932904958725,8.90936466339607,196.01709566046384,287.91580929826114,-1019.904521780898,1503.837426739623
1730.3380424564232,495.57473397254944,8.59156106145431,195.73410232804008,299.84063164450936,-1021.2672572416891,1516.8419912142385
1730.974042468005,468.76318407058716,8.670137439657568,195.45110899561632,273.31207507497083,-1022.6299927024793,1491.3931767730664
1731.610042479587,508.07018798589706,8.951958183526878,195.16811566319257,312.9020723227045,-1023.9927281632695,1532.0629161491665
1732.246042491169,500.1948149204254,9.03126762392516,194.8851223307688,305.3096925896566,-1025.3554636240597,1525.550278544485
1732.8820425027507,490.64248299598694,8.623245213989158,194.60212899834528,296.04035399764166,-1026.7181990848494,1517.3606820808363
1733.5180425143328,469.36431658267975,8.50339800330364,194.3191356659214,275.04518091675834,-1028.08093454564,1497.4452511283198
1734.1540425259147,489.54886043071747,9.175321065254913,194.03614233349765,295.5127180972198,-1029.4436700064302,1518.9925304371477
1734.7900425374967,538.2707600593567,9.82178495983437,193.753149001074,344.5176110582827,-1030.8064054672204,1569.0771655265771
1735.4260425490786,538.9635663032532,9.221882293853534,193.47015566865025,345.4934106346029,-1032.1691409280106,1571.1327072312638
1736.0620425606603,529.3494806289673,8.783264023032986,193.1871623362266,336.1623182927407,-1033.5318763888004,1562.8813570177676
1736.6980425722425,523.2302470207214,8.78791587879903,192.90416900380274,330.3260780169187,-1034.894611849591,1558.1248588703124
1737.3340425838244,496.70493173599243,8.79317371459585,192.6211756713791,304.08375606461334,-1036.2573473103812,1532.9622790463736
1737.9700425954063,566.1405277252197,9.447824141570731,192.33818233895533,373.8023453862644,-1037.6200827711714,1603.760610496391
1738.6060426069882,600.1420607566833,8.8334392421802,192.05518900653158,408.0868717501518,-1038.9828182319616,1639.124878988645
1739.24204261857,703.4943742752075,9.08621841859132,191.77219567410793,511.7221786010996,-1040.3455536927513,1743.8399279679588
1739.878042630152,656.3065371513367,9.107143469004269,191.48920234168418,464.8173348096525,-1041.708289153542,1698.0148263048786
1740.514042641734,530.9583916664124,8.685156169252044,191.20620900926042,339.75218265715193,-1043.0710246143321,1574.0294162807445
1741.150042653316,483.73278045654297,8.608891769252738,190.92321567683666,292.8095647797063,-1044.4337600751223,1528.1665405316653
1741.7860426648979,490.74943828582764,8.811239774131678,190.64022234441302,300.1092159414146,-1045.796495535913,1536.5459338217406
1742.4220426764796,473.95155668258667,8.513261813205654,190.35722901198938,283.5943276705973,-1047.1592309967027,1521.1107876792894
1743.0580426880617,508.14507722854614,8.728168500516988,190.0742356795655,318.07084154898064,-1048.5219664574934,1556.6670436860395
1743.6940426996437,472.1762992143631,9.553667271211378,189.79124234714186,282.38505686722124,-1049.8847019182836,1522.0610011326467
1744.3300427112256,487.02899980545044,8.578857542428159,189.5082490147181,297.52075079073234,-1051.2474373790737,1538.2764371845242
1744.9660427228075,508.86361348629,8.768573706197788,189.22525568229435,319.63835780399563,-1052.610172839864,1561.473786326154
1745.6020427343892,533.47571849823,8.960681148894476,188.9422623498707,344.5334561483593,-1053.9729083006537,1587.4486267988837
1746.2380427459714,527.4475584030151,9.284967959360591,188.65926901744695,338.7882893855682,-1055.3356437614443,1582.7832021644595
1746.8740427575533,551.0668151378632,9.037497960911931,188.3762756850232,362.69053945283997,-1056.6983792222345,1607.7651943600977
1747.5100427691352,564.5323534011841,9.150607455137175,188.09328235259943,376.43907104858465,-1058.0611146830247,1622.5934680842088
1748.1460427807172,501.52994179725647,8.82184437919957,187.8102890201758,313.7196527770807,-1059.423850143815,1560.9537919410714
1748.7820427922989,522.8306881189346,9.579084511681943,187.52729568775214,335.3033924311825,-1060.7865856046046,1583.6172737235393
1749.418042803881,520.5977485179901,8.751928598091546,187.24430235532827,333.35344616266184,-1062.1493210653953,1582.7470695833854
1750.054042815463,531.0065171718597,9.089296036540883,186.96130902290452,344.0452081489552,-1063.5120565261855,1594.5185736980452
1750.6900428270449,588.179571390152,10.862505878296298,186.67831569048087,401.5012556996711,-1064.8747919869757,1653.0543633771276
1751.3260428386268,548.2823216915131,9.272509982531963,186.39532235805711,361.88699933345595,-1066.2375274477658,1614.519849139279
1751.9620428502085,534.69544506073,8.687292252463184,186.11232902563347,348.5831160350965,-1067.6002629085556,1602.2957079692856
1752.5980428617906,504.5140542984009,8.77954154791513,185.8293356932097,318.68471860519116,-1068.9629983693462,1573.477052667747
1753.2340428733726,532.0450487136841,8.958898445508853,185.54634236078596,346.4987063528981,-1070.3257338301369,1602.370782543821
1753.8700428849545,506.7721667289734,8.998546012289944,185.2633490283622,321.5088177006112,-1071.688469290927,1578.4606360199004
1754.5060428965364,543.3234009742737,8.796493600086883,184.98035569593844,358.34304527833524,-1073.0512047517173,1616.374605725991
1755.1420429081181,488.40287685394287,8.701960420466936,184.6973623635149,303.70551449042796,-1074.413940212507,1562.8168170664499
1755.7780429197003,458.4986400604248,8.511766192737728,184.41436903109104,274.08427102933376,-1075.7766756732976,1534.2753157337224
1756.4140429312822,487.6926853656769,8.91867454514064,184.13137569866728,303.5613096670096,-1077.1394111340878,1564.8320964997647
1757.0500429428641,467.8256504535675,9.429583149133615,183.84838236624364,283.97726808732386,-1078.502146594878,1546.3277970484455
1757.686042954446,507.75231099128723,8.753742877721091,183.56538903381988,324.18692195746735,-1079.8648820556682,1587.6171930469554
1758.3220429660278,489.3631992340088,9.39310776793423,183.28239570139624,306.08080353261255,-1081.227617516458,1570.5908167504667
1758.95804297761,529.0158414840698,8.848990585005422,182.99940236897237,346.01643911509746,-1082.5903529772486,1611.6061944613184
1759.5940429891918,527.9126906394958,9.18288538326123,182.71640903654873,345.1962816029471,-1083.9530884380388,1611.8657790775346
1760.2300430007738,489.3347942829132,10.051352607500432,182.43341570412497,306.90137857878824,-1085.315823898829,1574.6506181817422
1760.8660430123557,495.1971216201782,9.223313116238721,182.1504223717012,313.046699248477,-1086.6785593596192,1581.8756809797974
1761.5020430239374,465.1611695289612,8.958691414868387,181.86742903927768,283.2937404896835,-1088.041294820409,1553.20246434937
1762.1380430355196,495.9897154569626,8.70241020583061,181.5844357068538,314.4052797501088,-1089.4040302811995,1585.3937457381621
1762.7740430471015,530.8302512168884,8.72110596941617,181.30144237443005,349.5288088424584,-1090.7667657419897,1621.5970169588782
1763.4100430586834,487.43601274490356,8.659594373050767,181.0184490420064,306.41756370289716,-1092.12950120278,1579.5655139476835
1764.0460430702653,487.7495484352112,9.440190757748326,180.73545570958265,307.01409272562853,-1093.49223666357,1581.2417850987813
1764.682043081847,536.2078857421875,8.66169555695886,180.452462377159,355.7554233650285,-1094.8549721243598,1631.0628578665473
1765.3180430934292,498.8248460292816,9.3459934783915,180.16946904473514,318.6553769845465,-1096.217707585151,1595.0425536144326
1765.9540431050111,499.19632267951965,8.821161851907203,179.8864757123115,319.30984696720816,-1097.5804430459411,1596.7767657254608
1766.590043116593,512.6774089336395,9.04895187641074,179.60348237988774,333.0739265537518,-1098.9431785067313,1611.6205874403709
1767.226043128175,484.51068687438965,9.212281403429396,179.32048904746398,305.19019782692567,-1100.3059139675215,1584.8166008419112
1767.8620431397567,471.8606930337846,11.960094628145931,179.03749571504034,292.8231973187443,-1101.6686494283113,1573.5293424620959
1768.4980431513388,498.45189905166626,8.943631490058404,178.75450238261658,319.6973966690497,-1103.031384889102,1601.4832839407682
1769.1340431629208,500.15064001083374,11.986048296089601,178.47150905019282,321.6791309606409,-1104.394120349892,1604.5447603607258
1769.7700431745027,507.519924223423,8.675646889531928,178.18851571776906,329.33140850565394,-1105.7568558106823,1613.2767800341053
1770.4060431860846,493.92934918403625,8.92784212440608,177.90552238534542,316.02382679869083,-1107.1195912714725,1601.0489404555087
1771.0420431976663,483.9362874031067,8.672511985497106,177.62252905292178,306.3137583501849,-1108.4823267322622,1592.418614135369
1771.6780432092485,510.934609413147,8.937536135884544,177.3395357204979,333.59507369264907,-1109.8450621930529,1620.7796716061998
1772.3140432208304,502.9833747148514,19.211874993497528,177.05654238807426,325.9268323267771,-1111.207797653843,1614.1911723686944
1772.9500432324123,504.4919650554657,17.597932608359393,176.7735490556505,327.7184159998152,-1112.5705331146332,1617.062498170099
1773.5860432439943,484.9463030695915,18.06471803562457,176.49055572322675,308.4557473463648,-1113.9332685754234,1598.879571645015
1774.222043255576,468.8796162754297,13.206125449517632,176.2075623908031,292.6720538846266,-1115.2960040362132,1584.175620311643
1774.858043267158,474.3169459104538,9.03251392214121,175.92456905837935,298.39237685207445,-1116.6587394970038,1590.9756854074576
1775.49404327874,459.48683136701584,8.927622375000295,175.6415757259556,283.84525564106025,-1118.021474957794,1577.5083063248098
1776.130043290322,448.8982090950012,8.965812174567638,175.35858239353183,273.5396267014694,-1119.3842104185842,1568.2824195135854
1776.766043301904,494.34323287010193,8.949141296413003,175.0755890611082,319.26764380899374,-1120.7469458793744,1615.0901787494763
1777.4020433134856,494.20835041999817,9.045394252042772,174.79259572868455,319.4157546913136,-1122.1096813401641,1616.3180317601623
1778.0380433250677,493.61123538017273,8.634932670742158,174.50960239626068,319.10163298391205,-1123.4724168009552,1617.083652181128
1778.6740433366497,510.78379678726196,9.0154771221683,174.22660906383692,336.55718772342505,-1124.8351522617454,1635.6189490490074
1779.3100433482316,483.8101465702057,8.994893642251329,173.94361573141327,309.8665308387924,-1126.1978877225356,1610.0080342927413
1779.9460433598135,493.72044372558594,8.666403854255828,173.66062239898952,320.0598213265964,-1127.5606231833258,1621.2810669089117
1780.5820433713952,510.3629832267761,8.796126279691121,173.37762906656587,336.98535416021025,-1128.9233586441155,1639.2863418708916
1781.2180433829774,540.4898891448975,9.214459371487376,173.09463573414212,367.39525341075534,-1130.2860941049062,1670.7759832498036
1781.8540433945593,546.7566719055176,9.069249033369536,172.81164240171836,373.9450295037992,-1131.6488295656964,1678.405501471214
1782.4900434061412,497.00075912475586,8.559974690238507,172.5286490692946,324.47211005546126,-1133.0115650264866,1630.0123241512424
1783.1260434177232,474.83779764175415,8.877052071995385,172.24565573687084,302.5921419048833,-1134.3743004872767,1609.212098129031
1783.7620434293049,499.944650888443,8.998997388014303,171.96266240444731,327.9819884839957,-1135.7370359480665,1635.6816868365095
1784.398043440887,496.06041419506073,9.119133839470226,171.67966907202344,324.3807451230373,-1137.0997714088571,1633.1601856039179
1785.034043452469,539.1671969890594,9.156315238235743,171.3966757395997,367.77052124945976,-1138.4625068696473,1677.6297038587068
1785.6700434640509,538.6073441505432,8.942584701791104,171.11368240717604,367.49366174336717,-1139.8252423304375,1678.4325864809807
1786.3060434756328,480.31605529785156,8.995628865065363,170.83068907475229,309.4853662230993,-1141.1879777912277,1621.5040330890793
1786.9420434872145,495.8337185382843,9.451515320202738,170.54769574232864,325.28602279595566,-1142.5507132520174,1638.3844317903017
1787.5780434987967,499.3958876132965,8.695169759583887,170.26470240990477,329.13118520339174,-1143.913448712808,1643.3093363261046
1788.2140435103786,518.5556721687317,8.970292778083934,169.98170907748113,348.57396309125056,-1145.2761841735983,1663.83185634233
1788.8500435219605,521.0096859931946,9.103376014291156,169.69871574505737,351.3109702481372,-1146.638919634389,1667.6486056275835
1789.4860435335424,546.9347085952759,8.721380322583569,169.4157224126336,377.51898618264227,-1148.001655095179,1694.936363690455
1790.1220435451241,564.5918610095978,9.12981219032676,169.13272908020997,395.4591319293878,-1149.3643905559688,1713.9562515655666
1790.7580435567063,551.2488627433777,9.109757935716031,168.8497357477862,382.3991269955915,-1150.7271260167595,1701.9759887601372
1791.3940435682882,521.6976237297058,8.761477386655812,168.56674241536246,353.13088131434336,-1152.0898614775497,1673.7874852072555
1792.0300435798702,521.9557576179504,11.11677789501896,168.2837490829387,353.67200853501174,-1153.4525969383399,1675.4083545562903
1792.666043591452,506.64501440525055,8.9520008148723,168.00075575051505,338.6442586547355,-1154.81533239913,1661.4603468043806
1793.3020436030338,507.62299394607544,9.107200607736278,167.7177624180914,339.90523152798403,-1156.1780678599198,1663.8010618059952
1793.938043614616,487.7776765823364,8.965134340532419,167.43476908566754,320.3429074966689,-1157.5408033207104,1645.3184799030469
1794.5740436261979,514.489862203598,8.875500267452157,167.1517757532439,347.3380864503541,-1158.9035387815006,1673.3934009850987
1795.2100436377798,507.26516461372375,8.642081531957734,166.86878242082014,340.3963821929036,-1160.2662742422908,1667.5314388560146
1795.8460436493617,488.12843346595764,8.858707222208295,166.58578908839638,321.54264437756126,-1161.629009703081,1649.7574431690387
1796.4820436609434,470.55309319496155,8.611063820483679,166.30279575597274,304.2502974389888,-1162.9917451638707,1633.5448383588323
1797.1180436725256,484.59729504585266,8.621302214020806,166.01980242354898,318.5774926223037,-1164.3544806246614,1648.951775670514
1797.7540436841075,513.9331698417664,9.562967811769207,165.73680909112522,348.19636075064113,-1165.7172160854516,1679.650385927218
1798.3900436956894,435.7808825969696,17.515928693397687,165.45381575870147,270.32706683826814,-1167.0799515462418,1602.8608341432114
1799.0260437072714,492.7465463876724,10.114762179054026,165.17082242627782,327.5757239613946,-1168.442687007032,1661.1892333947044
1799.662043718853,510.32172775268555,8.811089256316913,164.88782909385418,345.43389865883137,-1169.8054224678217,1680.1271502205072
1800.2980437304352,510.45660519599915,8.835101808255903,164.6048357614303,345.85176943456884,-1171.1681579286123,1681.6247631246115
1800.9340437420171,458.1378116607666,9.578574846073517,164.32184242900655,293.81596923176005,-1172.530893389403,1630.6687050501696
1801.570043753599,454.84020924568176,9.12915926507024,164.0388490965829,290.80136014909885,-1173.8936288501932,1628.733838095875
1802.206043765181,452.7148371934891,9.38684370099521,163.75585576415915,288.9589814293299,-1175.2563643109834,1627.9712015044724
1802.8420437767627,475.1436462402344,9.261909188320457,163.4728624317355,311.67078380849887,-1176.619099771773,1651.7627460120075
1803.4780437883448,506.38345098495483,8.837735528894525,163.18986909931175,343.1935818856431,-1177.9818352325638,1684.3652862175186
1804.1140437999268,498.93019676208496,8.8398005607114,162.906875766888,336.02332099519697,-1179.344570693354,1678.274767455439
1804.7500438115087,479.5893301963806,8.442471216860143,162.62388243446424,316.9654477619164,-1180.7073061541441,1660.2966363505248
1805.3860438230906,480.2090013027191,8.581347405362198,162.34088910204048,317.86811220067864,-1182.0700416149343,1662.2790429176534
1806.0220438346723,438.38700771331787,8.683366732271443,162.05789576961695,276.3291119437009,-1183.432777075724,1621.819784789042
1806.6580438462545,473.52385902404785,8.657574003928575,161.77490243719308,311.7489565868548,-1184.7955125365147,1658.3193715605626
1807.2940438578364,455.1839702129364,8.614305489590953,161.49190910476932,293.6920611081671,-1186.158247997305,1641.3422182102413
1807.9300438694183,470.0176146030426,8.60380242897567,161.20891577234568,308.8086988306969,-1187.520983458095,1657.5385980611377
1808.5660438810003,499.7034344673157,9.19584314200722,160.92592243992192,338.77751202739375,-1188.8837189188853,1688.587153386201
1809.202043892582,471.3768861293793,9.1013950713216,160.64292910749828,310.733957021881,-1190.246454379675,1661.6233405090543
1809.8380439041641,464.19977021217346,8.65406869009007,160.35993577507452,303.83983443709894,-1191.6091898404657,1655.8089600526391
1810.474043915746,485.8326244354248,8.90384651580949,160.07694244265076,325.75568199277404,-1192.9719253012559,1678.8045497366807
1811.110043927328,509.6537036895752,8.675148933099033,159.793949110227,349.8597545793482,-1194.334660762046,1703.9883644516212
1811.74604393891,544.4094223976135,9.001377065100122,159.51095577780325,384.8984666198103,-1195.6973962228362,1740.1068186204498
1812.3820439504916,580.2504630088806,8.881514771708352,159.22796244537972,421.0225005635009,-1197.060131683626,1777.3105946925066
1813.0180439620738,557.0172951221466,9.250652119418703,158.94496911295585,398.07232600919076,-1198.422867144417,1755.4401622665637
1813.6540439736557,497.8306038379669,9.159025970973966,158.6619757805321,339.16862805743483,-1199.7856026052073,1697.6162064431742
1814.2900439852376,480.21332573890686,9.173659963152966,158.37898244810845,321.8343432907984,-1201.1483380659975,1681.3616638049043
1814.9260439968195,491.04454040527344,9.491207031405102,158.0959891156847,332.94855128958875,-1202.5110735267876,1693.555613932061
1815.5620440084012,522.3766601085663,10.29956427712591,157.81299578326104,364.56366432530524,-1203.8738089875774,1726.2504690961437
1816.1980440199834,510.3587644100189,9.64456855262922,157.53000245083717,352.82876195918175,-1205.236544448368,1715.595308858387
1816.8340440315653,458.08942514657974,10.060735610884928,157.24700911841353,300.8424160281662,-1206.5992799091582,1664.688705055738
1817.4700440431473,484.27265536785126,9.052864964410483,156.96401578598977,327.3086395818615,-1207.9620153699484,1692.2346707377997
1818.1060440547292,498.79217171669006,9.267885118176054,156.68102245356602,342.11114926312405,-1209.3247508307386,1708.1169225474287
1818.7420440663109,511.127436876297,10.088113681034455,156.39802912114237,354.7294077551546,-1210.6874862915283,1721.8149231678253
1819.378044077893,480.24114644527435,9.391862194035054,156.11503578871861,324.12611065655574,-1212.050221752319,1692.2913681975933
1820.014044089475,656.9551320075989,9.791959327289966,155.83204245629486,501.123089551304,-1213.4129572131092,1870.368089220708
1820.650044101057,803.9804148674011,9.414437014806458,155.5490491238711,648.43136574353,-1214.7756926738994,2018.7561075413005
1821.2860441126386,739.9542450904846,9.265891754064622,155.26605579144757,584.688189299037,-1216.138428134689,1956.0926732251737
1821.9220441242205,573.0462465286255,8.773320792370074,154.9830624590238,418.0631840696017,-1217.5011635954793,1790.5474101241048
1822.5580441358027,478.75930367410183,8.882923454140926,154.70006912659994,324.0592345475019,-1218.86389905627,1697.6232027303718
1823.1940441473846,495.4655830860138,8.943273468564373,154.4170757941763,341.0485072918375,-1220.2266345170601,1715.692217603074
1823.8300441589665,458.89707148075104,9.09954548140175,154.13408246175254,304.7629890189985,-1221.5893699778503,1680.4864414586013
1824.4660441705482,468.8561053276062,10.125951763210779,153.8510891293289,315.0050161982773,-1222.95210543864,1691.8082107662462
1825.1020441821302,489.65194058418274,8.969047261022665,153.56809579690514,336.0838447872776,-1224.3148408994307,1713.9667814836134
1825.7380441937123,486.2329137325287,8.781522988820303,153.28510246448138,332.9478112680473,-1225.6775763602213,1711.91049009275
1826.3740442052942,508.611958026886,8.81416538440223,153.00210913205763,355.60984889482836,-1227.0403118210115,1735.6522698478975
1827.0100442168762,523.6123054027557,8.68425832754688,152.71911579963387,370.89318960312187,-1228.4030472818017,1752.0153526845575
1827.6460442284579,480.8336374759674,9.278215354676286,152.43612246721023,328.3975150087572,-1229.7657827425915,1710.5994202185589
1828.2820442400398,506.05411970615387,9.909500260392544,152.15312913478658,353.9009905713673,-1231.1285182033816,1737.1826379095355
1828.918044251622,476.167605638504,9.159433080577097,151.8701358023627,324.2974698361413,-1232.4912536641723,1708.6588593026763
1829.5540442632039,522.67800116539,9.134613455645868,151.58714246993895,371.09085869545106,-1233.8539891249625,1756.5319902903525
1830.1900442747858,535.658050775528,8.805161154981185,151.3041491375153,384.35390163801264,-1235.2167245857527,1770.8747753612806
1830.8260442863675,496.6299650669098,8.942411361210413,151.02115580509167,345.6088092618181,-1236.5794600465424,1733.2094251134522
1831.4620442979494,475.64579916000366,10.35088159039026,150.7381624726679,324.90763668733575,-1237.9421955073326,1713.5879946673363
1832.0980443095316,468.6355884075165,9.236402906998652,150.45516914024415,318.1804192672723,-1239.3049309681232,1707.9405193756397
1832.7340443211135,502.9305651187897,9.107156262443928,150.1721758078204,352.7583893109693,-1240.6676664289134,1743.598231547703
1833.3700443326954,443.99556463956833,9.705637856034397,149.88918247539664,294.1063821641717,-1242.0304018897036,1686.025966529272
1834.0060443442771,383.95554768294096,11.396309948754057,149.606189142973,234.34935853996797,-1243.3931373504934,1627.3486850334343
1834.642044355859,461.63996934890747,10.651478545762371,149.32319581054935,312.3167735383581,-1244.7558728112836,1706.395842160191
1835.2780443674412,477.98904597759247,11.746928320464226,149.04020247812548,328.948843499467,-1246.1186082720742,1724.1076542496667
1835.9140443790232,493.46982526779175,9.33886620270731,148.75720914570172,344.71261612209,-1247.4813437328644,1740.9511690006561
1836.550044390605,521.1049401760101,9.304487827760715,148.47421581327808,372.63072436273205,-1248.844079193655,1769.9490193696652
1837.1860444021868,542.8428885936737,9.106036507513773,148.19122248085444,394.65166611281927,-1250.2068146544448,1793.0497032481185
1837.8220444137687,538.0821735858917,9.024967367320752,147.90822914843068,390.17394443746105,-1251.569550115235,1789.6517237011267
1838.4580444253509,629.6552987098694,9.248095594231838,147.6252358160068,482.0300628938626,-1252.9322855760256,1882.587584285895
1839.0940444369328,599.6443600654602,9.672718779822755,147.34224248358316,452.30211758187704,-1254.2950210368158,1853.939381102276
1839.7300444485147,472.961314201355,10.017114165425037,147.0592491511594,325.9020650501956,-1255.657756497606,1728.619070698961
1840.3660444600964,460.6790301799774,9.073057242874428,146.77625581873576,313.90277436124165,-1257.0204919583957,1717.6995221383731
1841.0020444716783,472.42080295085907,9.50174240292204,146.493262486312,325.92754046454706,-1258.383227419186,1730.804030370045
1841.6380444832605,496.69156098365784,9.27178781332099,146.21026915388825,350.4812918297696,-1259.7459628799766,1756.4375238636344
1842.2740444948424,467.5680470466614,8.914225854969745,145.9272758214645,321.6407712251969,-1261.1086983407668,1728.6767453874281
1842.9100445064244,487.1482162475586,9.118364115358524,145.64428248904073,341.50393375851786,-1262.471433801557,1749.6196500491155
1843.546044518006,477.4561738371849,10.816667922861507,145.3612891566172,332.0948846805677,-1263.8341692623467,1741.2903430995316
1844.182044529588,482.89760160446167,9.47166659453818,145.07829582419345,337.8193057802682,-1265.1969047231369,1748.0945063275985
1844.8180445411701,443.48384642601013,9.709385012933923,144.79530249176958,298.68854393424056,-1266.5596401839275,1710.0434866099376
1845.454044552752,479.29586958885193,9.467600512439967,144.51230915934593,334.783560429506,-1267.9223756447177,1747.2182452335696
1846.090044564334,503.379217505455,9.689835427922766,144.22931582692217,359.14990167853284,-1269.285111105508,1772.664328610963
1846.7260445759157,445.63557839393616,9.93673591932217,143.94632249449853,301.6892558994376,-1270.6478465662976,1716.2834249602338
1847.3620445874976,470.873831987381,9.717188944674456,143.66332916207477,327.2105028253062,-1272.0105820270878,1742.8844140144688
1847.9980445990798,520.789642572403,9.461913144075883,143.38033582965102,377.40930674275194,-1273.373317487879,1794.1629600602819
1848.6340446106617,482.7621829509735,9.22563146614649,143.09734249722726,339.66484045374625,-1274.736052948669,1757.4982358996426
1849.2700446222436,473.34146332740784,9.186299351212464,142.8143491648035,330.52711416260433,-1276.0987884094593,1749.4402517368671
1849.9060446338253,485.7467896938324,9.281264885562342,142.53135583237997,343.2154338614524,-1277.461523870249,1763.2083135640814
1850.5420446454073,465.9582312107086,9.36134034705793,142.24836249995622,323.7098687107524,-1278.8242593310392,1744.7824905417478
1851.1780446569894,460.18773651123047,9.334651686433771,141.96536916753234,318.2223673436981,-1280.1869947918299,1740.3747313030603
1851.8140446685713,478.51244258880615,9.394880386586674,141.6823758351086,336.83006675369757,-1281.54973025262,1760.0621728414262
1852.4500446801533,443.5966091156006,9.464826470393335,141.39938250268494,302.19722661291564,-1282.9124657134103,1726.5090748290108
1853.086044691735,464.05661503970623,9.93318118849187,141.1163891702613,322.94022586944493,-1284.2752011742,1748.3318162139062
1853.722044703317,484.95231080055237,9.453404376697957,140.83339583783754,344.1189149627148,-1285.6379366349902,1770.5902474355426
1854.358044714899,436.17592906951904,9.626072031041575,140.55040250541379,295.62552656410526,-1287.0006720957808,1723.1766011652999
1854.994044726481,463.12283074855804,9.397609701822443,140.26740917299003,322.855421575568,-1288.363407556571,1751.486238305129
1855.630044738063,473.7808281183243,9.701817787706709,139.98441584056627,333.796412277758,-1289.7261430173612,1763.5069711356855
1856.2660447496446,470.03783082962036,9.59840242690858,139.70142250814263,330.33640832147773,-1291.088878478151,1761.1267093077713
1856.9020447612265,470.42840814590454,9.923039602279825,139.41842917571898,331.00997897018556,-1292.4516139389411,1762.8800220848457
1857.5380447728087,502.8065679073334,10.250376583616932,139.1354358432951,363.67113206403826,-1293.8143493997318,1796.6209173070652
1858.1740447843904,504.0065634250641,9.733838821513967,138.85244251087147,365.1541209141926,-1295.1770848605215,1799.1836482855856
1858.8100447959725,482.16774237155914,9.790210520896258,138.5694491784477,343.59829319311143,-1296.5398203213122,1778.7075626928713
1859.4460448075542,478.6530456542969,9.471231235845336,138.28645584602407,340.3665898082728,-1297.902555782102,1776.5556014363988
1860.0820448191362,471.451642036438,9.427149773663908,138.0034625136003,333.4481795228377,-1299.265291242892,1770.71693327933
1860.7180448307183,439.7028396129608,9.502085468348536,137.72046918117655,301.98237043178426,-1300.6280267036832,1740.330866316644
1861.3540448423,446.02935715019703,10.062689746124335,137.4374758487529,308.5918813014441,-1301.990762164473,1748.02011931467
1861.9900448538822,458.3274086713791,9.583381247114977,137.15448251632904,321.17292615505005,-1303.3534976252636,1761.6809062966427
1862.6260448654639,449.3318450450897,9.662395044555566,136.8714891839054,312.4603558611843,-1304.7162330860533,1754.048078131143
1863.2620448770458,450.97452306747437,9.810068545320563,136.58849585148175,314.3860272159926,-1306.0789685468435,1757.0534916143179
1863.898044888628,457.27225255966187,9.959622796905988,136.30550251905788,320.966750040604,-1307.4417040076341,1764.713956567296
1864.5340449002097,464.8479571342468,10.161710880656166,136.02250918663424,328.8254479476126,-1308.8044394684239,1773.6523966026707
1865.1700449117916,496.34519052505493,10.115128258457707,135.73951585421048,360.60567467084445,-1310.167174929214,1806.512365454269
1865.8060449233735,522.746535897255,10.24228105763508,135.45652252178684,387.2900133754681,-1311.5299103900043,1834.2764462872592
1866.4420449349554,513.0801022052765,9.68305010809333,135.17352918936308,377.9065730159134,-1312.8926458507945,1825.972748056071
1867.0780449465376,490.83846378326416,9.8508935972956,134.8905358569392,355.94792792632495,-1314.255381311585,1805.0938450948493
1867.7140449581193,491.25948560237885,10.09738752922039,134.60754252451568,356.65194307786317,-1315.6181167723748,1806.8776023747537
1868.3500449697012,489.810644030571,9.90607249522876,134.32454919209192,355.48609483847906,-1316.980852233165,1806.791496263736
1868.9860449812832,464.1224819421768,9.98456536686787,134.04155585966816,330.08092608250865,-1318.3435876939552,1782.466069636132
1869.622044992865,516.5602474212646,9.866889507291075,133.7585625272444,382.80168489402024,-1319.7063231547454,1836.26657057601
1870.2580450044472,505.4727623462677,10.037942476713377,133.47556919482065,371.99719315144705,-1321.069058615536,1826.5418209618038
1870.894045016029,572.4018607139587,10.062154104553548,133.192575862397,439.20928485156173,-1322.4317940763258,1894.8336547902845
1871.5300450276109,627.1982095241547,10.249321736893604,132.90958252997325,494.2886269941814,-1323.794529537116,1950.9927390612706
1872.1660450391928,667.5259909629822,9.941628180621858,132.6265891975496,534.8994017654326,-1325.1572649979062,1992.6832559608883
1872.8020450507747,617.3980996608734,10.857316325463977,132.34359586512585,485.05450379574756,-1326.5200004586968,1943.9181001195702
1873.4380450623569,559.0989670753479,11.030241324994394,132.06060253270198,427.0383645426459,-1327.8827359194875,1886.9817029948354
1874.0740450739386,529.1142795085907,10.62026108001155,131.77760920027833,397.33667030831236,-1329.2454713802772,1858.359750888868
1874.7100450855205,498.32291531562805,10.986117177582654,131.4946158678547,366.82829944777336,-1330.6082068410674,1828.9311221566954
1875.3460450971024,510.1433916091919,10.252529060204012,131.21162253543093,378.93176907376096,-1331.9709423018576,1842.1143339110495
1875.9820451086844,512.1894164085388,9.935430795787296,130.92862920300718,381.26078720553164,-1333.3336777626478,1845.5230941711866
1876.6180451202665,563.3347208499908,10.60447739435456,130.64563587058342,432.6890849794074,-1334.6964132234384,1898.0311340734293
1877.2540451318482,1080.3917860984802,11.094109539119396,130.36264253815978,950.0291435603204,-1336.0591486842281,2416.4509347827084
1877.8900451434301,5230.178731918335,22.028778722986,130.07964920573602,5100.099082712599,-1337.4218841450183,6567.600616063353
1878.526045155012,11372.90446472168,43.67343919895578,129.79665587331226,11243.107808848368,-1338.7846196058085,12711.689084327489
1879.162045166594,7424.692628860474,24.35597336117309,129.51366254088862,7295.178966319585,-1340.1473550665987,8764.839983927071
1879.7980451781762,1722.3169832229614,11.95231495791285,129.23066920846475,1593.0863140144966,-1341.5100905273894,3063.827073750351
1880.4340451897579,607.6500570774078,10.113020742220872,128.9476758760411,478.70238120136673,-1342.872825988179,1950.522883065587
1881.0700452013398,513.2258183956146,10.607759447412905,128.66468254361746,384.56113585199716,-1344.2355614489693,1857.461379844584
1881.7060452129217,476.4023368358612,9.746290492830163,128.3816892111937,348.0206476246675,-1345.5982969097595,1822.0006337456207
1882.3420452245036,479.6453193426132,10.55660123337345,128.09869587876995,351.5466234638433,-1346.9610323705497,1826.606351713163
1882.9780452360858,517.7265520095825,10.01725307796872,127.81570254634619,389.91084946323633,-1348.3237678313403,1866.0503198409228
1883.6140452476675,535.7679090499878,9.879135351810227,127.53270921392254,408.23519983606525,-1349.68650329213,1885.4544123421178
1884.2500452592494,523.3319923877716,9.946327256648768,127.24971588149879,396.0822765062728,-1351.0492387529207,1874.3812311406923
1884.8860452708313,512.1771874427795,10.030680279417512,126.96672254907503,385.2104648937045,-1352.411974213711,1864.5891616564904
1885.5220452824133,506.11685967445374,9.966311840198816,126.68372921665139,379.43313045780235,-1353.774709674501,1859.8915693489548
1886.1580452939954,505.38450288772583,9.844189906526077,126.40073588422752,378.9837670034983,-1355.1374451352917,1860.5219480230176
1886.7940453055771,542.2059009075165,9.90391270421355,126.11774255180387,416.0881583557126,-1356.5001805960815,1898.706081503598
1887.430045317159,519.2842602729797,11.600726017761966,125.83474921938011,393.4495110535996,-1357.8629160568717,1877.1471763298514
1888.066045328741,467.3394364118576,9.892082866952379,125.55175588695647,341.78768052490113,-1359.2256515176618,1826.5650879295194
1888.702045340323,466.431261241436,9.955946136409667,125.26876255453271,341.1624986869033,-1360.588386978452,1827.019648219888
1889.338045351905,489.6920174360275,10.596037103478508,124.98576922210884,364.7062482139187,-1361.9511224392427,1851.6431398752702
1889.9740453634868,463.2945742532611,22.019066380652994,124.70277588968531,338.5917983635758,-1363.3138579000324,1826.6084321532935
